# WaveFront *.obj file (generated by Autodesk ATF)

mtllib Octagon Full.mtl

g Body1

v 5.006516 -11.688558 5.702855
v 5.006443 -11.688381 5.702679
v 6.120587 -14.378164 3.012895
v 6.120660 -14.378341 3.013072
v 14.378164 -6.120587 3.012895
v 14.378341 -6.120660 3.013072
v 11.688381 -5.006443 5.702679
v 11.688558 -5.006516 5.702855
vt -633.768265 570.285528 0.000000
vt -633.787399 570.267850 0.000000
vt -342.628247 301.307225 0.000000
vt -342.647382 301.289547 0.000000
vt 1168.420468 0.025000 0.000000
vt 0.622735 0.025000 0.000000
vt 1168.427791 0.000000 0.000000
vt 0.615413 0.000000 0.000000
vt 472.484406 190.196382 0.000000
vt -472.484406 190.196382 0.000000
vt 583.898867 -190.196382 0.000000
vt -583.898867 -190.196382 0.000000
vt 210.544339 301.289547 0.000000
vt 501.684357 570.267850 0.000000
vt 210.525205 301.307225 0.000000
vt 501.665222 570.285528 0.000000
vt 0.615413 -0.000000 0.000000
vt 945.598870 0.000000 0.000000
vt 0.622735 0.025000 0.000000
vt 945.591548 0.025000 0.000000
vt -190.196382 -472.491728 0.000000
vt 190.196382 -583.906189 0.000000
vt -190.196382 472.491728 0.000000
vt 190.196382 583.906189 0.000000
vn -92.387953 -38.268343 -0.000000
vn -92.387953 -38.268343 -0.000000
vn -92.387953 -38.268343 -0.000000
vn -92.387953 -38.268343 -0.000000
vn 50.000000 -50.000000 -70.710678
vn 50.000000 -50.000000 -70.710678
vn 50.000000 -50.000000 -70.710678
vn 50.000000 -50.000000 -70.710678
vn -50.000000 50.000000 -70.710678
vn -50.000000 50.000000 -70.710678
vn -50.000000 50.000000 -70.710678
vn -50.000000 50.000000 -70.710678
vn 38.268343 92.387953 0.000000
vn 38.268343 92.387953 0.000000
vn 38.268343 92.387953 0.000000
vn 38.268343 92.387953 0.000000
vn -50.000000 50.000000 70.710678
vn -50.000000 50.000000 70.710678
vn -50.000000 50.000000 70.710678
vn -50.000000 50.000000 70.710678
vn 50.000000 -50.000000 70.710678
vn 50.000000 -50.000000 70.710678
vn 50.000000 -50.000000 70.710678
vn 50.000000 -50.000000 70.710678
usemtl Panels
f 1/1/1 2/2/2 4/3/3
f 4/3/3 2/2/2 3/4/4
f 3/5/5 5/6/6 4/7/7
f 4/7/7 5/6/6 6/8/8
f 2/9/9 7/10/10 3/11/11
f 3/11/11 7/10/10 5/12/12
f 5/13/13 7/14/14 6/15/15
f 6/15/15 7/14/14 8/16/16
f 1/17/17 8/18/18 2/19/19
f 2/19/19 8/18/18 7/20/20
f 1/21/21 4/22/22 8/23/23
f 8/23/23 4/22/22 6/24/24
g Body2

v 3.803097 -8.783249 8.608164
v 3.803024 -8.783072 8.607988
v 4.917169 -11.472855 5.918205
v 4.917242 -11.473032 5.918381
v 11.472855 -4.917169 5.918205
v 11.473032 -4.917242 5.918381
v 8.783072 -3.803024 8.607988
v 8.783249 -3.803097 8.608164
vt -948.236663 860.816445 0.000000
vt -948.255798 860.798767 0.000000
vt -657.096646 591.838142 0.000000
vt -657.115781 591.820465 0.000000
vt 927.736777 0.025000 0.000000
vt 0.622735 0.025000 0.000000
vt 927.744099 0.000000 0.000000
vt 0.615413 0.000000 0.000000
vt 352.142560 190.196382 0.000000
vt -352.142560 190.196382 0.000000
vt 463.557021 -190.196382 0.000000
vt -463.557021 -190.196382 0.000000
vt 525.012738 591.820465 0.000000
vt 816.152755 860.798767 0.000000
vt 524.993604 591.838142 0.000000
vt 816.133621 860.816445 0.000000
vt 0.615413 -0.000000 0.000000
vt 704.915177 -0.000000 0.000000
vt 0.622735 0.025000 0.000000
vt 704.907855 0.025000 0.000000
vt -190.196382 -352.149882 0.000000
vt 190.196382 -463.564343 0.000000
vt -190.196382 352.149882 0.000000
vt 190.196382 463.564343 0.000000
vn -92.387953 -38.268343 -0.000000
vn -92.387953 -38.268343 -0.000000
vn -92.387953 -38.268343 -0.000000
vn -92.387953 -38.268343 -0.000000
vn 50.000000 -50.000000 -70.710678
vn 50.000000 -50.000000 -70.710678
vn 50.000000 -50.000000 -70.710678
vn 50.000000 -50.000000 -70.710678
vn -50.000000 50.000000 -70.710678
vn -50.000000 50.000000 -70.710678
vn -50.000000 50.000000 -70.710678
vn -50.000000 50.000000 -70.710678
vn 38.268343 92.387953 0.000000
vn 38.268343 92.387953 0.000000
vn 38.268343 92.387953 0.000000
vn 38.268343 92.387953 0.000000
vn -50.000000 50.000000 70.710678
vn -50.000000 50.000000 70.710678
vn -50.000000 50.000000 70.710678
vn -50.000000 50.000000 70.710678
vn 50.000000 -50.000000 70.710678
vn 50.000000 -50.000000 70.710678
vn 50.000000 -50.000000 70.710678
vn 50.000000 -50.000000 70.710678
f 9/25/25 10/26/26 12/27/27
f 12/27/27 10/26/26 11/28/28
f 11/29/29 13/30/30 12/31/31
f 12/31/31 13/30/30 14/32/32
f 10/33/33 15/34/34 11/35/35
f 11/35/35 15/34/34 13/36/36
f 13/37/37 15/38/38 14/39/39
f 14/39/39 15/38/38 16/40/40
f 9/41/41 16/42/42 10/43/43
f 10/43/43 16/42/42 15/44/44
f 9/45/45 12/46/46 16/47/47
f 16/47/47 12/46/46 14/48/48
g Body3

v 6.209934 -14.593867 2.797546
v 6.209861 -14.593690 2.797369
v 7.279369 -17.175710 0.215349
v 7.279442 -17.175887 0.215526
v 17.175710 -7.279369 0.215349
v 17.175887 -7.279442 0.215526
v 14.593690 -6.209861 2.797369
v 14.593867 -6.209934 2.797546
vt -319.299865 279.754610 0.000000
vt -319.318999 279.736933 0.000000
vt -39.824039 21.552615 0.000000
vt -39.843173 21.534937 0.000000
vt 1400.176776 0.025000 0.000000
vt 0.622735 0.025000 0.000000
vt 1400.184098 -0.000000 0.000000
vt 0.615413 0.000000 0.000000
vt 592.826254 182.576382 0.000000
vt -592.826254 182.576382 0.000000
vt 699.777022 -182.576382 0.000000
vt -699.777022 -182.576382 0.000000
vt -92.259869 21.534937 0.000000
vt 187.215957 279.736933 0.000000
vt -92.279003 21.552615 0.000000
vt 187.196823 279.754610 0.000000
vt 0.615413 0.000000 0.000000
vt 1186.282563 0.000000 0.000000
vt 0.622735 0.025000 0.000000
vt 1186.275241 0.025000 0.000000
vt -182.576382 -592.833574 0.000000
vt 182.576382 -699.784342 0.000000
vt -182.576382 592.833574 0.000000
vt 182.576382 699.784342 0.000000
vn -92.387953 -38.268343 -0.000000
vn -92.387953 -38.268343 -0.000000
vn -92.387953 -38.268343 -0.000000
vn -92.387953 -38.268343 -0.000000
vn 50.000000 -50.000000 -70.710678
vn 50.000000 -50.000000 -70.710678
vn 50.000000 -50.000000 -70.710678
vn 50.000000 -50.000000 -70.710678
vn -50.000000 50.000000 -70.710678
vn -50.000000 50.000000 -70.710678
vn -50.000000 50.000000 -70.710678
vn -50.000000 50.000000 -70.710678
vn 38.268343 92.387953 0.000000
vn 38.268343 92.387953 0.000000
vn 38.268343 92.387953 0.000000
vn 38.268343 92.387953 0.000000
vn -50.000000 50.000000 70.710678
vn -50.000000 50.000000 70.710678
vn -50.000000 50.000000 70.710678
vn -50.000000 50.000000 70.710678
vn 50.000000 -50.000000 70.710678
vn 50.000000 -50.000000 70.710678
vn 50.000000 -50.000000 70.710678
vn 50.000000 -50.000000 70.710678
f 17/49/49 18/50/50 20/51/51
f 20/51/51 18/50/50 19/52/52
f 19/53/53 21/54/54 20/55/55
f 20/55/55 21/54/54 22/56/56
f 18/57/57 23/58/58 19/59/59
f 19/59/59 23/58/58 21/60/60
f 21/61/61 23/62/62 22/63/63
f 22/63/63 23/62/62 24/64/64
f 17/65/65 24/66/66 18/67/67
f 18/67/67 24/66/66 23/68/68
f 17/69/69 20/70/70 24/71/71
f 24/71/71 20/70/70 22/72/72
g Body4

v 2.599679 -5.877940 11.513474
v 2.599606 -5.877763 11.513297
v 3.713750 -8.567546 8.823514
v 3.713823 -8.567723 8.823691
v 8.567546 -3.713750 8.823514
v 8.567723 -3.713823 8.823691
v 5.877763 -2.599606 11.513297
v 5.877940 -2.599679 11.513474
vt -1262.705061 1151.347362 0.000000
vt -1262.724195 1151.329685 0.000000
vt -971.565044 882.369060 0.000000
vt -971.584178 882.351382 0.000000
vt 687.053083 0.025000 0.000000
vt 0.622735 0.025000 0.000000
vt 687.060406 0.000000 0.000000
vt 0.615413 0.000000 0.000000
vt 231.800713 190.196382 0.000000
vt -231.800713 190.196382 0.000000
vt 343.215175 -190.196382 0.000000
vt -343.215175 -190.196382 0.000000
vt 839.481137 882.351382 0.000000
vt 1130.621154 1151.329685 0.000000
vt 839.462003 882.369060 0.000000
vt 1130.602020 1151.347362 0.000000
vt 0.615413 -0.000000 0.000000
vt 464.231484 -0.000000 0.000000
vt 0.622735 0.025000 0.000000
vt 464.224162 0.025000 0.000000
vt -190.196382 -231.808036 0.000000
vt 190.196382 -343.222497 0.000000
vt -190.196382 231.808036 0.000000
vt 190.196382 343.222497 0.000000
vn -92.387953 -38.268343 -0.000000
vn -92.387953 -38.268343 -0.000000
vn -92.387953 -38.268343 -0.000000
vn -92.387953 -38.268343 -0.000000
vn 50.000000 -50.000000 -70.710678
vn 50.000000 -50.000000 -70.710678
vn 50.000000 -50.000000 -70.710678
vn 50.000000 -50.000000 -70.710678
vn -50.000000 50.000000 -70.710678
vn -50.000000 50.000000 -70.710678
vn -50.000000 50.000000 -70.710678
vn -50.000000 50.000000 -70.710678
vn 38.268343 92.387953 0.000000
vn 38.268343 92.387953 0.000000
vn 38.268343 92.387953 0.000000
vn 38.268343 92.387953 0.000000
vn -50.000000 50.000000 70.710678
vn -50.000000 50.000000 70.710678
vn -50.000000 50.000000 70.710678
vn -50.000000 50.000000 70.710678
vn 50.000000 -50.000000 70.710678
vn 50.000000 -50.000000 70.710678
vn 50.000000 -50.000000 70.710678
vn 50.000000 -50.000000 70.710678
f 25/73/73 26/74/74 28/75/75
f 28/75/75 26/74/74 27/76/76
f 27/77/77 29/78/78 28/79/79
f 28/79/79 29/78/78 30/80/80
f 26/81/81 31/82/82 27/83/83
f 27/83/83 31/82/82 29/84/84
f 29/85/85 31/86/86 30/87/87
f 30/87/87 31/86/86 32/88/88
f 25/89/89 32/90/90 26/91/91
f 26/91/91 32/90/90 31/92/92
f 25/93/93 28/94/94 32/95/95
f 32/95/95 28/94/94 30/96/96
g Body4:1

v 4.546370 -11.374147 5.702855
v 4.635643 -11.589674 5.918381
v 4.724917 -11.805200 5.702855
v 4.635643 -11.589674 5.487329
v -4.724917 -11.805200 5.702855
v -4.635643 -11.589674 5.487329
v -4.635643 -11.589674 5.918381
v -4.546370 -11.374147 5.702855
vt 524.993603 591.838142 0.000000
vt 501.665221 570.285528 0.000000
vt 548.321985 570.285528 0.000000
vt 524.993603 548.732913 0.000000
vt 0.615413 0.000000 0.000000
vt 945.598869 0.000000 0.000000
vt 9.542798 30.480000 0.000000
vt 936.671484 30.480000 0.000000
vt 15.240000 472.491728 0.000000
vt -15.240000 463.564343 0.000000
vt 15.240000 -472.491728 0.000000
vt -15.240000 -463.564343 0.000000
vt -657.096646 548.732913 0.000000
vt -633.768264 570.285528 0.000000
vt -680.425028 570.285528 0.000000
vt -657.096646 591.838142 0.000000
vt 918.816713 30.480000 0.000000
vt 9.542798 30.480000 0.000000
vt 927.744099 -0.000000 0.000000
vt 0.615413 -0.000000 0.000000
vt -463.564343 -15.240000 0.000000
vt 463.564343 -15.240000 0.000000
vt -454.636958 15.240000 0.000000
vt 454.636958 15.240000 0.000000
vn 92.387953 38.268343 0.000000
vn 92.387953 38.268343 0.000000
vn 92.387953 38.268343 0.000000
vn 92.387953 38.268343 0.000000
vn -0.000000 -70.710678 -70.710678
vn -0.000000 -70.710678 -70.710678
vn -0.000000 -70.710678 -70.710678
vn -0.000000 -70.710678 -70.710678
vn 0.000000 -70.710678 70.710678
vn 0.000000 -70.710678 70.710678
vn 0.000000 -70.710678 70.710678
vn 0.000000 -70.710678 70.710678
vn -92.387953 38.268343 -0.000000
vn -92.387953 38.268343 -0.000000
vn -92.387953 38.268343 -0.000000
vn -92.387953 38.268343 -0.000000
vn 0.000000 70.710678 70.710678
vn 0.000000 70.710678 70.710678
vn 0.000000 70.710678 70.710678
vn 0.000000 70.710678 70.710678
vn 0.000000 70.710678 -70.710678
vn 0.000000 70.710678 -70.710678
vn 0.000000 70.710678 -70.710678
vn 0.000000 70.710678 -70.710678
usemtl Radial_Beams
f 34/97/97 35/98/98 33/99/99
f 33/99/99 35/98/98 36/100/100
f 35/101/101 37/102/102 36/103/103
f 36/103/103 37/102/102 38/104/104
f 35/105/105 34/106/106 37/107/107
f 37/107/107 34/106/106 39/108/108
f 38/109/109 37/110/110 40/111/111
f 40/111/111 37/110/110 39/112/112
f 33/113/113 40/114/114 34/115/115
f 34/115/115 40/114/114 39/116/116
f 36/117/117 38/118/118 33/119/119
f 33/119/119 38/118/118 40/120/120
g Body8

v 6.908570 -17.077003 0.000000
v 6.997843 -17.292529 0.215526
v 7.087117 -17.508055 0.000000
v 6.997843 -17.292529 -0.215526
v -7.087117 -17.508055 0.000000
v -6.997843 -17.292529 -0.215526
v -6.997843 -17.292529 0.215526
v -6.908570 -17.077003 0.000000
vt -92.279003 21.552615 0.000000
vt -115.607385 0.000000 0.000000
vt -68.950621 0.000000 0.000000
vt -92.279003 -21.552615 0.000000
vt 0.615413 -0.000000 0.000000
vt 1418.038869 -0.000000 0.000000
vt 9.542798 30.480000 0.000000
vt 1409.111484 30.480000 0.000000
vt 15.240000 708.711728 0.000000
vt -15.240000 699.784343 0.000000
vt 15.240000 -708.711728 0.000000
vt -15.240000 -699.784343 0.000000
vt -39.824039 -21.552615 0.000000
vt -16.495657 0.000000 0.000000
vt -63.152421 0.000000 0.000000
vt -39.824039 21.552615 0.000000
vt 1391.256713 30.480000 0.000000
vt 9.542798 30.480000 0.000000
vt 1400.184098 0.000000 0.000000
vt 0.615413 0.000000 0.000000
vt -699.784343 -15.240000 0.000000
vt 699.784343 -15.240000 0.000000
vt -690.856958 15.240000 0.000000
vt 690.856958 15.240000 0.000000
vn 92.387953 38.268343 0.000000
vn 92.387953 38.268343 0.000000
vn 92.387953 38.268343 0.000000
vn 92.387953 38.268343 0.000000
vn -0.000000 -70.710678 -70.710678
vn -0.000000 -70.710678 -70.710678
vn -0.000000 -70.710678 -70.710678
vn -0.000000 -70.710678 -70.710678
vn 0.000000 -70.710678 70.710678
vn 0.000000 -70.710678 70.710678
vn 0.000000 -70.710678 70.710678
vn 0.000000 -70.710678 70.710678
vn -92.387953 38.268343 -0.000000
vn -92.387953 38.268343 -0.000000
vn -92.387953 38.268343 -0.000000
vn -92.387953 38.268343 -0.000000
vn 0.000000 70.710678 70.710678
vn 0.000000 70.710678 70.710678
vn 0.000000 70.710678 70.710678
vn 0.000000 70.710678 70.710678
vn 0.000000 70.710678 -70.710678
vn 0.000000 70.710678 -70.710678
vn 0.000000 70.710678 -70.710678
vn 0.000000 70.710678 -70.710678
f 42/121/121 43/122/122 41/123/123
f 41/123/123 43/122/122 44/124/124
f 43/125/125 45/126/126 44/127/127
f 44/127/127 45/126/126 46/128/128
f 43/129/129 42/130/130 45/131/131
f 45/131/131 42/130/130 47/132/132
f 46/133/133 45/134/134 48/135/135
f 48/135/135 45/134/134 47/136/136
f 41/137/137 48/138/138 42/139/139
f 42/139/139 48/138/138 47/140/140
f 44/141/141 46/142/142 41/143/143
f 41/143/143 46/142/142 48/144/144
g Body5

v 3.342951 -8.468838 8.608164
v 3.432225 -8.684364 8.823691
v 3.521499 -8.899891 8.608164
v 3.432225 -8.684364 8.392638
v -3.521499 -8.899891 8.608164
v -3.432225 -8.684364 8.392638
v -3.432225 -8.684364 8.823691
v -3.342951 -8.468838 8.608164
vt 839.462003 882.369060 0.000000
vt 816.133621 860.816445 0.000000
vt 862.790385 860.816445 0.000000
vt 839.462003 839.263830 0.000000
vt 0.615413 0.000000 0.000000
vt 704.915177 0.000000 0.000000
vt 9.542798 30.480000 0.000000
vt 695.987791 30.480000 0.000000
vt 15.240000 352.149882 0.000000
vt -15.240000 343.222497 0.000000
vt 15.240000 -352.149882 0.000000
vt -15.240000 -343.222497 0.000000
vt -971.565044 839.263830 0.000000
vt -948.236662 860.816445 0.000000
vt -994.893426 860.816445 0.000000
vt -971.565044 882.369060 0.000000
vt 678.133021 30.480000 0.000000
vt 9.542798 30.480000 0.000000
vt 687.060406 -0.000000 0.000000
vt 0.615413 -0.000000 0.000000
vt -343.222497 -15.240000 0.000000
vt 343.222497 -15.240000 0.000000
vt -334.295111 15.240000 0.000000
vt 334.295111 15.240000 0.000000
vn 92.387953 38.268343 0.000000
vn 92.387953 38.268343 0.000000
vn 92.387953 38.268343 0.000000
vn 92.387953 38.268343 0.000000
vn -0.000000 -70.710678 -70.710678
vn -0.000000 -70.710678 -70.710678
vn -0.000000 -70.710678 -70.710678
vn -0.000000 -70.710678 -70.710678
vn 0.000000 -70.710678 70.710678
vn 0.000000 -70.710678 70.710678
vn 0.000000 -70.710678 70.710678
vn 0.000000 -70.710678 70.710678
vn -92.387953 38.268343 -0.000000
vn -92.387953 38.268343 -0.000000
vn -92.387953 38.268343 -0.000000
vn -92.387953 38.268343 -0.000000
vn 0.000000 70.710678 70.710678
vn 0.000000 70.710678 70.710678
vn 0.000000 70.710678 70.710678
vn 0.000000 70.710678 70.710678
vn 0.000000 70.710678 -70.710678
vn 0.000000 70.710678 -70.710678
vn 0.000000 70.710678 -70.710678
vn 0.000000 70.710678 -70.710678
f 50/145/145 51/146/146 49/147/147
f 49/147/147 51/146/146 52/148/148
f 51/149/149 53/150/150 52/151/151
f 52/151/151 53/150/150 54/152/152
f 51/153/153 50/154/154 53/155/155
f 53/155/155 50/154/154 55/156/156
f 54/157/157 53/158/158 56/159/159
f 56/159/159 53/158/158 55/160/160
f 49/161/161 56/162/162 50/163/163
f 50/163/163 56/162/162 55/164/164
f 52/165/165 54/166/166 49/167/167
f 49/167/167 54/166/166 56/168/168
g Body7

v 2.139533 -5.563529 11.513474
v 2.184170 -5.671292 11.621237
v 2.307263 -5.968467 11.539588
v 2.318080 -5.994581 11.513474
v 2.228807 -5.779055 11.297947
v -2.318080 -5.994581 11.513474
v -2.228807 -5.779055 11.297947
v 2.184170 -5.779055 11.729000
v -2.184170 -5.779055 11.729000
v -2.307263 -5.968467 11.539588
v -2.184170 -5.671292 11.621237
v -2.139533 -5.563529 11.513474
vt 1165.594592 1162.123670 0.000000
vt 1133.428617 1153.958799 0.000000
vt 1177.258783 1151.347362 0.000000
vt 1153.930401 1129.794748 0.000000
vt 1130.602019 1151.347362 0.000000
vt 0.615413 -0.000000 0.000000
vt 464.231484 0.000000 0.000000
vt 9.542798 30.480000 0.000000
vt 455.304099 30.480000 0.000000
vt 15.240000 231.808036 0.000000
vt 11.546872 230.726343 0.000000
vt 15.240000 -231.808036 0.000000
vt 11.546872 -230.726343 0.000000
vt -15.240000 -218.416958 0.000000
vt -15.240000 218.416958 0.000000
vt -1297.697634 1162.123670 0.000000
vt -1309.361825 1151.347362 0.000000
vt -1265.531659 1153.958799 0.000000
vt -1286.033443 1129.794748 0.000000
vt -1262.705061 1151.347362 0.000000
vt -222.880650 -15.240000 0.000000
vt 222.880650 -15.240000 0.000000
vt -213.953265 15.240000 0.000000
vt 213.953265 15.240000 0.000000
vt 29.479781 0.000000 0.000000
vt 0.000000 15.240000 0.000000
vt -0.000000 0.000000 0.000000
vt 432.370222 30.480000 0.000000
vt 4.463693 30.480000 0.000000
vt 436.833915 15.240000 0.000000
vt 0.000000 15.240000 0.000000
vt 436.833915 -0.000000 0.000000
vt 0.000000 -0.000000 0.000000
vt 33.544183 15.240000 0.000000
vt 4.064402 0.000000 0.000000
vt 33.544183 0.000000 0.000000
vn 92.387953 38.268343 0.000000
vn 92.387953 38.268343 0.000000
vn 92.387953 38.268343 0.000000
vn 92.387953 38.268343 0.000000
vn 92.387953 38.268343 0.000000
vn -0.000000 -70.710678 -70.710678
vn -0.000000 -70.710678 -70.710678
vn -0.000000 -70.710678 -70.710678
vn -0.000000 -70.710678 -70.710678
vn -0.000000 -70.710678 70.710678
vn -0.000000 -70.710678 70.710678
vn -0.000000 -70.710678 70.710678
vn -0.000000 -70.710678 70.710678
vn -0.000000 -70.710678 70.710678
vn -0.000000 -70.710678 70.710678
vn -92.387953 38.268343 -0.000000
vn -92.387953 38.268343 -0.000000
vn -92.387953 38.268343 -0.000000
vn -92.387953 38.268343 -0.000000
vn -92.387953 38.268343 -0.000000
vn 0.000000 70.710678 -70.710678
vn 0.000000 70.710678 -70.710678
vn 0.000000 70.710678 -70.710678
vn 0.000000 70.710678 -70.710678
vn 90.865234 29.525491 29.525491
vn 90.865234 29.525491 29.525491
vn 90.865234 29.525491 29.525491
vn 0.000000 70.710678 70.710678
vn 0.000000 70.710678 70.710678
vn 0.000000 70.710678 70.710678
vn 0.000000 70.710678 70.710678
vn 0.000000 70.710678 70.710678
vn 0.000000 70.710678 70.710678
vn -90.865234 29.525491 29.525491
vn -90.865234 29.525491 29.525491
vn -90.865234 29.525491 29.525491
f 58/169/169 59/170/170 57/171/171
f 57/171/171 59/170/170 61/172/172
f 61/172/172 59/170/170 60/173/173
f 60/174/174 62/175/175 61/176/176
f 61/176/176 62/175/175 63/177/177
f 60/178/178 59/179/179 62/180/180
f 62/180/180 59/179/179 66/181/181
f 66/181/181 59/179/179 65/182/182
f 65/182/182 59/179/179 64/183/183
f 67/184/184 68/185/185 66/186/186
f 66/186/186 68/185/185 63/187/187
f 66/186/186 63/187/187 62/188/188
f 61/189/189 63/190/190 57/191/191
f 57/191/191 63/190/190 68/192/192
f 59/193/193 58/194/194 64/195/195
f 57/196/196 68/197/197 58/198/198
f 58/198/198 68/197/197 67/199/199
f 58/198/198 67/199/199 64/200/200
f 64/200/200 67/199/199 65/201/201
f 67/202/202 66/203/203 65/204/204
g Body6

v 5.749788 -14.279457 2.797546
v 5.839062 -14.494983 3.013072
v 5.928336 -14.710509 2.797546
v 5.839062 -14.494983 2.582020
v -5.928336 -14.710509 2.797546
v -5.839062 -14.494983 2.582020
v -5.839062 -14.494983 3.013072
v -5.749788 -14.279457 2.797546
vt 210.525205 301.307225 0.000000
vt 187.196823 279.754610 0.000000
vt 233.853587 279.754610 0.000000
vt 210.525205 258.201995 0.000000
vt 0.615413 -0.000000 0.000000
vt 1186.282562 -0.000000 0.000000
vt 9.542798 30.480000 0.000000
vt 1177.355176 30.480000 0.000000
vt 15.240000 592.833575 0.000000
vt -15.240000 583.906189 0.000000
vt 15.240000 -592.833575 0.000000
vt -15.240000 -583.906189 0.000000
vt -342.628247 258.201995 0.000000
vt -319.299865 279.754610 0.000000
vt -365.956630 279.754610 0.000000
vt -342.628247 301.307225 0.000000
vt 1159.500406 30.480000 0.000000
vt 9.542798 30.480000 0.000000
vt 1168.427791 0.000000 0.000000
vt 0.615413 0.000000 0.000000
vt -583.906189 -15.240000 0.000000
vt 583.906189 -15.240000 0.000000
vt -574.978804 15.240000 0.000000
vt 574.978804 15.240000 0.000000
vn 92.387953 38.268343 0.000000
vn 92.387953 38.268343 0.000000
vn 92.387953 38.268343 0.000000
vn 92.387953 38.268343 0.000000
vn -0.000000 -70.710678 -70.710678
vn -0.000000 -70.710678 -70.710678
vn -0.000000 -70.710678 -70.710678
vn -0.000000 -70.710678 -70.710678
vn 0.000000 -70.710678 70.710678
vn 0.000000 -70.710678 70.710678
vn 0.000000 -70.710678 70.710678
vn 0.000000 -70.710678 70.710678
vn -92.387953 38.268343 -0.000000
vn -92.387953 38.268343 -0.000000
vn -92.387953 38.268343 -0.000000
vn -92.387953 38.268343 -0.000000
vn 0.000000 70.710678 70.710678
vn 0.000000 70.710678 70.710678
vn 0.000000 70.710678 70.710678
vn 0.000000 70.710678 70.710678
vn 0.000000 70.710678 -70.710678
vn 0.000000 70.710678 -70.710678
vn 0.000000 70.710678 -70.710678
vn 0.000000 70.710678 -70.710678
f 70/205/205 71/206/206 69/207/207
f 69/207/207 71/206/206 72/208/208
f 71/209/209 73/210/210 72/211/211
f 72/211/211 73/210/210 74/212/212
f 71/213/213 70/214/214 73/215/215
f 73/215/215 70/214/214 75/216/216
f 74/217/217 73/218/218 76/219/219
f 76/219/219 73/218/218 75/220/220
f 69/221/221 76/222/222 70/223/223
f 70/223/223 76/222/222 75/224/224
f 72/225/225 74/226/226 69/227/227
f 69/227/227 74/226/226 76/228/228
g Body9

v -2.318080 -5.994581 11.513474
v -2.318007 -5.994405 11.513297
v -3.432152 -8.684188 8.823514
v -3.432225 -8.684364 8.823691
v 3.432152 -8.684188 8.823514
v 3.432225 -8.684364 8.823691
v 2.318007 -5.994405 11.513297
v 2.318080 -5.994581 11.513474
vt -1262.705064 1151.347362 0.000000
vt -1262.724198 1151.329685 0.000000
vt -971.565046 882.369060 0.000000
vt -971.584180 882.351382 0.000000
vt 687.053084 0.025000 0.000000
vt 0.622735 0.025000 0.000000
vt 687.060406 0.000000 0.000000
vt 0.615413 0.000000 0.000000
vt 231.800713 190.196382 0.000000
vt -231.800713 190.196382 0.000000
vt 343.215174 -190.196382 0.000000
vt -343.215174 -190.196382 0.000000
vt 839.481137 882.351382 0.000000
vt 1130.621154 1151.329685 0.000000
vt 839.462003 882.369060 0.000000
vt 1130.602020 1151.347362 0.000000
vt 0.615413 0.000000 0.000000
vt 464.231484 -0.000000 0.000000
vt 0.622735 0.025000 0.000000
vt 464.224162 0.025000 0.000000
vt -190.196382 -231.808036 0.000000
vt 190.196382 -343.222497 0.000000
vt -190.196382 231.808036 0.000000
vt 190.196382 343.222497 0.000000
vn -92.387953 38.268343 -0.000000
vn -92.387953 38.268343 -0.000000
vn -92.387953 38.268343 -0.000000
vn -92.387953 38.268343 -0.000000
vn -0.000000 -70.710678 -70.710678
vn -0.000000 -70.710678 -70.710678
vn -0.000000 -70.710678 -70.710678
vn -0.000000 -70.710678 -70.710678
vn 0.000000 70.710678 -70.710678
vn 0.000000 70.710678 -70.710678
vn 0.000000 70.710678 -70.710678
vn 0.000000 70.710678 -70.710678
vn 92.387953 38.268343 0.000000
vn 92.387953 38.268343 0.000000
vn 92.387953 38.268343 0.000000
vn 92.387953 38.268343 0.000000
vn 0.000000 70.710678 70.710678
vn 0.000000 70.710678 70.710678
vn 0.000000 70.710678 70.710678
vn 0.000000 70.710678 70.710678
vn 0.000000 -70.710678 70.710678
vn 0.000000 -70.710678 70.710678
vn 0.000000 -70.710678 70.710678
vn 0.000000 -70.710678 70.710678
usemtl Panels
f 77/229/229 78/230/230 80/231/231
f 80/231/231 78/230/230 79/232/232
f 79/233/233 81/234/234 80/235/235
f 80/235/235 81/234/234 82/236/236
f 78/237/237 83/238/238 79/239/239
f 79/239/239 83/238/238 81/240/240
f 81/241/241 83/242/242 82/243/243
f 82/243/243 83/242/242 84/244/244
f 77/245/245 84/246/246 78/247/247
f 78/247/247 84/246/246 83/248/248
f 77/249/249 80/250/250 84/251/251
f 84/251/251 80/250/250 82/252/252
g Body10

v -5.928336 -14.710509 2.797546
v -5.928263 -14.710332 2.797369
v -6.997770 -17.292352 0.215349
v -6.997843 -17.292529 0.215526
v 6.997770 -17.292352 0.215349
v 6.997843 -17.292529 0.215526
v 5.928263 -14.710332 2.797369
v 5.928336 -14.710509 2.797546
vt -319.299865 279.754610 0.000000
vt -319.318999 279.736933 0.000000
vt -39.824039 21.552615 0.000000
vt -39.843173 21.534937 0.000000
vt 1400.176776 0.025000 0.000000
vt 0.622735 0.025000 0.000000
vt 1400.184098 -0.000000 0.000000
vt 0.615413 -0.000000 0.000000
vt 592.826252 182.576382 0.000000
vt -592.826252 182.576382 0.000000
vt 699.777021 -182.576382 0.000000
vt -699.777021 -182.576382 0.000000
vt -92.259869 21.534937 0.000000
vt 187.215957 279.736933 0.000000
vt -92.279003 21.552615 0.000000
vt 187.196823 279.754610 0.000000
vt 0.615413 0.000000 0.000000
vt 1186.282562 0.000000 0.000000
vt 0.622735 0.025000 0.000000
vt 1186.275239 0.025000 0.000000
vt -182.576382 -592.833575 0.000000
vt 182.576382 -699.784343 0.000000
vt -182.576382 592.833575 0.000000
vt 182.576382 699.784343 0.000000
vn -92.387953 38.268343 -0.000000
vn -92.387953 38.268343 -0.000000
vn -92.387953 38.268343 -0.000000
vn -92.387953 38.268343 -0.000000
vn -0.000000 -70.710678 -70.710678
vn -0.000000 -70.710678 -70.710678
vn -0.000000 -70.710678 -70.710678
vn -0.000000 -70.710678 -70.710678
vn 0.000000 70.710678 -70.710678
vn 0.000000 70.710678 -70.710678
vn 0.000000 70.710678 -70.710678
vn 0.000000 70.710678 -70.710678
vn 92.387953 38.268343 0.000000
vn 92.387953 38.268343 0.000000
vn 92.387953 38.268343 0.000000
vn 92.387953 38.268343 0.000000
vn 0.000000 70.710678 70.710678
vn 0.000000 70.710678 70.710678
vn 0.000000 70.710678 70.710678
vn 0.000000 70.710678 70.710678
vn 0.000000 -70.710678 70.710678
vn 0.000000 -70.710678 70.710678
vn 0.000000 -70.710678 70.710678
vn 0.000000 -70.710678 70.710678
f 85/253/253 86/254/254 88/255/255
f 88/255/255 86/254/254 87/256/256
f 87/257/257 89/258/258 88/259/259
f 88/259/259 89/258/258 90/260/260
f 86/261/261 91/262/262 87/263/263
f 87/263/263 91/262/262 89/264/264
f 89/265/265 91/266/266 90/267/267
f 90/267/267 91/266/266 92/268/268
f 85/269/269 92/270/270 86/271/271
f 86/271/271 92/270/270 91/272/272
f 85/273/273 88/274/274 92/275/275
f 92/275/275 88/274/274 90/276/276
g Body11

v -3.521499 -8.899891 8.608164
v -3.521426 -8.899714 8.607988
v -4.635570 -11.589497 5.918205
v -4.635643 -11.589674 5.918381
v 4.635570 -11.589497 5.918205
v 4.635643 -11.589674 5.918381
v 3.521426 -8.899714 8.607988
v 3.521499 -8.899891 8.608164
vt -948.236662 860.816445 0.000000
vt -948.255797 860.798767 0.000000
vt -657.096646 591.838142 0.000000
vt -657.115780 591.820465 0.000000
vt 927.736776 0.025000 0.000000
vt 0.622735 0.025000 0.000000
vt 927.744099 0.000000 0.000000
vt 0.615413 0.000000 0.000000
vt 352.142560 190.196382 0.000000
vt -352.142560 190.196382 0.000000
vt 463.557021 -190.196382 0.000000
vt -463.557021 -190.196382 0.000000
vt 525.012739 591.820465 0.000000
vt 816.152756 860.798767 0.000000
vt 524.993604 591.838142 0.000000
vt 816.133622 860.816445 0.000000
vt 0.615413 -0.000000 0.000000
vt 704.915177 -0.000000 0.000000
vt 0.622735 0.025000 0.000000
vt 704.907854 0.025000 0.000000
vt -190.196382 -352.149882 0.000000
vt 190.196382 -463.564343 0.000000
vt -190.196382 352.149882 0.000000
vt 190.196382 463.564343 0.000000
vn -92.387953 38.268343 -0.000000
vn -92.387953 38.268343 -0.000000
vn -92.387953 38.268343 -0.000000
vn -92.387953 38.268343 -0.000000
vn -0.000000 -70.710678 -70.710678
vn -0.000000 -70.710678 -70.710678
vn -0.000000 -70.710678 -70.710678
vn -0.000000 -70.710678 -70.710678
vn 0.000000 70.710678 -70.710678
vn 0.000000 70.710678 -70.710678
vn 0.000000 70.710678 -70.710678
vn 0.000000 70.710678 -70.710678
vn 92.387953 38.268343 0.000000
vn 92.387953 38.268343 0.000000
vn 92.387953 38.268343 0.000000
vn 92.387953 38.268343 0.000000
vn 0.000000 70.710678 70.710678
vn 0.000000 70.710678 70.710678
vn 0.000000 70.710678 70.710678
vn 0.000000 70.710678 70.710678
vn 0.000000 -70.710678 70.710678
vn 0.000000 -70.710678 70.710678
vn 0.000000 -70.710678 70.710678
vn 0.000000 -70.710678 70.710678
f 93/277/277 94/278/278 96/279/279
f 96/279/279 94/278/278 95/280/280
f 95/281/281 97/282/282 96/283/283
f 96/283/283 97/282/282 98/284/284
f 94/285/285 99/286/286 95/287/287
f 95/287/287 99/286/286 97/288/288
f 97/289/289 99/290/290 98/291/291
f 98/291/291 99/290/290 100/292/292
f 93/293/293 100/294/294 94/295/295
f 94/295/295 100/294/294 99/296/296
f 93/297/297 96/298/298 100/299/299
f 100/299/299 96/298/298 98/300/300
g Body12

v -4.724917 -11.805200 5.702855
v -4.724844 -11.805023 5.702679
v -5.838989 -14.494806 3.012895
v -5.839062 -14.494983 3.013072
v 5.838989 -14.494806 3.012895
v 5.839062 -14.494983 3.013072
v 4.724844 -11.805023 5.702679
v 4.724917 -11.805200 5.702855
vt -633.768264 570.285528 0.000000
vt -633.787398 570.267850 0.000000
vt -342.628247 301.307225 0.000000
vt -342.647381 301.289547 0.000000
vt 1168.420469 0.025000 0.000000
vt 0.622735 0.025000 0.000000
vt 1168.427791 -0.000000 0.000000
vt 0.615413 -0.000000 0.000000
vt 472.484406 190.196382 0.000000
vt -472.484406 190.196382 0.000000
vt 583.898867 -190.196382 0.000000
vt -583.898867 -190.196382 0.000000
vt 210.544339 301.289547 0.000000
vt 501.684357 570.267850 0.000000
vt 210.525205 301.307225 0.000000
vt 501.665222 570.285528 0.000000
vt 0.615413 -0.000000 0.000000
vt 945.598869 -0.000000 0.000000
vt 0.622735 0.025000 0.000000
vt 945.591547 0.025000 0.000000
vt -190.196382 -472.491728 0.000000
vt 190.196382 -583.906189 0.000000
vt -190.196382 472.491728 0.000000
vt 190.196382 583.906189 0.000000
vn -92.387953 38.268343 -0.000000
vn -92.387953 38.268343 -0.000000
vn -92.387953 38.268343 -0.000000
vn -92.387953 38.268343 -0.000000
vn -0.000000 -70.710678 -70.710678
vn -0.000000 -70.710678 -70.710678
vn -0.000000 -70.710678 -70.710678
vn -0.000000 -70.710678 -70.710678
vn 0.000000 70.710678 -70.710678
vn 0.000000 70.710678 -70.710678
vn 0.000000 70.710678 -70.710678
vn 0.000000 70.710678 -70.710678
vn 92.387953 38.268343 0.000000
vn 92.387953 38.268343 0.000000
vn 92.387953 38.268343 0.000000
vn 92.387953 38.268343 0.000000
vn 0.000000 70.710678 70.710678
vn 0.000000 70.710678 70.710678
vn 0.000000 70.710678 70.710678
vn 0.000000 70.710678 70.710678
vn 0.000000 -70.710678 70.710678
vn 0.000000 -70.710678 70.710678
vn 0.000000 -70.710678 70.710678
vn 0.000000 -70.710678 70.710678
f 101/301/301 102/302/302 104/303/303
f 104/303/303 102/302/302 103/304/304
f 103/305/305 105/306/306 104/307/307
f 104/307/307 105/306/306 106/308/308
f 102/309/309 107/310/310 103/311/311
f 103/311/311 107/310/310 105/312/312
f 105/313/313 107/314/314 106/315/315
f 106/315/315 107/314/314 108/316/316
f 101/317/317 108/318/318 102/319/319
f 102/319/319 108/318/318 107/320/320
f 101/321/321 104/322/322 108/323/323
f 108/323/323 104/322/322 106/324/324
g Body44

v 11.257506 -4.827968 5.702855
v 11.473032 -4.917242 5.918381
v 11.688558 -5.006516 5.702855
v 11.473032 -4.917242 5.487329
v 5.006516 -11.688558 5.702855
v 4.917242 -11.473032 5.487329
v 4.917242 -11.473032 5.918381
v 4.827968 -11.257506 5.702855
vt 524.993603 591.838142 0.000000
vt 501.665221 570.285528 0.000000
vt 548.321985 570.285528 0.000000
vt 524.993603 548.732913 0.000000
vt 0.615413 0.000000 0.000000
vt 945.598869 -0.000000 0.000000
vt 9.542798 30.480000 0.000000
vt 936.671483 30.480000 0.000000
vt 15.240000 472.491728 0.000000
vt -15.240000 463.564343 0.000000
vt 15.240000 -472.491728 0.000000
vt -15.240000 -463.564343 0.000000
vt -657.096644 548.732913 0.000000
vt -633.768262 570.285528 0.000000
vt -680.425026 570.285528 0.000000
vt -657.096644 591.838142 0.000000
vt 918.816713 30.480000 0.000000
vt 9.542798 30.480000 0.000000
vt 927.744098 -0.000000 0.000000
vt 0.615413 -0.000000 0.000000
vt -463.564343 -15.240000 0.000000
vt 463.564343 -15.240000 0.000000
vt -454.636957 15.240000 0.000000
vt 454.636957 15.240000 0.000000
vn 38.268343 92.387953 0.000000
vn 38.268343 92.387953 0.000000
vn 38.268343 92.387953 0.000000
vn 38.268343 92.387953 0.000000
vn 50.000000 -50.000000 -70.710678
vn 50.000000 -50.000000 -70.710678
vn 50.000000 -50.000000 -70.710678
vn 50.000000 -50.000000 -70.710678
vn 50.000000 -50.000000 70.710678
vn 50.000000 -50.000000 70.710678
vn 50.000000 -50.000000 70.710678
vn 50.000000 -50.000000 70.710678
vn -92.387953 -38.268343 -0.000000
vn -92.387953 -38.268343 -0.000000
vn -92.387953 -38.268343 -0.000000
vn -92.387953 -38.268343 -0.000000
vn -50.000000 50.000000 70.710678
vn -50.000000 50.000000 70.710678
vn -50.000000 50.000000 70.710678
vn -50.000000 50.000000 70.710678
vn -50.000000 50.000000 -70.710678
vn -50.000000 50.000000 -70.710678
vn -50.000000 50.000000 -70.710678
vn -50.000000 50.000000 -70.710678
usemtl Radial_Beams
f 110/325/325 111/326/326 109/327/327
f 109/327/327 111/326/326 112/328/328
f 111/329/329 113/330/330 112/331/331
f 112/331/331 113/330/330 114/332/332
f 111/333/333 110/334/334 113/335/335
f 113/335/335 110/334/334 115/336/336
f 114/337/337 113/338/338 116/339/339
f 116/339/339 113/338/338 115/340/340
f 109/341/341 116/342/342 110/343/343
f 110/343/343 116/342/342 115/344/344
f 112/345/345 114/346/346 109/347/347
f 109/347/347 114/346/346 116/348/348
g Body37

v -4.827968 -11.257506 5.702855
v -4.917242 -11.473032 5.918381
v -5.006516 -11.688558 5.702855
v -4.917242 -11.473032 5.487329
v -11.688558 -5.006516 5.702855
v -11.473032 -4.917242 5.487329
v -11.473032 -4.917242 5.918381
v -11.257506 -4.827968 5.702855
vt 524.993603 591.838142 0.000000
vt 501.665221 570.285528 0.000000
vt 548.321985 570.285528 0.000000
vt 524.993603 548.732913 0.000000
vt 0.615413 0.000000 0.000000
vt 945.598869 -0.000000 0.000000
vt 9.542798 30.480000 0.000000
vt 936.671483 30.480000 0.000000
vt 15.240000 472.491728 0.000000
vt -15.240000 463.564343 0.000000
vt 15.240000 -472.491728 0.000000
vt -15.240000 -463.564343 0.000000
vt -657.096644 548.732913 0.000000
vt -633.768262 570.285528 0.000000
vt -680.425026 570.285528 0.000000
vt -657.096644 591.838142 0.000000
vt 918.816713 30.480000 0.000000
vt 9.542798 30.480000 0.000000
vt 927.744098 -0.000000 0.000000
vt 0.615413 -0.000000 0.000000
vt -463.564343 -15.240000 0.000000
vt 463.564343 -15.240000 0.000000
vt -454.636957 15.240000 0.000000
vt 454.636957 15.240000 0.000000
vn 92.387953 -38.268343 0.000000
vn 92.387953 -38.268343 0.000000
vn 92.387953 -38.268343 0.000000
vn 92.387953 -38.268343 0.000000
vn -50.000000 -50.000000 -70.710678
vn -50.000000 -50.000000 -70.710678
vn -50.000000 -50.000000 -70.710678
vn -50.000000 -50.000000 -70.710678
vn -50.000000 -50.000000 70.710678
vn -50.000000 -50.000000 70.710678
vn -50.000000 -50.000000 70.710678
vn -50.000000 -50.000000 70.710678
vn -38.268343 92.387953 -0.000000
vn -38.268343 92.387953 -0.000000
vn -38.268343 92.387953 -0.000000
vn -38.268343 92.387953 -0.000000
vn 50.000000 50.000000 70.710678
vn 50.000000 50.000000 70.710678
vn 50.000000 50.000000 70.710678
vn 50.000000 50.000000 70.710678
vn 50.000000 50.000000 -70.710678
vn 50.000000 50.000000 -70.710678
vn 50.000000 50.000000 -70.710678
vn 50.000000 50.000000 -70.710678
f 118/349/349 119/350/350 117/351/351
f 117/351/351 119/350/350 120/352/352
f 119/353/353 121/354/354 120/355/355
f 120/355/355 121/354/354 122/356/356
f 119/357/357 118/358/358 121/359/359
f 121/359/359 118/358/358 123/360/360
f 122/361/361 121/362/362 124/363/363
f 124/363/363 121/362/362 123/364/364
f 117/365/365 124/366/366 118/367/367
f 118/367/367 124/366/366 123/368/368
f 120/369/369 122/370/370 117/371/371
f 117/371/371 122/370/370 124/372/372
g Body38

v 8.352196 -3.624550 8.608164
v 8.567723 -3.713823 8.823691
v 8.783249 -3.803097 8.608164
v 8.567723 -3.713823 8.392638
v 3.803097 -8.783249 8.608164
v 3.713823 -8.567723 8.392638
v 3.713823 -8.567723 8.823691
v 3.624550 -8.352196 8.608164
vt 839.462002 882.369060 0.000000
vt 816.133620 860.816445 0.000000
vt 862.790384 860.816445 0.000000
vt 839.462002 839.263830 0.000000
vt 0.615413 -0.000000 0.000000
vt 704.915176 0.000000 0.000000
vt 9.542798 30.480000 0.000000
vt 695.987791 30.480000 0.000000
vt 15.240000 352.149882 0.000000
vt -15.240000 343.222497 0.000000
vt 15.240000 -352.149882 0.000000
vt -15.240000 -343.222497 0.000000
vt -971.565044 839.263830 0.000000
vt -948.236662 860.816445 0.000000
vt -994.893426 860.816445 0.000000
vt -971.565044 882.369060 0.000000
vt 678.133020 30.480000 0.000000
vt 9.542798 30.480000 0.000000
vt 687.060406 -0.000000 0.000000
vt 0.615413 0.000000 0.000000
vt -343.222497 -15.240000 0.000000
vt 343.222497 -15.240000 0.000000
vt -334.295112 15.240000 0.000000
vt 334.295112 15.240000 0.000000
vn 38.268343 92.387953 0.000000
vn 38.268343 92.387953 0.000000
vn 38.268343 92.387953 0.000000
vn 38.268343 92.387953 0.000000
vn 50.000000 -50.000000 -70.710678
vn 50.000000 -50.000000 -70.710678
vn 50.000000 -50.000000 -70.710678
vn 50.000000 -50.000000 -70.710678
vn 50.000000 -50.000000 70.710678
vn 50.000000 -50.000000 70.710678
vn 50.000000 -50.000000 70.710678
vn 50.000000 -50.000000 70.710678
vn -92.387953 -38.268343 -0.000000
vn -92.387953 -38.268343 -0.000000
vn -92.387953 -38.268343 -0.000000
vn -92.387953 -38.268343 -0.000000
vn -50.000000 50.000000 70.710678
vn -50.000000 50.000000 70.710678
vn -50.000000 50.000000 70.710678
vn -50.000000 50.000000 70.710678
vn -50.000000 50.000000 -70.710678
vn -50.000000 50.000000 -70.710678
vn -50.000000 50.000000 -70.710678
vn -50.000000 50.000000 -70.710678
f 126/373/373 127/374/374 125/375/375
f 125/375/375 127/374/374 128/376/376
f 127/377/377 129/378/378 128/379/379
f 128/379/379 129/378/378 130/380/380
f 127/381/381 126/382/382 129/383/383
f 129/383/383 126/382/382 131/384/384
f 130/385/385 129/386/386 132/387/387
f 132/387/387 129/386/386 131/388/388
f 125/389/389 132/390/390 126/391/391
f 126/391/391 132/390/390 131/392/392
f 128/393/393 130/394/394 125/395/395
f 125/395/395 130/394/394 132/396/396
g Body39

v -3.624550 -8.352196 8.608164
v -3.713823 -8.567723 8.823691
v -3.803097 -8.783249 8.608164
v -3.713823 -8.567723 8.392638
v -8.783249 -3.803097 8.608164
v -8.567723 -3.713823 8.392638
v -8.567723 -3.713823 8.823691
v -8.352196 -3.624550 8.608164
vt 839.462002 882.369060 0.000000
vt 816.133620 860.816445 0.000000
vt 862.790384 860.816445 0.000000
vt 839.462002 839.263830 0.000000
vt 0.615413 0.000000 0.000000
vt 704.915176 0.000000 0.000000
vt 9.542798 30.480000 0.000000
vt 695.987791 30.480000 0.000000
vt 15.240000 352.149882 0.000000
vt -15.240000 343.222496 0.000000
vt 15.240000 -352.149882 0.000000
vt -15.240000 -343.222496 0.000000
vt -971.565044 839.263830 0.000000
vt -948.236662 860.816445 0.000000
vt -994.893426 860.816445 0.000000
vt -971.565044 882.369060 0.000000
vt 678.133020 30.480000 0.000000
vt 9.542798 30.480000 0.000000
vt 687.060406 -0.000000 0.000000
vt 0.615413 0.000000 0.000000
vt -343.222496 -15.240000 0.000000
vt 343.222496 -15.240000 0.000000
vt -334.295111 15.240000 0.000000
vt 334.295111 15.240000 0.000000
vn 92.387953 -38.268343 0.000000
vn 92.387953 -38.268343 0.000000
vn 92.387953 -38.268343 0.000000
vn 92.387953 -38.268343 0.000000
vn -50.000000 -50.000000 -70.710678
vn -50.000000 -50.000000 -70.710678
vn -50.000000 -50.000000 -70.710678
vn -50.000000 -50.000000 -70.710678
vn -50.000000 -50.000000 70.710678
vn -50.000000 -50.000000 70.710678
vn -50.000000 -50.000000 70.710678
vn -50.000000 -50.000000 70.710678
vn -38.268343 92.387953 -0.000000
vn -38.268343 92.387953 -0.000000
vn -38.268343 92.387953 -0.000000
vn -38.268343 92.387953 -0.000000
vn 50.000000 50.000000 70.710678
vn 50.000000 50.000000 70.710678
vn 50.000000 50.000000 70.710678
vn 50.000000 50.000000 70.710678
vn 50.000000 50.000000 -70.710678
vn 50.000000 50.000000 -70.710678
vn 50.000000 50.000000 -70.710678
vn 50.000000 50.000000 -70.710678
f 134/397/397 135/398/398 133/399/399
f 133/399/399 135/398/398 136/400/400
f 135/401/401 137/402/402 136/403/403
f 136/403/403 137/402/402 138/404/404
f 135/405/405 134/406/406 137/407/407
f 137/407/407 134/406/406 139/408/408
f 138/409/409 137/410/410 140/411/411
f 140/411/411 137/410/410 139/412/412
f 133/413/413 140/414/414 134/415/415
f 134/415/415 140/414/414 139/416/416
f 136/417/417 138/418/418 133/419/419
f 133/419/419 138/418/418 140/420/420
g Body40

v 14.162815 -6.031387 2.797546
v 14.378341 -6.120660 3.013072
v 14.593867 -6.209934 2.797546
v 14.378341 -6.120660 2.582020
v 6.209934 -14.593867 2.797546
v 6.120660 -14.378341 2.582020
v 6.120660 -14.378341 3.013072
v 6.031387 -14.162815 2.797546
vt 210.525205 301.307225 0.000000
vt 187.196823 279.754610 0.000000
vt 233.853587 279.754610 0.000000
vt 210.525205 258.201995 0.000000
vt 0.615413 0.000000 0.000000
vt 1186.282561 -0.000000 0.000000
vt 9.542798 30.480000 0.000000
vt 1177.355176 30.480000 0.000000
vt 15.240000 592.833574 0.000000
vt -15.240000 583.906189 0.000000
vt 15.240000 -592.833574 0.000000
vt -15.240000 -583.906189 0.000000
vt -342.628247 258.201995 0.000000
vt -319.299865 279.754610 0.000000
vt -365.956629 279.754610 0.000000
vt -342.628247 301.307225 0.000000
vt 1159.500409 30.480000 0.000000
vt 9.542798 30.480000 0.000000
vt 1168.427794 -0.000000 0.000000
vt 0.615413 0.000000 0.000000
vt -583.906189 -15.240000 0.000000
vt 583.906189 -15.240000 0.000000
vt -574.978804 15.240000 0.000000
vt 574.978804 15.240000 0.000000
vn 38.268343 92.387953 0.000000
vn 38.268343 92.387953 0.000000
vn 38.268343 92.387953 0.000000
vn 38.268343 92.387953 0.000000
vn 50.000000 -50.000000 -70.710678
vn 50.000000 -50.000000 -70.710678
vn 50.000000 -50.000000 -70.710678
vn 50.000000 -50.000000 -70.710678
vn 50.000000 -50.000000 70.710678
vn 50.000000 -50.000000 70.710678
vn 50.000000 -50.000000 70.710678
vn 50.000000 -50.000000 70.710678
vn -92.387953 -38.268343 -0.000000
vn -92.387953 -38.268343 -0.000000
vn -92.387953 -38.268343 -0.000000
vn -92.387953 -38.268343 -0.000000
vn -50.000000 50.000000 70.710678
vn -50.000000 50.000000 70.710678
vn -50.000000 50.000000 70.710678
vn -50.000000 50.000000 70.710678
vn -50.000000 50.000000 -70.710678
vn -50.000000 50.000000 -70.710678
vn -50.000000 50.000000 -70.710678
vn -50.000000 50.000000 -70.710678
f 142/421/421 143/422/422 141/423/423
f 141/423/423 143/422/422 144/424/424
f 143/425/425 145/426/426 144/427/427
f 144/427/427 145/426/426 146/428/428
f 143/429/429 142/430/430 145/431/431
f 145/431/431 142/430/430 147/432/432
f 146/433/433 145/434/434 148/435/435
f 148/435/435 145/434/434 147/436/436
f 141/437/437 148/438/438 142/439/439
f 142/439/439 148/438/438 147/440/440
f 144/441/441 146/442/442 141/443/443
f 141/443/443 146/442/442 148/444/444
g Body45

v -6.031387 -14.162815 2.797546
v -6.120660 -14.378341 3.013072
v -6.209934 -14.593867 2.797546
v -6.120660 -14.378341 2.582020
v -14.593867 -6.209934 2.797546
v -14.378341 -6.120660 2.582020
v -14.378341 -6.120660 3.013072
v -14.162815 -6.031387 2.797546
vt 210.525205 301.307225 0.000000
vt 187.196823 279.754610 0.000000
vt 233.853587 279.754610 0.000000
vt 210.525205 258.201995 0.000000
vt 0.615413 -0.000000 0.000000
vt 1186.282561 0.000000 0.000000
vt 9.542798 30.480000 0.000000
vt 1177.355176 30.480000 0.000000
vt 15.240000 592.833574 0.000000
vt -15.240000 583.906189 0.000000
vt 15.240000 -592.833574 0.000000
vt -15.240000 -583.906189 0.000000
vt -342.628247 258.201995 0.000000
vt -319.299865 279.754610 0.000000
vt -365.956629 279.754610 0.000000
vt -342.628247 301.307225 0.000000
vt 1159.500405 30.480000 0.000000
vt 9.542798 30.480000 0.000000
vt 1168.427791 -0.000000 0.000000
vt 0.615413 0.000000 0.000000
vt -583.906189 -15.240000 0.000000
vt 583.906189 -15.240000 0.000000
vt -574.978804 15.240000 0.000000
vt 574.978804 15.240000 0.000000
vn 92.387953 -38.268343 0.000000
vn 92.387953 -38.268343 0.000000
vn 92.387953 -38.268343 0.000000
vn 92.387953 -38.268343 0.000000
vn -50.000000 -50.000000 -70.710678
vn -50.000000 -50.000000 -70.710678
vn -50.000000 -50.000000 -70.710678
vn -50.000000 -50.000000 -70.710678
vn -50.000000 -50.000000 70.710678
vn -50.000000 -50.000000 70.710678
vn -50.000000 -50.000000 70.710678
vn -50.000000 -50.000000 70.710678
vn -38.268343 92.387953 -0.000000
vn -38.268343 92.387953 -0.000000
vn -38.268343 92.387953 -0.000000
vn -38.268343 92.387953 -0.000000
vn 50.000000 50.000000 70.710678
vn 50.000000 50.000000 70.710678
vn 50.000000 50.000000 70.710678
vn 50.000000 50.000000 70.710678
vn 50.000000 50.000000 -70.710678
vn 50.000000 50.000000 -70.710678
vn 50.000000 50.000000 -70.710678
vn 50.000000 50.000000 -70.710678
f 150/445/445 151/446/446 149/447/447
f 149/447/447 151/446/446 152/448/448
f 151/449/449 153/450/450 152/451/451
f 152/451/451 153/450/450 154/452/452
f 151/453/453 150/454/454 153/455/455
f 153/455/455 150/454/454 155/456/456
f 154/457/457 153/458/458 156/459/459
f 156/459/459 153/458/458 155/460/460
f 149/461/461 156/462/462 150/463/463
f 150/463/463 156/462/462 155/464/464
f 152/465/465 154/466/466 149/467/467
f 149/467/467 154/466/466 156/468/468
g Body42

v 5.446887 -2.421131 11.513474
v 5.554650 -2.465768 11.621237
v 5.851825 -2.588862 11.539588
v 5.877940 -2.599679 11.513474
v 5.662413 -2.510405 11.297947
v 2.599679 -5.877940 11.513474
v 2.510405 -5.662413 11.297947
v 5.630850 -2.541968 11.729000
v 2.541968 -5.630850 11.729000
v 2.588862 -5.851825 11.539588
v 2.465768 -5.554650 11.621237
v 2.421131 -5.446887 11.513474
vt 1165.594594 1162.123670 0.000000
vt 1133.428619 1153.958799 0.000000
vt 1177.258785 1151.347362 0.000000
vt 1153.930403 1129.794748 0.000000
vt 1130.602021 1151.347362 0.000000
vt 0.615413 0.000000 0.000000
vt 464.231484 0.000000 0.000000
vt 9.542798 30.480000 0.000000
vt 455.304098 30.480000 0.000000
vt 15.240000 231.808035 0.000000
vt 11.546872 230.726343 0.000000
vt 15.240000 -231.808035 0.000000
vt 11.546872 -230.726343 0.000000
vt -15.240000 -218.416957 0.000000
vt -15.240000 218.416957 0.000000
vt -1297.697637 1162.123670 0.000000
vt -1309.361828 1151.347362 0.000000
vt -1265.531662 1153.958799 0.000000
vt -1286.033446 1129.794748 0.000000
vt -1262.705064 1151.347362 0.000000
vt -222.880650 -15.240000 0.000000
vt 222.880650 -15.240000 0.000000
vt -213.953265 15.240000 0.000000
vt 213.953265 15.240000 0.000000
vt 29.479781 0.000000 0.000000
vt 0.000000 15.240000 0.000000
vt -0.000000 0.000000 0.000000
vt 432.370222 30.480000 0.000000
vt 4.463693 30.480000 0.000000
vt 436.833915 15.240000 0.000000
vt 0.000000 15.240000 0.000000
vt 436.833915 -0.000000 0.000000
vt 0.000000 -0.000000 0.000000
vt 33.544183 15.240000 0.000000
vt 4.064402 -0.000000 0.000000
vt 33.544183 0.000000 0.000000
vn 38.268343 92.387953 0.000000
vn 38.268343 92.387953 0.000000
vn 38.268343 92.387953 0.000000
vn 38.268343 92.387953 0.000000
vn 38.268343 92.387953 0.000000
vn 50.000000 -50.000000 -70.710678
vn 50.000000 -50.000000 -70.710678
vn 50.000000 -50.000000 -70.710678
vn 50.000000 -50.000000 -70.710678
vn 50.000000 -50.000000 70.710678
vn 50.000000 -50.000000 70.710678
vn 50.000000 -50.000000 70.710678
vn 50.000000 -50.000000 70.710678
vn 50.000000 -50.000000 70.710678
vn 50.000000 -50.000000 70.710678
vn -92.387953 -38.268343 -0.000000
vn -92.387953 -38.268343 -0.000000
vn -92.387953 -38.268343 -0.000000
vn -92.387953 -38.268343 -0.000000
vn -92.387953 -38.268343 -0.000000
vn -50.000000 50.000000 -70.710678
vn -50.000000 50.000000 -70.710678
vn -50.000000 50.000000 -70.710678
vn -50.000000 50.000000 -70.710678
vn 43.373748 85.129098 29.525491
vn 43.373748 85.129098 29.525491
vn 43.373748 85.129098 29.525491
vn -50.000000 50.000000 70.710678
vn -50.000000 50.000000 70.710678
vn -50.000000 50.000000 70.710678
vn -50.000000 50.000000 70.710678
vn -50.000000 50.000000 70.710678
vn -50.000000 50.000000 70.710678
vn -85.129098 -43.373748 29.525491
vn -85.129098 -43.373748 29.525491
vn -85.129098 -43.373748 29.525491
f 158/469/469 159/470/470 157/471/471
f 157/471/471 159/470/470 161/472/472
f 161/472/472 159/470/470 160/473/473
f 160/474/474 162/475/475 161/476/476
f 161/476/476 162/475/475 163/477/477
f 160/478/478 159/479/479 162/480/480
f 162/480/480 159/479/479 166/481/481
f 166/481/481 159/479/479 165/482/482
f 165/482/482 159/479/479 164/483/483
f 167/484/484 168/485/485 166/486/486
f 166/486/486 168/485/485 163/487/487
f 166/486/486 163/487/487 162/488/488
f 161/489/489 163/490/490 157/491/491
f 157/491/491 163/490/490 168/492/492
f 159/493/493 158/494/494 164/495/495
f 157/496/496 168/497/497 158/498/498
f 158/498/498 168/497/497 167/499/499
f 158/498/498 167/499/499 164/500/500
f 164/500/500 167/499/499 165/501/501
f 167/502/502 166/503/503 165/504/504
g Body43

v -2.421131 -5.446887 11.513474
v -2.465768 -5.554650 11.621237
v -2.588862 -5.851825 11.539588
v -2.599679 -5.877940 11.513474
v -2.510405 -5.662413 11.297947
v -5.877940 -2.599679 11.513474
v -5.662413 -2.510405 11.297947
v -2.541968 -5.630850 11.729000
v -5.630850 -2.541968 11.729000
v -5.851825 -2.588862 11.539588
v -5.554650 -2.465768 11.621237
v -5.446887 -2.421131 11.513474
vt 1165.594594 1162.123670 0.000000
vt 1133.428619 1153.958799 0.000000
vt 1177.258785 1151.347362 0.000000
vt 1153.930403 1129.794748 0.000000
vt 1130.602021 1151.347362 0.000000
vt 0.615413 -0.000000 0.000000
vt 464.231484 0.000000 0.000000
vt 9.542798 30.480000 0.000000
vt 455.304099 30.480000 0.000000
vt 15.240000 231.808036 0.000000
vt 11.546872 230.726343 0.000000
vt 15.240000 -231.808036 0.000000
vt 11.546872 -230.726343 0.000000
vt -15.240000 -218.416958 0.000000
vt -15.240000 218.416958 0.000000
vt -1297.697637 1162.123670 0.000000
vt -1309.361828 1151.347362 0.000000
vt -1265.531662 1153.958799 0.000000
vt -1286.033446 1129.794748 0.000000
vt -1262.705064 1151.347362 0.000000
vt -222.880650 -15.240000 0.000000
vt 222.880650 -15.240000 0.000000
vt -213.953265 15.240000 0.000000
vt 213.953265 15.240000 0.000000
vt 29.479781 0.000000 0.000000
vt 0.000000 15.240000 0.000000
vt -0.000000 0.000000 0.000000
vt 432.370222 30.480000 0.000000
vt 4.463693 30.480000 0.000000
vt 436.833915 15.240000 0.000000
vt 0.000000 15.240000 0.000000
vt 436.833915 -0.000000 0.000000
vt -0.000000 -0.000000 0.000000
vt 33.544183 15.240000 0.000000
vt 4.064402 0.000000 0.000000
vt 33.544183 0.000000 0.000000
vn 92.387953 -38.268343 0.000000
vn 92.387953 -38.268343 0.000000
vn 92.387953 -38.268343 0.000000
vn 92.387953 -38.268343 0.000000
vn 92.387953 -38.268343 0.000000
vn -50.000000 -50.000000 -70.710678
vn -50.000000 -50.000000 -70.710678
vn -50.000000 -50.000000 -70.710678
vn -50.000000 -50.000000 -70.710678
vn -50.000000 -50.000000 70.710678
vn -50.000000 -50.000000 70.710678
vn -50.000000 -50.000000 70.710678
vn -50.000000 -50.000000 70.710678
vn -50.000000 -50.000000 70.710678
vn -50.000000 -50.000000 70.710678
vn -38.268343 92.387953 -0.000000
vn -38.268343 92.387953 -0.000000
vn -38.268343 92.387953 -0.000000
vn -38.268343 92.387953 -0.000000
vn -38.268343 92.387953 -0.000000
vn 50.000000 50.000000 -70.710678
vn 50.000000 50.000000 -70.710678
vn 50.000000 50.000000 -70.710678
vn 50.000000 50.000000 -70.710678
vn 85.129098 -43.373748 29.525491
vn 85.129098 -43.373748 29.525491
vn 85.129098 -43.373748 29.525491
vn 50.000000 50.000000 70.710678
vn 50.000000 50.000000 70.710678
vn 50.000000 50.000000 70.710678
vn 50.000000 50.000000 70.710678
vn 50.000000 50.000000 70.710678
vn 50.000000 50.000000 70.710678
vn -43.373748 85.129098 29.525491
vn -43.373748 85.129098 29.525491
vn -43.373748 85.129098 29.525491
f 170/505/505 171/506/506 169/507/507
f 169/507/507 171/506/506 173/508/508
f 173/508/508 171/506/506 172/509/509
f 172/510/510 174/511/511 173/512/512
f 173/512/512 174/511/511 175/513/513
f 172/514/514 171/515/515 174/516/516
f 174/516/516 171/515/515 178/517/517
f 178/517/517 171/515/515 177/518/518
f 177/518/518 171/515/515 176/519/519
f 179/520/520 180/521/521 178/522/522
f 178/522/522 180/521/521 175/523/523
f 178/522/522 175/523/523 174/524/524
f 173/525/525 175/526/526 169/527/527
f 169/527/527 175/526/526 180/528/528
f 171/529/529 170/530/530 176/531/531
f 169/532/532 180/533/533 170/534/534
f 170/534/534 180/533/533 179/535/535
f 170/534/534 179/535/535 176/536/536
f 176/536/536 179/535/535 177/537/537
f 179/538/538 178/539/539 177/540/540
g Body36

v 16.960361 -7.190168 0.000000
v 17.175887 -7.279442 0.215526
v 17.391413 -7.368716 0.000000
v 17.175887 -7.279442 -0.215526
v 7.368716 -17.391413 0.000000
v 7.279442 -17.175887 -0.215526
v 7.279442 -17.175887 0.215526
v 7.190168 -16.960361 0.000000
vt -92.279003 21.552615 0.000000
vt -115.607385 0.000000 0.000000
vt -68.950621 0.000000 0.000000
vt -92.279003 -21.552615 0.000000
vt 0.615413 0.000000 0.000000
vt 1418.038869 0.000000 0.000000
vt 9.542798 30.480000 0.000000
vt 1409.111483 30.480000 0.000000
vt 15.240000 708.711728 0.000000
vt -15.240000 699.784342 0.000000
vt 15.240000 -708.711728 0.000000
vt -15.240000 -699.784342 0.000000
vt -39.824039 -21.552615 0.000000
vt -16.495657 0.000000 0.000000
vt -63.152421 0.000000 0.000000
vt -39.824039 21.552615 0.000000
vt 1391.256715 30.480000 0.000000
vt 9.542798 30.480000 0.000000
vt 1400.184100 0.000000 0.000000
vt 0.615413 0.000000 0.000000
vt -699.784345 -15.240000 0.000000
vt 699.784345 -15.240000 0.000000
vt -690.856959 15.240000 0.000000
vt 690.856959 15.240000 0.000000
vn 38.268343 92.387953 0.000000
vn 38.268343 92.387953 0.000000
vn 38.268343 92.387953 0.000000
vn 38.268343 92.387953 0.000000
vn 50.000000 -50.000000 -70.710678
vn 50.000000 -50.000000 -70.710678
vn 50.000000 -50.000000 -70.710678
vn 50.000000 -50.000000 -70.710678
vn 50.000000 -50.000000 70.710678
vn 50.000000 -50.000000 70.710678
vn 50.000000 -50.000000 70.710678
vn 50.000000 -50.000000 70.710678
vn -92.387953 -38.268343 -0.000000
vn -92.387953 -38.268343 -0.000000
vn -92.387953 -38.268343 -0.000000
vn -92.387953 -38.268343 -0.000000
vn -50.000000 50.000000 70.710678
vn -50.000000 50.000000 70.710678
vn -50.000000 50.000000 70.710678
vn -50.000000 50.000000 70.710678
vn -50.000000 50.000000 -70.710678
vn -50.000000 50.000000 -70.710678
vn -50.000000 50.000000 -70.710678
vn -50.000000 50.000000 -70.710678
f 182/541/541 183/542/542 181/543/543
f 181/543/543 183/542/542 184/544/544
f 183/545/545 185/546/546 184/547/547
f 184/547/547 185/546/546 186/548/548
f 183/549/549 182/550/550 185/551/551
f 185/551/551 182/550/550 187/552/552
f 186/553/553 185/554/554 188/555/555
f 188/555/555 185/554/554 187/556/556
f 181/557/557 188/558/558 182/559/559
f 182/559/559 188/558/558 187/560/560
f 184/561/561 186/562/562 181/563/563
f 181/563/563 186/562/562 188/564/564
g Body41

v -7.190168 -16.960361 0.000000
v -7.279442 -17.175887 0.215526
v -7.368716 -17.391413 0.000000
v -7.279442 -17.175887 -0.215526
v -17.391413 -7.368716 0.000000
v -17.175887 -7.279442 -0.215526
v -17.175887 -7.279442 0.215526
v -16.960361 -7.190168 0.000000
vt -92.279003 21.552615 0.000000
vt -115.607385 0.000000 0.000000
vt -68.950621 0.000000 0.000000
vt -92.279003 -21.552615 0.000000
vt 0.615413 -0.000000 0.000000
vt 1418.038871 0.000000 0.000000
vt 9.542798 30.480000 0.000000
vt 1409.111485 30.480000 0.000000
vt 15.240000 708.711730 0.000000
vt -15.240000 699.784345 0.000000
vt 15.240000 -708.711730 0.000000
vt -15.240000 -699.784345 0.000000
vt -39.824039 -21.552615 0.000000
vt -16.495657 0.000000 0.000000
vt -63.152421 0.000000 0.000000
vt -39.824039 21.552615 0.000000
vt 1391.256713 30.480000 0.000000
vt 9.542798 30.480000 0.000000
vt 1400.184098 -0.000000 0.000000
vt 0.615413 0.000000 0.000000
vt -699.784342 -15.240000 0.000000
vt 699.784342 -15.240000 0.000000
vt -690.856957 15.240000 0.000000
vt 690.856957 15.240000 0.000000
vn 92.387953 -38.268343 0.000000
vn 92.387953 -38.268343 0.000000
vn 92.387953 -38.268343 0.000000
vn 92.387953 -38.268343 0.000000
vn -50.000000 -50.000000 -70.710678
vn -50.000000 -50.000000 -70.710678
vn -50.000000 -50.000000 -70.710678
vn -50.000000 -50.000000 -70.710678
vn -50.000000 -50.000000 70.710678
vn -50.000000 -50.000000 70.710678
vn -50.000000 -50.000000 70.710678
vn -50.000000 -50.000000 70.710678
vn -38.268343 92.387953 -0.000000
vn -38.268343 92.387953 -0.000000
vn -38.268343 92.387953 -0.000000
vn -38.268343 92.387953 -0.000000
vn 50.000000 50.000000 70.710678
vn 50.000000 50.000000 70.710678
vn 50.000000 50.000000 70.710678
vn 50.000000 50.000000 70.710678
vn 50.000000 50.000000 -70.710678
vn 50.000000 50.000000 -70.710678
vn 50.000000 50.000000 -70.710678
vn 50.000000 50.000000 -70.710678
f 190/565/565 191/566/566 189/567/567
f 189/567/567 191/566/566 192/568/568
f 191/569/569 193/570/570 192/571/571
f 192/571/571 193/570/570 194/572/572
f 191/573/573 190/574/574 193/575/575
f 193/575/575 190/574/574 195/576/576
f 194/577/577 193/578/578 196/579/579
f 196/579/579 193/578/578 195/580/580
f 189/581/581 196/582/582 190/583/583
f 190/583/583 196/582/582 195/584/584
f 192/585/585 194/586/586 189/587/587
f 189/587/587 194/586/586 196/588/588
g Body47

v -5.877940 -2.599679 11.513474
v -5.877763 -2.599606 11.513297
v -8.567546 -3.713750 8.823514
v -8.567723 -3.713823 8.823691
v -3.713750 -8.567546 8.823514
v -3.713823 -8.567723 8.823691
v -2.599606 -5.877763 11.513297
v -2.599679 -5.877940 11.513474
vt -1262.705061 1151.347362 0.000000
vt -1262.724195 1151.329685 0.000000
vt -971.565044 882.369060 0.000000
vt -971.584179 882.351382 0.000000
vt 687.053083 0.025000 0.000000
vt 0.622735 0.025000 0.000000
vt 687.060406 0.000000 0.000000
vt 0.615413 -0.000000 0.000000
vt 231.800713 190.196382 0.000000
vt -231.800713 190.196382 0.000000
vt 343.215175 -190.196382 0.000000
vt -343.215175 -190.196382 0.000000
vt 839.481137 882.351382 0.000000
vt 1130.621154 1151.329685 0.000000
vt 839.462003 882.369060 0.000000
vt 1130.602020 1151.347362 0.000000
vt 0.615413 -0.000000 0.000000
vt 464.231484 -0.000000 0.000000
vt 0.622735 0.025000 0.000000
vt 464.224162 0.025000 0.000000
vt -190.196382 -231.808035 0.000000
vt 190.196382 -343.222496 0.000000
vt -190.196382 231.808035 0.000000
vt 190.196382 343.222496 0.000000
vn -38.268343 92.387953 -0.000000
vn -38.268343 92.387953 -0.000000
vn -38.268343 92.387953 -0.000000
vn -38.268343 92.387953 -0.000000
vn -50.000000 -50.000000 -70.710678
vn -50.000000 -50.000000 -70.710678
vn -50.000000 -50.000000 -70.710678
vn -50.000000 -50.000000 -70.710678
vn 50.000000 50.000000 -70.710678
vn 50.000000 50.000000 -70.710678
vn 50.000000 50.000000 -70.710678
vn 50.000000 50.000000 -70.710678
vn 92.387953 -38.268343 0.000000
vn 92.387953 -38.268343 0.000000
vn 92.387953 -38.268343 0.000000
vn 92.387953 -38.268343 0.000000
vn 50.000000 50.000000 70.710678
vn 50.000000 50.000000 70.710678
vn 50.000000 50.000000 70.710678
vn 50.000000 50.000000 70.710678
vn -50.000000 -50.000000 70.710678
vn -50.000000 -50.000000 70.710678
vn -50.000000 -50.000000 70.710678
vn -50.000000 -50.000000 70.710678
usemtl Panels
f 197/589/589 198/590/590 200/591/591
f 200/591/591 198/590/590 199/592/592
f 199/593/593 201/594/594 200/595/595
f 200/595/595 201/594/594 202/596/596
f 198/597/597 203/598/598 199/599/599
f 199/599/599 203/598/598 201/600/600
f 201/601/601 203/602/602 202/603/603
f 202/603/603 203/602/602 204/604/604
f 197/605/605 204/606/606 198/607/607
f 198/607/607 204/606/606 203/608/608
f 197/609/609 200/610/610 204/611/611
f 204/611/611 200/610/610 202/612/612
g Body51

v -14.593867 -6.209934 2.797546
v -14.593690 -6.209861 2.797369
v -17.175710 -7.279369 0.215349
v -17.175887 -7.279442 0.215526
v -7.279369 -17.175710 0.215349
v -7.279442 -17.175887 0.215526
v -6.209861 -14.593690 2.797369
v -6.209934 -14.593867 2.797546
vt -319.299865 279.754610 0.000000
vt -319.318999 279.736933 0.000000
vt -39.824039 21.552615 0.000000
vt -39.843173 21.534937 0.000000
vt 1400.176776 0.025000 0.000000
vt 0.622735 0.025000 0.000000
vt 1400.184098 0.000000 0.000000
vt 0.615413 0.000000 0.000000
vt 592.826254 182.576382 0.000000
vt -592.826254 182.576382 0.000000
vt 699.777022 -182.576382 0.000000
vt -699.777022 -182.576382 0.000000
vt -92.259869 21.534937 0.000000
vt 187.215957 279.736933 0.000000
vt -92.279003 21.552615 0.000000
vt 187.196823 279.754610 0.000000
vt 0.615413 0.000000 0.000000
vt 1186.282561 -0.000000 0.000000
vt 0.622735 0.025000 0.000000
vt 1186.275239 0.025000 0.000000
vt -182.576382 -592.833574 0.000000
vt 182.576382 -699.784342 0.000000
vt -182.576382 592.833574 0.000000
vt 182.576382 699.784342 0.000000
vn -38.268343 92.387953 -0.000000
vn -38.268343 92.387953 -0.000000
vn -38.268343 92.387953 -0.000000
vn -38.268343 92.387953 -0.000000
vn -50.000000 -50.000000 -70.710678
vn -50.000000 -50.000000 -70.710678
vn -50.000000 -50.000000 -70.710678
vn -50.000000 -50.000000 -70.710678
vn 50.000000 50.000000 -70.710678
vn 50.000000 50.000000 -70.710678
vn 50.000000 50.000000 -70.710678
vn 50.000000 50.000000 -70.710678
vn 92.387953 -38.268343 0.000000
vn 92.387953 -38.268343 0.000000
vn 92.387953 -38.268343 0.000000
vn 92.387953 -38.268343 0.000000
vn 50.000000 50.000000 70.710678
vn 50.000000 50.000000 70.710678
vn 50.000000 50.000000 70.710678
vn 50.000000 50.000000 70.710678
vn -50.000000 -50.000000 70.710678
vn -50.000000 -50.000000 70.710678
vn -50.000000 -50.000000 70.710678
vn -50.000000 -50.000000 70.710678
f 205/613/613 206/614/614 208/615/615
f 208/615/615 206/614/614 207/616/616
f 207/617/617 209/618/618 208/619/619
f 208/619/619 209/618/618 210/620/620
f 206/621/621 211/622/622 207/623/623
f 207/623/623 211/622/622 209/624/624
f 209/625/625 211/626/626 210/627/627
f 210/627/627 211/626/626 212/628/628
f 205/629/629 212/630/630 206/631/631
f 206/631/631 212/630/630 211/632/632
f 205/633/633 208/634/634 212/635/635
f 212/635/635 208/634/634 210/636/636
g Body53

v -8.783249 -3.803097 8.608164
v -8.783072 -3.803024 8.607988
v -11.472855 -4.917169 5.918205
v -11.473032 -4.917242 5.918381
v -4.917169 -11.472855 5.918205
v -4.917242 -11.473032 5.918381
v -3.803024 -8.783072 8.607988
v -3.803097 -8.783249 8.608164
vt -948.236663 860.816445 0.000000
vt -948.255797 860.798767 0.000000
vt -657.096646 591.838142 0.000000
vt -657.115780 591.820465 0.000000
vt 927.736776 0.025000 0.000000
vt 0.622735 0.025000 0.000000
vt 927.744098 0.000000 0.000000
vt 0.615413 0.000000 0.000000
vt 352.142559 190.196382 0.000000
vt -352.142559 190.196382 0.000000
vt 463.557020 -190.196382 0.000000
vt -463.557020 -190.196382 0.000000
vt 525.012738 591.820465 0.000000
vt 816.152754 860.798767 0.000000
vt 524.993603 591.838142 0.000000
vt 816.133620 860.816445 0.000000
vt 0.615413 0.000000 0.000000
vt 704.915177 -0.000000 0.000000
vt 0.622735 0.025000 0.000000
vt 704.907855 0.025000 0.000000
vt -190.196382 -352.149882 0.000000
vt 190.196382 -463.564343 0.000000
vt -190.196382 352.149882 0.000000
vt 190.196382 463.564343 0.000000
vn -38.268343 92.387953 -0.000000
vn -38.268343 92.387953 -0.000000
vn -38.268343 92.387953 -0.000000
vn -38.268343 92.387953 -0.000000
vn -50.000000 -50.000000 -70.710678
vn -50.000000 -50.000000 -70.710678
vn -50.000000 -50.000000 -70.710678
vn -50.000000 -50.000000 -70.710678
vn 50.000000 50.000000 -70.710678
vn 50.000000 50.000000 -70.710678
vn 50.000000 50.000000 -70.710678
vn 50.000000 50.000000 -70.710678
vn 92.387953 -38.268343 0.000000
vn 92.387953 -38.268343 0.000000
vn 92.387953 -38.268343 0.000000
vn 92.387953 -38.268343 0.000000
vn 50.000000 50.000000 70.710678
vn 50.000000 50.000000 70.710678
vn 50.000000 50.000000 70.710678
vn 50.000000 50.000000 70.710678
vn -50.000000 -50.000000 70.710678
vn -50.000000 -50.000000 70.710678
vn -50.000000 -50.000000 70.710678
vn -50.000000 -50.000000 70.710678
f 213/637/637 214/638/638 216/639/639
f 216/639/639 214/638/638 215/640/640
f 215/641/641 217/642/642 216/643/643
f 216/643/643 217/642/642 218/644/644
f 214/645/645 219/646/646 215/647/647
f 215/647/647 219/646/646 217/648/648
f 217/649/649 219/650/650 218/651/651
f 218/651/651 219/650/650 220/652/652
f 213/653/653 220/654/654 214/655/655
f 214/655/655 220/654/654 219/656/656
f 213/657/657 216/658/658 220/659/659
f 220/659/659 216/658/658 218/660/660
g Body49

v -11.688558 -5.006516 5.702855
v -11.688381 -5.006443 5.702679
v -14.378164 -6.120587 3.012895
v -14.378341 -6.120660 3.013072
v -6.120587 -14.378164 3.012895
v -6.120660 -14.378341 3.013072
v -5.006443 -11.688381 5.702679
v -5.006516 -11.688558 5.702855
vt -633.768265 570.285528 0.000000
vt -633.787399 570.267850 0.000000
vt -342.628248 301.307225 0.000000
vt -342.647382 301.289547 0.000000
vt 1168.420468 0.025000 0.000000
vt 0.622735 0.025000 0.000000
vt 1168.427791 -0.000000 0.000000
vt 0.615413 -0.000000 0.000000
vt 472.484406 190.196382 0.000000
vt -472.484406 190.196382 0.000000
vt 583.898866 -190.196382 0.000000
vt -583.898866 -190.196382 0.000000
vt 210.544339 301.289547 0.000000
vt 501.684356 570.267850 0.000000
vt 210.525205 301.307225 0.000000
vt 501.665222 570.285528 0.000000
vt 0.615413 0.000000 0.000000
vt 945.598870 0.000000 0.000000
vt 0.622735 0.025000 0.000000
vt 945.591547 0.025000 0.000000
vt -190.196382 -472.491728 0.000000
vt 190.196382 -583.906189 0.000000
vt -190.196382 472.491728 0.000000
vt 190.196382 583.906189 0.000000
vn -38.268343 92.387953 -0.000000
vn -38.268343 92.387953 -0.000000
vn -38.268343 92.387953 -0.000000
vn -38.268343 92.387953 -0.000000
vn -50.000000 -50.000000 -70.710678
vn -50.000000 -50.000000 -70.710678
vn -50.000000 -50.000000 -70.710678
vn -50.000000 -50.000000 -70.710678
vn 50.000000 50.000000 -70.710678
vn 50.000000 50.000000 -70.710678
vn 50.000000 50.000000 -70.710678
vn 50.000000 50.000000 -70.710678
vn 92.387953 -38.268343 0.000000
vn 92.387953 -38.268343 0.000000
vn 92.387953 -38.268343 0.000000
vn 92.387953 -38.268343 0.000000
vn 50.000000 50.000000 70.710678
vn 50.000000 50.000000 70.710678
vn 50.000000 50.000000 70.710678
vn 50.000000 50.000000 70.710678
vn -50.000000 -50.000000 70.710678
vn -50.000000 -50.000000 70.710678
vn -50.000000 -50.000000 70.710678
vn -50.000000 -50.000000 70.710678
f 221/661/661 222/662/662 224/663/663
f 224/663/663 222/662/662 223/664/664
f 223/665/665 225/666/666 224/667/667
f 224/667/667 225/666/666 226/668/668
f 222/669/669 227/670/670 223/671/671
f 223/671/671 227/670/670 225/672/672
f 225/673/673 227/674/674 226/675/675
f 226/675/675 227/674/674 228/676/676
f 221/677/677 228/678/678 222/679/679
f 222/679/679 228/678/678 227/680/680
f 221/681/681 224/682/682 228/683/683
f 228/683/683 224/682/682 226/684/684
g Body58

v -3.989654 -1.817525 11.011637
v -4.304244 -1.947833 10.995752
v -4.616102 -2.077009 10.948236
v -4.922519 -2.203931 10.869501
v -5.220833 -2.327496 10.760232
v -5.508453 -2.446632 10.621377
v -5.782881 -2.560304 10.454143
v -6.041733 -2.667524 10.259981
v -6.282761 -2.767362 10.040579
v -6.399403 -2.485763 10.040579
v -6.158375 -2.385926 10.259981
v -5.899523 -2.278706 10.454143
v -5.625095 -2.165034 10.621377
v -5.337475 -2.045898 10.760232
v -5.039161 -1.922332 10.869501
v -4.732744 -1.795410 10.948236
v -4.420886 -1.666235 10.995752
v -4.106296 -1.535927 11.011637
v -15.418278 -6.551416 0.905062
v -15.534920 -6.269818 0.905062
v -1.535927 -4.106296 11.011637
v -1.666235 -4.420886 10.995752
v -1.795410 -4.732744 10.948236
v -1.922332 -5.039161 10.869501
v -2.045898 -5.337475 10.760232
v -2.165034 -5.625095 10.621377
v -2.278706 -5.899523 10.454143
v -2.385926 -6.158375 10.259981
v -2.485763 -6.399403 10.040579
v -2.767362 -6.282761 10.040579
v -2.667524 -6.041733 10.259981
v -2.560304 -5.782881 10.454143
v -2.446632 -5.508453 10.621377
v -2.327496 -5.220833 10.760232
v -2.203931 -4.922519 10.869501
v -2.077009 -4.616102 10.948236
v -1.947833 -4.304244 10.995752
v -1.817525 -3.989654 11.011637
v -6.269818 -15.534920 0.905062
v -6.551416 -15.418278 0.905062
v 1.817525 -3.989654 11.011637
v 1.947833 -4.304244 10.995752
v 2.077009 -4.616102 10.948236
v 2.203931 -4.922519 10.869501
v 2.327496 -5.220833 10.760232
v 2.446632 -5.508453 10.621377
v 2.560304 -5.782881 10.454143
v 2.667524 -6.041733 10.259981
v 2.767362 -6.282761 10.040579
v 2.485763 -6.399403 10.040579
v 2.385926 -6.158375 10.259981
v 2.278706 -5.899523 10.454143
v 2.165034 -5.625095 10.621377
v 2.045898 -5.337475 10.760232
v 1.922332 -5.039161 10.869501
v 1.795410 -4.732744 10.948236
v 1.666235 -4.420886 10.995752
v 1.535927 -4.106296 11.011637
v 6.551416 -15.418278 0.905062
v 6.269818 -15.534920 0.905062
v 4.106296 -1.535927 11.011637
v 4.420886 -1.666235 10.995752
v 4.732744 -1.795410 10.948236
v 5.039161 -1.922332 10.869501
v 5.337475 -2.045898 10.760232
v 5.625095 -2.165034 10.621377
v 5.899523 -2.278706 10.454143
v 6.158375 -2.385926 10.259981
v 6.399403 -2.485763 10.040579
v 6.282761 -2.767362 10.040579
v 6.041733 -2.667524 10.259981
v 5.782881 -2.560304 10.454143
v 5.508453 -2.446632 10.621377
v 5.220833 -2.327496 10.760232
v 4.922519 -2.203931 10.869501
v 4.616102 -2.077009 10.948236
v 4.304244 -1.947833 10.995752
v 3.989654 -1.817525 11.011637
v 15.534920 -6.269818 0.905062
v 15.418278 -6.551416 0.905062
v -15.599578 -6.626513 0.706342
v -15.763313 -6.694334 0.490494
v -15.908107 -6.754310 0.259330
v -16.032745 -6.805937 0.014792
v -16.136180 -6.848781 -0.241069
v -16.217544 -6.882483 -0.506103
v -16.276155 -6.906761 -0.778086
v -16.311519 -6.921409 -1.054733
v -16.323340 -6.926305 -1.333723
v -16.439982 -6.644707 -1.333723
v -16.428161 -6.639810 -1.054733
v -16.392797 -6.625162 -0.778086
v -16.334186 -6.600885 -0.506103
v -16.252822 -6.567183 -0.241069
v -16.149387 -6.524338 0.014792
v -16.024749 -6.472712 0.259330
v -15.879955 -6.412736 0.490494
v -15.716220 -6.344915 0.706342
v -16.323340 -6.926305 -1.524000
v -16.439982 -6.644707 -1.524000
v -17.543813 -7.431842 0.000000
v -17.660455 -7.150243 0.000000
v -17.660455 -7.150243 -1.524000
v -17.543813 -7.431842 -1.524000
v -5.922576 -2.618168 11.621237
v -6.039218 -2.336570 11.621237
v -0.398240 0.000000 11.621237
v -0.398240 0.000000 11.011637
v -0.281598 -0.281598 11.621237
v -6.344915 -15.716220 0.706342
v -6.412736 -15.879955 0.490494
v -6.472712 -16.024749 0.259330
v -6.524338 -16.149387 0.014792
v -6.567183 -16.252822 -0.241069
v -6.600885 -16.334186 -0.506103
v -6.625162 -16.392797 -0.778086
v -6.639810 -16.428161 -1.054733
v -6.644707 -16.439982 -1.333723
v -6.926305 -16.323340 -1.333723
v -6.921409 -16.311519 -1.054733
v -6.906761 -16.276155 -0.778086
v -6.882483 -16.217544 -0.506103
v -6.848781 -16.136180 -0.241069
v -6.805937 -16.032745 0.014792
v -6.754310 -15.908107 0.259330
v -6.694334 -15.763313 0.490494
v -6.626513 -15.599578 0.706342
v -6.644707 -16.439982 -1.524000
v -6.926305 -16.323340 -1.524000
v -7.150243 -17.660455 0.000000
v -7.431842 -17.543813 0.000000
v -7.431842 -17.543813 -1.524000
v -7.150243 -17.660455 -1.524000
v -2.336570 -6.039218 11.621237
v -2.618168 -5.922576 11.621237
v -0.281598 -0.281598 11.011637
v 0.000000 -0.398240 11.621237
v 6.626513 -15.599578 0.706342
v 6.694334 -15.763313 0.490494
v 6.754310 -15.908107 0.259330
v 6.805937 -16.032745 0.014792
v 6.848781 -16.136180 -0.241069
v 6.882483 -16.217544 -0.506103
v 6.906761 -16.276155 -0.778086
v 6.921409 -16.311519 -1.054733
v 6.926305 -16.323340 -1.333723
v 6.644707 -16.439982 -1.333723
v 6.639810 -16.428161 -1.054733
v 6.625162 -16.392797 -0.778086
v 6.600885 -16.334186 -0.506103
v 6.567183 -16.252822 -0.241069
v 6.524338 -16.149387 0.014792
v 6.472712 -16.024749 0.259330
v 6.412736 -15.879955 0.490494
v 6.344915 -15.716220 0.706342
v 6.926305 -16.323340 -1.524000
v 6.644707 -16.439982 -1.524000
v 7.431842 -17.543813 0.000000
v 7.150243 -17.660455 0.000000
v 7.150243 -17.660455 -1.524000
v 7.431842 -17.543813 -1.524000
v 2.618168 -5.922576 11.621237
v 2.336570 -6.039218 11.621237
v 0.000000 -0.398240 11.011637
v 0.281598 -0.281598 11.621237
v 15.716220 -6.344915 0.706342
v 15.879955 -6.412736 0.490494
v 16.024749 -6.472712 0.259330
v 16.149387 -6.524338 0.014792
v 16.252822 -6.567183 -0.241069
v 16.334186 -6.600885 -0.506103
v 16.392797 -6.625162 -0.778086
v 16.428161 -6.639810 -1.054733
v 16.439982 -6.644707 -1.333723
v 16.323340 -6.926305 -1.333723
v 16.311519 -6.921409 -1.054733
v 16.276155 -6.906761 -0.778086
v 16.217544 -6.882483 -0.506103
v 16.136180 -6.848781 -0.241069
v 16.032745 -6.805937 0.014792
v 15.908107 -6.754310 0.259330
v 15.763313 -6.694334 0.490494
v 15.599578 -6.626513 0.706342
v 16.439982 -6.644707 -1.524000
v 16.323340 -6.926305 -1.524000
v 17.660455 -7.150243 0.000000
v 17.543813 -7.431842 0.000000
v 17.543813 -7.431842 -1.524000
v 17.660455 -7.150243 -1.524000
v 6.039218 -2.336570 11.621237
v 5.922576 -2.618168 11.621237
v 0.281598 -0.281598 11.011637
v 0.398240 -0.000000 11.621237
v 0.398240 -0.000000 11.011637
vt 21.401976 136.401535 0.000000
vt -9.078024 136.401535 0.000000
vt 21.401976 102.301151 0.000000
vt -9.078024 102.301151 0.000000
vt 21.401976 68.200767 0.000000
vt -9.078024 68.200767 0.000000
vt 21.401976 34.100384 0.000000
vt -9.078024 34.100384 0.000000
vt 21.401976 0.000000 0.000000
vt -9.078024 0.000000 0.000000
vt 21.401976 -34.100384 0.000000
vt -9.078024 -34.100384 0.000000
vt 21.401976 -68.200767 0.000000
vt -9.078024 -68.200767 0.000000
vt 21.401976 -102.301151 0.000000
vt -9.078024 -102.301151 0.000000
vt 21.401976 -136.401535 0.000000
vt -9.078024 -136.401535 0.000000
vt 30.480000 1479.605561 0.000000
vt 0.000000 1479.605561 0.000000
vt 30.480000 133.372294 0.000000
vt 0.000000 133.372294 0.000000
vt 22.860000 136.401535 0.000000
vt -7.620000 136.401535 0.000000
vt 22.860000 102.301151 0.000000
vt -7.620000 102.301151 0.000000
vt 22.860000 68.200767 0.000000
vt -7.620000 68.200767 0.000000
vt 22.860000 34.100384 0.000000
vt -7.620000 34.100384 0.000000
vt 22.860000 0.000000 0.000000
vt -7.620000 0.000000 0.000000
vt 22.860000 -34.100384 0.000000
vt -7.620000 -34.100384 0.000000
vt 22.860000 -68.200767 0.000000
vt -7.620000 -68.200767 0.000000
vt 22.860000 -102.301151 0.000000
vt -7.620000 -102.301151 0.000000
vt 22.860000 -136.401535 0.000000
vt -7.620000 -136.401535 0.000000
vt 30.480000 1479.605565 0.000000
vt 0.000000 1479.605565 0.000000
vt 30.480000 133.372295 0.000000
vt 0.000000 133.372295 0.000000
vt 22.860000 136.401535 0.000000
vt -7.620000 136.401535 0.000000
vt 22.860000 102.301151 0.000000
vt -7.620000 102.301151 0.000000
vt 22.860000 68.200767 0.000000
vt -7.620000 68.200767 0.000000
vt 22.860000 34.100384 0.000000
vt -7.620000 34.100384 0.000000
vt 22.860000 0.000000 0.000000
vt -7.620000 0.000000 0.000000
vt 22.860000 -34.100384 0.000000
vt -7.620000 -34.100384 0.000000
vt 22.860000 -68.200767 0.000000
vt -7.620000 -68.200767 0.000000
vt 22.860000 -102.301151 0.000000
vt -7.620000 -102.301151 0.000000
vt 22.860000 -136.401535 0.000000
vt -7.620000 -136.401535 0.000000
vt 30.480000 1479.605562 0.000000
vt 0.000000 1479.605562 0.000000
vt 30.480000 133.372294 0.000000
vt 0.000000 133.372294 0.000000
vt 24.318024 136.401535 0.000000
vt -6.161976 136.401535 0.000000
vt 24.318024 102.301151 0.000000
vt -6.161976 102.301151 0.000000
vt 24.318024 68.200767 0.000000
vt -6.161976 68.200767 0.000000
vt 24.318024 34.100384 0.000000
vt -6.161976 34.100384 0.000000
vt 24.318024 0.000000 0.000000
vt -6.161976 0.000000 0.000000
vt 24.318024 -34.100384 0.000000
vt -6.161976 -34.100384 0.000000
vt 24.318024 -68.200767 0.000000
vt -6.161976 -68.200767 0.000000
vt 24.318024 -102.301151 0.000000
vt -6.161976 -102.301151 0.000000
vt 24.318024 -136.401535 0.000000
vt -6.161976 -136.401535 0.000000
vt 30.480000 1479.605561 0.000000
vt 0.000000 1479.605561 0.000000
vt 30.480000 133.372294 0.000000
vt 0.000000 133.372294 0.000000
vt 15.240000 125.721415 0.000000
vt -15.240000 125.721415 0.000000
vt 15.240000 97.783323 0.000000
vt -15.240000 97.783323 0.000000
vt -15.240000 69.845230 0.000000
vt 15.240000 69.845230 0.000000
vt -15.240000 41.907138 0.000000
vt 15.240000 41.907138 0.000000
vt -15.240000 13.969046 0.000000
vt 15.240000 13.969046 0.000000
vt -15.240000 -13.969046 0.000000
vt 15.240000 -13.969046 0.000000
vt -15.240000 -41.907138 0.000000
vt 15.240000 -41.907138 0.000000
vt -15.240000 -69.845230 0.000000
vt 15.240000 -69.845230 0.000000
vt -15.240000 -97.783323 0.000000
vt 15.240000 -97.783323 0.000000
vt 15.240000 -125.721415 0.000000
vt -15.240000 -125.721415 0.000000
vt 0.000000 133.372294 0.000000
vt 30.480000 133.372294 0.000000
vt 0.000000 152.400000 0.000000
vt 30.480000 152.400000 0.000000
vt 0.000000 0.000000 0.000000
vt 30.480000 0.000000 0.000000
vt 0.000000 152.400000 0.000000
vt 30.480000 152.400000 0.000000
vt -39.356747 -55.191553 0.000000
vt -11.196899 -66.855744 0.000000
vt 11.196899 66.855744 0.000000
vt 39.356747 55.191553 0.000000
vt 0.000000 0.000000 0.000000
vt 30.480000 0.000000 0.000000
vt -0.000000 1712.535374 0.000000
vt 30.480000 1712.535374 0.000000
vt 594.079397 0.000000 0.000000
vt 192.722343 60.960000 0.000000
vt -16.495657 0.000000 0.000000
vt 158.671338 62.548465 0.000000
vt 124.916096 67.300064 0.000000
vt 594.079397 60.960000 0.000000
vt 91.749806 75.173524 0.000000
vt 59.460548 86.100459 0.000000
vt 28.328779 99.985959 0.000000
vt -1.375094 116.709415 0.000000
vt -29.393070 136.125573 0.000000
vt -55.481788 158.065785 0.000000
vt -1044.302985 1071.617452 0.000000
vt -1274.369252 1162.123670 0.000000
vt -1063.926784 1091.489473 0.000000
vt -1081.649275 1113.074281 0.000000
vt -1097.321667 1136.190656 0.000000
vt -1110.812378 1160.644518 0.000000
vt -1122.008143 1186.230560 0.000000
vt -1130.814964 1212.733966 0.000000
vt -1137.158903 1239.932222 0.000000
vt -1274.369252 1314.523670 0.000000
vt -1140.986698 1267.596976 0.000000
vt -1142.266210 1295.495964 0.000000
vt -1142.266210 1314.523670 0.000000
vt -283.836802 -137.221018 0.000000
vt 280.260993 96.435940 0.000000
vt -295.500993 -109.061169 0.000000
vt 268.596802 124.595788 0.000000
vt 15.240000 125.721415 0.000000
vt -15.240000 125.721415 0.000000
vt 15.240000 97.783323 0.000000
vt -15.240000 97.783323 0.000000
vt -15.240000 69.845230 0.000000
vt 15.240000 69.845230 0.000000
vt -15.240000 41.907138 0.000000
vt 15.240000 41.907138 0.000000
vt -15.240000 13.969046 0.000000
vt 15.240000 13.969046 0.000000
vt -15.240000 -13.969046 0.000000
vt 15.240000 -13.969046 0.000000
vt -15.240000 -41.907138 0.000000
vt 15.240000 -41.907138 0.000000
vt -15.240000 -69.845230 0.000000
vt 15.240000 -69.845230 0.000000
vt -15.240000 -97.783323 0.000000
vt 15.240000 -97.783323 0.000000
vt 15.240000 -125.721415 0.000000
vt -15.240000 -125.721415 0.000000
vt 0.000000 133.372294 0.000000
vt 30.480000 133.372294 0.000000
vt 0.000000 152.400000 0.000000
vt 30.480000 152.400000 0.000000
vt 0.000000 0.000000 0.000000
vt 30.480000 0.000000 0.000000
vt 0.000000 152.400000 0.000000
vt 30.480000 152.400000 0.000000
vt -39.356747 -55.191553 0.000000
vt -11.196899 -66.855744 0.000000
vt 11.196899 66.855744 0.000000
vt 39.356747 55.191553 0.000000
vt 0.000000 0.000000 0.000000
vt 30.480000 0.000000 0.000000
vt -0.000000 1712.535374 0.000000
vt 30.480000 1712.535374 0.000000
vt 577.583740 0.000000 0.000000
vt 176.226686 60.960000 0.000000
vt -32.991314 0.000000 0.000000
vt 142.175682 62.548465 0.000000
vt 108.420439 67.300064 0.000000
vt 577.583740 60.960000 0.000000
vt 75.254149 75.173524 0.000000
vt 42.964891 86.100459 0.000000
vt 11.833122 99.985959 0.000000
vt -17.870751 116.709415 0.000000
vt -45.888727 136.125573 0.000000
vt -71.977445 158.065785 0.000000
vt -1060.798644 1071.617452 0.000000
vt -1290.864911 1162.123670 0.000000
vt -1080.422442 1091.489473 0.000000
vt -1098.144934 1113.074281 0.000000
vt -1113.817326 1136.190656 0.000000
vt -1127.308036 1160.644518 0.000000
vt -1138.503801 1186.230560 0.000000
vt -1147.310623 1212.733966 0.000000
vt -1153.654562 1239.932222 0.000000
vt -1290.864911 1314.523670 0.000000
vt -1157.482356 1267.596976 0.000000
vt -1158.761868 1295.495964 0.000000
vt -1158.761868 1314.523670 0.000000
vt 124.595788 260.976802 0.000000
vt 96.435940 272.640993 0.000000
vt -109.061169 -303.120993 0.000000
vt -137.221018 -291.456802 0.000000
vt 15.240000 125.721415 0.000000
vt -15.240000 125.721415 0.000000
vt 15.240000 97.783323 0.000000
vt -15.240000 97.783323 0.000000
vt -15.240000 69.845230 0.000000
vt 15.240000 69.845230 0.000000
vt -15.240000 41.907138 0.000000
vt 15.240000 41.907138 0.000000
vt -15.240000 13.969046 0.000000
vt 15.240000 13.969046 0.000000
vt -15.240000 -13.969046 0.000000
vt 15.240000 -13.969046 0.000000
vt -15.240000 -41.907138 0.000000
vt 15.240000 -41.907138 0.000000
vt -15.240000 -69.845230 0.000000
vt 15.240000 -69.845230 0.000000
vt -15.240000 -97.783323 0.000000
vt 15.240000 -97.783323 0.000000
vt 15.240000 -125.721415 0.000000
vt -15.240000 -125.721415 0.000000
vt 0.000000 133.372294 0.000000
vt 30.480000 133.372294 0.000000
vt 0.000000 152.400000 0.000000
vt 30.480000 152.400000 0.000000
vt 0.000000 0.000000 0.000000
vt 30.480000 0.000000 0.000000
vt -0.000000 152.400000 0.000000
vt 30.480000 152.400000 0.000000
vt -39.356747 -55.191553 0.000000
vt -11.196899 -66.855744 0.000000
vt 11.196899 66.855744 0.000000
vt 39.356747 55.191553 0.000000
vt 0.000000 0.000000 0.000000
vt 30.480000 -0.000000 0.000000
vt -0.000000 1712.535374 0.000000
vt 30.480000 1712.535374 0.000000
vt 577.583740 0.000000 0.000000
vt 176.226686 60.960000 0.000000
vt -32.991314 0.000000 0.000000
vt 142.175682 62.548465 0.000000
vt 108.420439 67.300064 0.000000
vt 577.583740 60.960000 0.000000
vt 75.254149 75.173524 0.000000
vt 42.964891 86.100459 0.000000
vt 11.833122 99.985959 0.000000
vt -17.870751 116.709415 0.000000
vt -45.888727 136.125573 0.000000
vt -71.977445 158.065785 0.000000
vt -1060.798644 1071.617452 0.000000
vt -1290.864911 1162.123670 0.000000
vt -1080.422442 1091.489473 0.000000
vt -1098.144934 1113.074281 0.000000
vt -1113.817326 1136.190656 0.000000
vt -1127.308036 1160.644518 0.000000
vt -1138.503801 1186.230560 0.000000
vt -1147.310623 1212.733966 0.000000
vt -1153.654562 1239.932222 0.000000
vt -1290.864911 1314.523670 0.000000
vt -1157.482356 1267.596976 0.000000
vt -1158.761868 1295.495964 0.000000
vt -1158.761868 1314.523670 0.000000
vt 137.221018 -291.456802 0.000000
vt -96.435940 272.640993 0.000000
vt 109.061169 -303.120993 0.000000
vt -124.595788 260.976802 0.000000
vt 15.240000 125.721415 0.000000
vt -15.240000 125.721415 0.000000
vt 15.240000 97.783323 0.000000
vt -15.240000 97.783323 0.000000
vt -15.240000 69.845230 0.000000
vt 15.240000 69.845230 0.000000
vt -15.240000 41.907138 0.000000
vt 15.240000 41.907138 0.000000
vt -15.240000 13.969046 0.000000
vt 15.240000 13.969046 0.000000
vt -15.240000 -13.969046 0.000000
vt 15.240000 -13.969046 0.000000
vt -15.240000 -41.907138 0.000000
vt 15.240000 -41.907138 0.000000
vt -15.240000 -69.845230 0.000000
vt 15.240000 -69.845230 0.000000
vt -15.240000 -97.783323 0.000000
vt 15.240000 -97.783323 0.000000
vt 15.240000 -125.721415 0.000000
vt -15.240000 -125.721415 0.000000
vt 0.000000 133.372294 0.000000
vt 30.480000 133.372294 0.000000
vt 0.000000 152.400000 0.000000
vt 30.480000 152.400000 0.000000
vt 0.000000 0.000000 0.000000
vt 30.480000 0.000000 0.000000
vt -0.000000 152.400000 0.000000
vt 30.480000 152.400000 0.000000
vt -39.356747 -55.191553 0.000000
vt -11.196899 -66.855744 0.000000
vt 11.196899 66.855744 0.000000
vt 39.356747 55.191553 0.000000
vt 0.000000 0.000000 0.000000
vt 30.480000 0.000000 0.000000
vt -0.000000 1712.535374 0.000000
vt 30.480000 1712.535374 0.000000
vt 577.583741 0.000000 0.000000
vt 176.226686 60.960000 0.000000
vt -32.991314 0.000000 0.000000
vt 142.175682 62.548465 0.000000
vt 108.420439 67.300064 0.000000
vt 577.583741 60.960000 0.000000
vt 75.254149 75.173524 0.000000
vt 42.964891 86.100459 0.000000
vt 11.833122 99.985959 0.000000
vt -17.870751 116.709415 0.000000
vt -45.888727 136.125573 0.000000
vt -71.977445 158.065785 0.000000
vt -1060.798645 1071.617452 0.000000
vt -1290.864912 1162.123670 0.000000
vt -1080.422443 1091.489473 0.000000
vt -1098.144935 1113.074281 0.000000
vt -1113.817327 1136.190656 0.000000
vt -1127.308037 1160.644518 0.000000
vt -1138.503802 1186.230560 0.000000
vt -1147.310624 1212.733966 0.000000
vt -1153.654563 1239.932222 0.000000
vt -1290.864912 1314.523670 0.000000
vt -1157.482357 1267.596976 0.000000
vt -1158.761869 1295.495964 0.000000
vt -1158.761869 1314.523670 0.000000
vt -268.596802 124.595788 0.000000
vt -280.260993 96.435940 0.000000
vt 295.500993 -109.061169 0.000000
vt 283.836802 -137.221018 0.000000
vt -0.000000 60.960000 0.000000
vt 0.000000 0.000000 0.000000
vt 401.357054 60.960000 0.000000
vt 610.575054 0.000000 0.000000
vt 435.408059 62.548465 0.000000
vt 469.163302 67.300064 0.000000
vt 502.329591 75.173524 0.000000
vt 534.618849 86.100459 0.000000
vt 565.750618 99.985959 0.000000
vt 595.454491 116.709415 0.000000
vt 623.472467 136.125573 0.000000
vt 649.561185 158.065785 0.000000
vt 1638.382384 1071.617452 0.000000
vt 1868.448651 1162.123670 0.000000
vt 1658.006182 1091.489473 0.000000
vt 1675.728674 1113.074281 0.000000
vt 1691.401066 1136.190656 0.000000
vt 1704.891776 1160.644518 0.000000
vt 1716.087541 1186.230560 0.000000
vt 1724.894363 1212.733966 0.000000
vt 1731.238302 1239.932222 0.000000
vt 1868.448651 1314.523670 0.000000
vt 1735.066096 1267.596976 0.000000
vt 1736.345608 1295.495964 0.000000
vt 1736.345608 1314.523670 0.000000
vt 0.000000 0.000000 0.000000
vt 30.480000 0.000000 0.000000
vt 0.000000 60.960000 0.000000
vt 30.480000 60.960000 0.000000
vt 90.544574 -57.156755 0.000000
vt 102.208765 -28.996907 0.000000
vt -280.260993 96.435940 0.000000
vt -268.596802 124.595788 0.000000
vt -0.000000 60.960000 0.000000
vt -0.000000 0.000000 0.000000
vt 401.357054 60.960000 0.000000
vt 610.575055 0.000000 0.000000
vt 435.408059 62.548465 0.000000
vt 469.163302 67.300064 0.000000
vt 502.329591 75.173524 0.000000
vt 534.618849 86.100459 0.000000
vt 565.750618 99.985959 0.000000
vt 595.454492 116.709415 0.000000
vt 623.472467 136.125573 0.000000
vt 649.561185 158.065785 0.000000
vt 1638.382384 1071.617452 0.000000
vt 1868.448651 1162.123670 0.000000
vt 1658.006182 1091.489473 0.000000
vt 1675.728674 1113.074281 0.000000
vt 1691.401066 1136.190656 0.000000
vt 1704.891776 1160.644518 0.000000
vt 1716.087541 1186.230560 0.000000
vt 1724.894363 1212.733966 0.000000
vt 1731.238302 1239.932222 0.000000
vt 1868.448651 1314.523670 0.000000
vt 1735.066096 1267.596976 0.000000
vt 1736.345609 1295.495964 0.000000
vt 1736.345609 1314.523670 0.000000
vt 0.000000 0.000000 0.000000
vt 30.480000 0.000000 0.000000
vt 0.000000 60.960000 0.000000
vt 30.480000 60.960000 0.000000
vt 57.156755 -98.164574 0.000000
vt -96.435940 272.640993 0.000000
vt 28.996907 -109.828765 0.000000
vt -124.595788 260.976802 0.000000
vt -0.000000 60.960000 0.000000
vt -0.000000 -0.000000 0.000000
vt 401.357054 60.960000 0.000000
vt 610.575054 0.000000 0.000000
vt 435.408059 62.548465 0.000000
vt 469.163302 67.300064 0.000000
vt 502.329591 75.173524 0.000000
vt 534.618849 86.100459 0.000000
vt 565.750618 99.985959 0.000000
vt 595.454491 116.709415 0.000000
vt 623.472467 136.125573 0.000000
vt 649.561185 158.065785 0.000000
vt 1638.382384 1071.617452 0.000000
vt 1868.448651 1162.123670 0.000000
vt 1658.006182 1091.489473 0.000000
vt 1675.728674 1113.074281 0.000000
vt 1691.401066 1136.190656 0.000000
vt 1704.891776 1160.644518 0.000000
vt 1716.087541 1186.230560 0.000000
vt 1724.894363 1212.733966 0.000000
vt 1731.238302 1239.932222 0.000000
vt 1868.448651 1314.523670 0.000000
vt 1735.066096 1267.596976 0.000000
vt 1736.345608 1295.495964 0.000000
vt 1736.345608 1314.523670 0.000000
vt 0.000000 0.000000 0.000000
vt 30.480000 0.000000 0.000000
vt 0.000000 60.960000 0.000000
vt 30.480000 60.960000 0.000000
vt -57.156755 -98.164574 0.000000
vt -28.996907 -109.828765 0.000000
vt 96.435940 272.640993 0.000000
vt 124.595788 260.976802 0.000000
vt -0.000000 60.960000 0.000000
vt -0.000000 0.000000 0.000000
vt 401.357054 60.960000 0.000000
vt 610.575054 0.000000 0.000000
vt 435.408059 62.548465 0.000000
vt 469.163302 67.300064 0.000000
vt 502.329591 75.173524 0.000000
vt 534.618849 86.100459 0.000000
vt 565.750618 99.985959 0.000000
vt 595.454491 116.709415 0.000000
vt 623.472467 136.125573 0.000000
vt 649.561185 158.065785 0.000000
vt 1638.382384 1071.617452 0.000000
vt 1868.448651 1162.123670 0.000000
vt 1658.006182 1091.489473 0.000000
vt 1675.728674 1113.074281 0.000000
vt 1691.401066 1136.190656 0.000000
vt 1704.891776 1160.644518 0.000000
vt 1716.087541 1186.230560 0.000000
vt 1724.894363 1212.733966 0.000000
vt 1731.238302 1239.932222 0.000000
vt 1868.448651 1314.523670 0.000000
vt 1735.066096 1267.596976 0.000000
vt 1736.345608 1295.495964 0.000000
vt 1736.345608 1314.523670 0.000000
vt 0.000000 0.000000 0.000000
vt 30.480000 0.000000 0.000000
vt 0.000000 60.960000 0.000000
vt 30.480000 60.960000 0.000000
vt -90.544574 -57.156755 0.000000
vt 280.260993 96.435940 0.000000
vt -102.208765 -28.996907 0.000000
vt 268.596802 124.595788 0.000000
vn 0.000000 0.000000 -100.000000
vn 0.000000 0.000000 -100.000000
vn 8.601002 3.562652 -99.565708
vn 8.601002 3.562652 -99.565708
vn 17.127298 7.094359 -98.266605
vn 17.127298 7.094359 -98.266605
vn 25.504828 10.564446 -96.113975
vn 25.504828 10.564446 -96.113975
vn 33.660828 13.942772 -93.126515
vn 33.660828 13.942772 -93.126515
vn 41.524456 17.199993 -89.330173
vn 41.524456 17.199993 -89.330173
vn 49.027409 20.307818 -84.757924
vn 49.027409 20.307818 -84.757924
vn 56.104518 23.239252 -79.449482
vn 56.104518 23.239252 -79.449482
vn 62.694312 25.968834 -73.450956
vn 62.694312 25.968834 -73.450956
vn 62.694312 25.968834 -73.450956
vn 62.694312 25.968834 -73.450956
vn 0.000000 0.000000 -100.000000
vn -0.000000 -0.000000 -100.000000
vn 3.562652 8.601002 -99.565708
vn 3.562652 8.601002 -99.565708
vn 7.094359 17.127298 -98.266605
vn 7.094359 17.127298 -98.266605
vn 10.564446 25.504828 -96.113975
vn 10.564446 25.504828 -96.113975
vn 13.942772 33.660828 -93.126515
vn 13.942772 33.660828 -93.126515
vn 17.199993 41.524456 -89.330173
vn 17.199993 41.524456 -89.330173
vn 20.307818 49.027409 -84.757924
vn 20.307818 49.027409 -84.757924
vn 23.239252 56.104518 -79.449482
vn 23.239252 56.104518 -79.449482
vn 25.968834 62.694312 -73.450956
vn 25.968834 62.694312 -73.450956
vn 25.968834 62.694312 -73.450956
vn 25.968834 62.694312 -73.450956
vn -0.000000 0.000000 -100.000000
vn 0.000000 -0.000000 -100.000000
vn -3.562652 8.601002 -99.565708
vn -3.562652 8.601002 -99.565708
vn -7.094359 17.127298 -98.266605
vn -7.094359 17.127298 -98.266605
vn -10.564446 25.504828 -96.113975
vn -10.564446 25.504828 -96.113975
vn -13.942772 33.660828 -93.126515
vn -13.942772 33.660828 -93.126515
vn -17.199993 41.524456 -89.330173
vn -17.199993 41.524456 -89.330173
vn -20.307818 49.027409 -84.757924
vn -20.307818 49.027409 -84.757924
vn -23.239252 56.104518 -79.449482
vn -23.239252 56.104518 -79.449482
vn -25.968834 62.694312 -73.450956
vn -25.968834 62.694312 -73.450956
vn -25.968834 62.694312 -73.450956
vn -25.968834 62.694312 -73.450956
vn 0.000000 -0.000000 -100.000000
vn -0.000000 0.000000 -100.000000
vn -8.601002 3.562652 -99.565708
vn -8.601002 3.562652 -99.565708
vn -17.127298 7.094359 -98.266605
vn -17.127298 7.094359 -98.266605
vn -25.504828 10.564446 -96.113975
vn -25.504828 10.564446 -96.113975
vn -33.660828 13.942772 -93.126515
vn -33.660828 13.942772 -93.126515
vn -41.524456 17.199993 -89.330173
vn -41.524456 17.199993 -89.330173
vn -49.027409 20.307818 -84.757924
vn -49.027409 20.307818 -84.757924
vn -56.104518 23.239252 -79.449482
vn -56.104518 23.239252 -79.449482
vn -62.694312 25.968834 -73.450956
vn -62.694312 25.968834 -73.450956
vn -62.694312 25.968834 -73.450956
vn -62.694312 25.968834 -73.450956
vn 68.642483 28.432648 -66.931264
vn 68.642483 28.432648 -66.931264
vn 74.014349 30.657747 -59.849634
vn 74.014349 30.657747 -59.849634
vn 78.764809 32.625452 -52.265521
vn 78.764809 32.625452 -52.265521
vn 82.853980 34.319242 -44.242600
vn 82.853980 34.319242 -44.242600
vn 86.247529 35.724896 -35.848230
vn 86.247529 35.724896 -35.848230
vn 88.916965 36.830613 -27.152886
vn 88.916965 36.830613 -27.152886
vn 90.839877 37.627109 -18.229574
vn 90.839877 37.627109 -18.229574
vn 92.000120 38.107698 -9.153211
vn 92.000120 38.107698 -9.153211
vn 92.387953 38.268343 -0.000000
vn 92.387953 38.268343 -0.000000
vn 92.387953 38.268343 0.000000
vn 92.387953 38.268343 0.000000
vn -92.387953 -38.268343 0.000000
vn -92.387953 -38.268343 0.000000
vn -92.387953 -38.268343 0.000000
vn -92.387953 -38.268343 0.000000
vn 0.000000 0.000000 -100.000000
vn 0.000000 0.000000 -100.000000
vn 0.000000 0.000000 -100.000000
vn 0.000000 0.000000 -100.000000
vn -62.694312 -25.968834 73.450956
vn -62.694312 -25.968834 73.450956
vn -62.694312 -25.968834 73.450956
vn -62.694312 -25.968834 73.450956
vn -38.268343 92.387953 0.000000
vn -38.268343 92.387953 0.000000
vn -38.268343 92.387953 0.000000
vn -38.268343 92.387953 0.000000
vn -38.268343 92.387953 0.000000
vn -38.268343 92.387953 0.000000
vn -38.268343 92.387953 0.000000
vn -38.268343 92.387953 0.000000
vn -38.268343 92.387953 0.000000
vn -38.268343 92.387953 0.000000
vn -38.268343 92.387953 0.000000
vn -38.268343 92.387953 0.000000
vn -38.268343 92.387953 0.000000
vn -38.268343 92.387953 0.000000
vn -38.268343 92.387953 0.000000
vn -38.268343 92.387953 0.000000
vn -38.268343 92.387953 0.000000
vn -38.268343 92.387953 0.000000
vn -38.268343 92.387953 0.000000
vn -38.268343 92.387953 0.000000
vn -38.268343 92.387953 0.000000
vn -38.268343 92.387953 0.000000
vn -38.268343 92.387953 0.000000
vn -38.268343 92.387953 0.000000
vn -38.268343 92.387953 0.000000
vn 0.000000 0.000000 100.000000
vn 0.000000 0.000000 100.000000
vn 0.000000 0.000000 100.000000
vn 0.000000 0.000000 100.000000
vn 28.432648 68.642483 -66.931264
vn 28.432648 68.642483 -66.931264
vn 30.657747 74.014349 -59.849634
vn 30.657747 74.014349 -59.849634
vn 32.625452 78.764809 -52.265521
vn 32.625452 78.764809 -52.265521
vn 34.319242 82.853980 -44.242600
vn 34.319242 82.853980 -44.242600
vn 35.724896 86.247529 -35.848230
vn 35.724896 86.247529 -35.848230
vn 36.830613 88.916965 -27.152886
vn 36.830613 88.916965 -27.152886
vn 37.627109 90.839877 -18.229574
vn 37.627109 90.839877 -18.229574
vn 38.107698 92.000120 -9.153211
vn 38.107698 92.000120 -9.153211
vn 38.268343 92.387953 0.000000
vn 38.268343 92.387953 -0.000000
vn 38.268343 92.387953 0.000000
vn 38.268343 92.387953 0.000000
vn -38.268343 -92.387953 0.000000
vn -38.268343 -92.387953 0.000000
vn -38.268343 -92.387953 0.000000
vn -38.268343 -92.387953 0.000000
vn 0.000000 0.000000 -100.000000
vn 0.000000 0.000000 -100.000000
vn 0.000000 0.000000 -100.000000
vn 0.000000 0.000000 -100.000000
vn -25.968834 -62.694312 73.450956
vn -25.968834 -62.694312 73.450956
vn -25.968834 -62.694312 73.450956
vn -25.968834 -62.694312 73.450956
vn -92.387953 38.268343 0.000000
vn -92.387953 38.268343 0.000000
vn -92.387953 38.268343 0.000000
vn -92.387953 38.268343 0.000000
vn -92.387953 38.268343 0.000000
vn -92.387953 38.268343 0.000000
vn -92.387953 38.268343 0.000000
vn -92.387953 38.268343 0.000000
vn -92.387953 38.268343 0.000000
vn -92.387953 38.268343 0.000000
vn -92.387953 38.268343 0.000000
vn -92.387953 38.268343 0.000000
vn -92.387953 38.268343 0.000000
vn -92.387953 38.268343 0.000000
vn -92.387953 38.268343 0.000000
vn -92.387953 38.268343 0.000000
vn -92.387953 38.268343 0.000000
vn -92.387953 38.268343 0.000000
vn -92.387953 38.268343 0.000000
vn -92.387953 38.268343 0.000000
vn -92.387953 38.268343 0.000000
vn -92.387953 38.268343 0.000000
vn -92.387953 38.268343 0.000000
vn -92.387953 38.268343 0.000000
vn -92.387953 38.268343 0.000000
vn 0.000000 0.000000 100.000000
vn 0.000000 0.000000 100.000000
vn 0.000000 0.000000 100.000000
vn -28.432648 68.642483 -66.931264
vn -28.432648 68.642483 -66.931264
vn -30.657747 74.014349 -59.849634
vn -30.657747 74.014349 -59.849634
vn -32.625452 78.764809 -52.265521
vn -32.625452 78.764809 -52.265521
vn -34.319242 82.853980 -44.242600
vn -34.319242 82.853980 -44.242600
vn -35.724896 86.247529 -35.848230
vn -35.724896 86.247529 -35.848230
vn -36.830613 88.916965 -27.152886
vn -36.830613 88.916965 -27.152886
vn -37.627109 90.839877 -18.229574
vn -37.627109 90.839877 -18.229574
vn -38.107698 92.000120 -9.153211
vn -38.107698 92.000120 -9.153211
vn -38.268343 92.387953 0.000000
vn -38.268343 92.387953 0.000000
vn -38.268343 92.387953 0.000000
vn -38.268343 92.387953 0.000000
vn 38.268343 -92.387953 0.000000
vn 38.268343 -92.387953 0.000000
vn 38.268343 -92.387953 0.000000
vn 38.268343 -92.387953 0.000000
vn 0.000000 0.000000 -100.000000
vn 0.000000 0.000000 -100.000000
vn 0.000000 0.000000 -100.000000
vn 0.000000 0.000000 -100.000000
vn 25.968834 -62.694312 73.450956
vn 25.968834 -62.694312 73.450956
vn 25.968834 -62.694312 73.450956
vn 25.968834 -62.694312 73.450956
vn -92.387953 -38.268343 0.000000
vn -92.387953 -38.268343 0.000000
vn -92.387953 -38.268343 0.000000
vn -92.387953 -38.268343 0.000000
vn -92.387953 -38.268343 0.000000
vn -92.387953 -38.268343 0.000000
vn -92.387953 -38.268343 0.000000
vn -92.387953 -38.268343 0.000000
vn -92.387953 -38.268343 0.000000
vn -92.387953 -38.268343 0.000000
vn -92.387953 -38.268343 0.000000
vn -92.387953 -38.268343 0.000000
vn -92.387953 -38.268343 0.000000
vn -92.387953 -38.268343 0.000000
vn -92.387953 -38.268343 0.000000
vn -92.387953 -38.268343 0.000000
vn -92.387953 -38.268343 0.000000
vn -92.387953 -38.268343 0.000000
vn -92.387953 -38.268343 0.000000
vn -92.387953 -38.268343 0.000000
vn -92.387953 -38.268343 0.000000
vn -92.387953 -38.268343 0.000000
vn -92.387953 -38.268343 0.000000
vn -92.387953 -38.268343 0.000000
vn -92.387953 -38.268343 0.000000
vn 0.000000 0.000000 100.000000
vn 0.000000 0.000000 100.000000
vn 0.000000 0.000000 100.000000
vn -68.642483 28.432648 -66.931264
vn -68.642483 28.432648 -66.931264
vn -74.014349 30.657747 -59.849634
vn -74.014349 30.657747 -59.849634
vn -78.764809 32.625452 -52.265521
vn -78.764809 32.625452 -52.265521
vn -82.853980 34.319242 -44.242600
vn -82.853980 34.319242 -44.242600
vn -86.247529 35.724896 -35.848230
vn -86.247529 35.724896 -35.848230
vn -88.916965 36.830613 -27.152886
vn -88.916965 36.830613 -27.152886
vn -90.839877 37.627109 -18.229574
vn -90.839877 37.627109 -18.229574
vn -92.000120 38.107698 -9.153211
vn -92.000120 38.107698 -9.153211
vn -92.387953 38.268343 0.000000
vn -92.387953 38.268343 -0.000000
vn -92.387953 38.268343 0.000000
vn -92.387953 38.268343 0.000000
vn 92.387953 -38.268343 0.000000
vn 92.387953 -38.268343 0.000000
vn 92.387953 -38.268343 0.000000
vn 92.387953 -38.268343 0.000000
vn 0.000000 0.000000 -100.000000
vn 0.000000 0.000000 -100.000000
vn 0.000000 0.000000 -100.000000
vn 0.000000 0.000000 -100.000000
vn 62.694312 -25.968834 73.450956
vn 62.694312 -25.968834 73.450956
vn 62.694312 -25.968834 73.450956
vn 62.694312 -25.968834 73.450956
vn -38.268343 -92.387953 0.000000
vn -38.268343 -92.387953 0.000000
vn -38.268343 -92.387953 0.000000
vn -38.268343 -92.387953 0.000000
vn -38.268343 -92.387953 0.000000
vn -38.268343 -92.387953 0.000000
vn -38.268343 -92.387953 0.000000
vn -38.268343 -92.387953 0.000000
vn -38.268343 -92.387953 0.000000
vn -38.268343 -92.387953 0.000000
vn -38.268343 -92.387953 0.000000
vn -38.268343 -92.387953 0.000000
vn -38.268343 -92.387953 0.000000
vn -38.268343 -92.387953 0.000000
vn -38.268343 -92.387953 0.000000
vn -38.268343 -92.387953 0.000000
vn -38.268343 -92.387953 0.000000
vn -38.268343 -92.387953 0.000000
vn -38.268343 -92.387953 0.000000
vn -38.268343 -92.387953 0.000000
vn -38.268343 -92.387953 0.000000
vn -38.268343 -92.387953 0.000000
vn -38.268343 -92.387953 0.000000
vn -38.268343 -92.387953 0.000000
vn -38.268343 -92.387953 0.000000
vn 0.000000 0.000000 100.000000
vn 0.000000 0.000000 100.000000
vn 0.000000 0.000000 100.000000
vn 38.268343 -92.387953 0.000000
vn 38.268343 -92.387953 0.000000
vn 38.268343 -92.387953 0.000000
vn 38.268343 -92.387953 0.000000
vn 38.268343 -92.387953 0.000000
vn 38.268343 -92.387953 0.000000
vn 38.268343 -92.387953 0.000000
vn 38.268343 -92.387953 0.000000
vn 38.268343 -92.387953 0.000000
vn 38.268343 -92.387953 0.000000
vn 38.268343 -92.387953 0.000000
vn 38.268343 -92.387953 0.000000
vn 38.268343 -92.387953 0.000000
vn 38.268343 -92.387953 0.000000
vn 38.268343 -92.387953 0.000000
vn 38.268343 -92.387953 0.000000
vn 38.268343 -92.387953 0.000000
vn 38.268343 -92.387953 0.000000
vn 38.268343 -92.387953 0.000000
vn 38.268343 -92.387953 0.000000
vn 38.268343 -92.387953 0.000000
vn 38.268343 -92.387953 0.000000
vn 38.268343 -92.387953 0.000000
vn 38.268343 -92.387953 0.000000
vn 38.268343 -92.387953 0.000000
vn 92.387953 38.268343 0.000000
vn 92.387953 38.268343 0.000000
vn 92.387953 38.268343 0.000000
vn 92.387953 38.268343 0.000000
vn 0.000000 0.000000 -100.000000
vn 0.000000 0.000000 -100.000000
vn 92.387953 -38.268343 0.000000
vn 92.387953 -38.268343 0.000000
vn 92.387953 -38.268343 0.000000
vn 92.387953 -38.268343 0.000000
vn 92.387953 -38.268343 0.000000
vn 92.387953 -38.268343 0.000000
vn 92.387953 -38.268343 0.000000
vn 92.387953 -38.268343 0.000000
vn 92.387953 -38.268343 0.000000
vn 92.387953 -38.268343 0.000000
vn 92.387953 -38.268343 0.000000
vn 92.387953 -38.268343 0.000000
vn 92.387953 -38.268343 0.000000
vn 92.387953 -38.268343 0.000000
vn 92.387953 -38.268343 0.000000
vn 92.387953 -38.268343 0.000000
vn 92.387953 -38.268343 0.000000
vn 92.387953 -38.268343 0.000000
vn 92.387953 -38.268343 0.000000
vn 92.387953 -38.268343 0.000000
vn 92.387953 -38.268343 0.000000
vn 92.387953 -38.268343 0.000000
vn 92.387953 -38.268343 0.000000
vn 92.387953 -38.268343 0.000000
vn 92.387953 -38.268343 0.000000
vn 38.268343 92.387953 0.000000
vn 38.268343 92.387953 0.000000
vn 38.268343 92.387953 0.000000
vn 38.268343 92.387953 0.000000
vn 0.000000 0.000000 -100.000000
vn 92.387953 38.268343 0.000000
vn 92.387953 38.268343 0.000000
vn 92.387953 38.268343 0.000000
vn 92.387953 38.268343 0.000000
vn 92.387953 38.268343 0.000000
vn 92.387953 38.268343 0.000000
vn 92.387953 38.268343 0.000000
vn 92.387953 38.268343 0.000000
vn 92.387953 38.268343 0.000000
vn 92.387953 38.268343 0.000000
vn 92.387953 38.268343 0.000000
vn 92.387953 38.268343 0.000000
vn 92.387953 38.268343 0.000000
vn 92.387953 38.268343 0.000000
vn 92.387953 38.268343 0.000000
vn 92.387953 38.268343 0.000000
vn 92.387953 38.268343 0.000000
vn 92.387953 38.268343 0.000000
vn 92.387953 38.268343 0.000000
vn 92.387953 38.268343 0.000000
vn 92.387953 38.268343 0.000000
vn 92.387953 38.268343 0.000000
vn 92.387953 38.268343 0.000000
vn 92.387953 38.268343 0.000000
vn 92.387953 38.268343 0.000000
vn -38.268343 92.387953 0.000000
vn -38.268343 92.387953 0.000000
vn -38.268343 92.387953 0.000000
vn -38.268343 92.387953 0.000000
vn 0.000000 0.000000 -100.000000
vn 38.268343 92.387953 0.000000
vn 38.268343 92.387953 0.000000
vn 38.268343 92.387953 0.000000
vn 38.268343 92.387953 0.000000
vn 38.268343 92.387953 0.000000
vn 38.268343 92.387953 0.000000
vn 38.268343 92.387953 0.000000
vn 38.268343 92.387953 0.000000
vn 38.268343 92.387953 0.000000
vn 38.268343 92.387953 0.000000
vn 38.268343 92.387953 0.000000
vn 38.268343 92.387953 0.000000
vn 38.268343 92.387953 0.000000
vn 38.268343 92.387953 0.000000
vn 38.268343 92.387953 0.000000
vn 38.268343 92.387953 0.000000
vn 38.268343 92.387953 0.000000
vn 38.268343 92.387953 0.000000
vn 38.268343 92.387953 0.000000
vn 38.268343 92.387953 0.000000
vn 38.268343 92.387953 0.000000
vn 38.268343 92.387953 0.000000
vn 38.268343 92.387953 0.000000
vn 38.268343 92.387953 0.000000
vn 38.268343 92.387953 0.000000
vn -92.387953 38.268343 0.000000
vn -92.387953 38.268343 0.000000
vn -92.387953 38.268343 0.000000
vn -92.387953 38.268343 0.000000
vn 0.000000 0.000000 -100.000000
usemtl Verrtical_Beams
f 246/685/685 229/686/686 245/687/687
f 245/687/687 229/686/686 230/688/688
f 245/687/687 230/688/688 244/689/689
f 244/689/689 230/688/688 231/690/690
f 244/689/689 231/690/690 243/691/691
f 243/691/691 231/690/690 232/692/692
f 243/691/691 232/692/692 242/693/693
f 242/693/693 232/692/692 233/694/694
f 242/693/693 233/694/694 241/695/695
f 241/695/695 233/694/694 234/696/696
f 241/695/695 234/696/696 240/697/697
f 240/697/697 234/696/696 235/698/698
f 240/697/697 235/698/698 239/699/699
f 239/699/699 235/698/698 236/700/700
f 239/699/699 236/700/700 238/701/701
f 238/701/701 236/700/700 237/702/702
f 238/703/701 237/704/702 248/705/703
f 248/705/703 237/704/702 247/706/704
f 266/707/705 249/708/706 265/709/707
f 265/709/707 249/708/706 250/710/708
f 265/709/707 250/710/708 264/711/709
f 264/711/709 250/710/708 251/712/710
f 264/711/709 251/712/710 263/713/711
f 263/713/711 251/712/710 252/714/712
f 263/713/711 252/714/712 262/715/713
f 262/715/713 252/714/712 253/716/714
f 262/715/713 253/716/714 261/717/715
f 261/717/715 253/716/714 254/718/716
f 261/717/715 254/718/716 260/719/717
f 260/719/717 254/718/716 255/720/718
f 260/719/717 255/720/718 259/721/719
f 259/721/719 255/720/718 256/722/720
f 259/721/719 256/722/720 258/723/721
f 258/723/721 256/722/720 257/724/722
f 258/725/721 257/726/722 268/727/723
f 268/727/723 257/726/722 267/728/724
f 286/729/725 269/730/726 285/731/727
f 285/731/727 269/730/726 270/732/728
f 285/731/727 270/732/728 284/733/729
f 284/733/729 270/732/728 271/734/730
f 284/733/729 271/734/730 283/735/731
f 283/735/731 271/734/730 272/736/732
f 283/735/731 272/736/732 282/737/733
f 282/737/733 272/736/732 273/738/734
f 282/737/733 273/738/734 281/739/735
f 281/739/735 273/738/734 274/740/736
f 281/739/735 274/740/736 280/741/737
f 280/741/737 274/740/736 275/742/738
f 280/741/737 275/742/738 279/743/739
f 279/743/739 275/742/738 276/744/740
f 279/743/739 276/744/740 278/745/741
f 278/745/741 276/744/740 277/746/742
f 278/747/741 277/748/742 288/749/743
f 288/749/743 277/748/742 287/750/744
f 306/751/745 289/752/746 305/753/747
f 305/753/747 289/752/746 290/754/748
f 305/753/747 290/754/748 304/755/749
f 304/755/749 290/754/748 291/756/750
f 304/755/749 291/756/750 303/757/751
f 303/757/751 291/756/750 292/758/752
f 303/757/751 292/758/752 302/759/753
f 302/759/753 292/758/752 293/760/754
f 302/759/753 293/760/754 301/761/755
f 301/761/755 293/760/754 294/762/756
f 301/761/755 294/762/756 300/763/757
f 300/763/757 294/762/756 295/764/758
f 300/763/757 295/764/758 299/765/759
f 299/765/759 295/764/758 296/766/760
f 299/765/759 296/766/760 298/767/761
f 298/767/761 296/766/760 297/768/762
f 298/769/761 297/770/762 308/771/763
f 308/771/763 297/770/762 307/772/764
f 248/773/703 247/774/704 326/775/765
f 326/775/765 247/774/704 309/776/766
f 326/775/765 309/776/766 310/777/767
f 326/775/765 310/777/767 325/778/768
f 325/778/768 310/777/767 311/779/769
f 325/778/768 311/779/769 324/780/770
f 324/780/770 311/779/769 312/781/771
f 324/780/770 312/781/771 323/782/772
f 323/782/772 312/781/771 313/783/773
f 323/782/772 313/783/773 322/784/774
f 322/784/774 313/783/773 314/785/775
f 322/784/774 314/785/775 321/786/776
f 321/786/776 314/785/775 315/787/777
f 321/786/776 315/787/777 320/788/778
f 320/788/778 315/787/777 316/789/779
f 320/788/778 316/789/779 319/790/780
f 319/790/780 316/789/779 318/791/781
f 318/791/781 316/789/779 317/792/782
f 318/793/781 317/794/782 328/795/783
f 328/795/783 317/794/782 327/796/784
f 329/797/785 330/798/786 332/799/787
f 332/799/787 330/798/786 331/800/788
f 332/801/789 331/802/790 327/803/791
f 327/803/791 331/802/790 328/804/792
f 330/805/793 329/806/794 334/807/795
f 334/807/795 329/806/794 333/808/796
f 335/809/797 246/810/798 334/811/799
f 334/811/799 246/810/798 245/812/800
f 334/811/799 245/812/800 244/813/801
f 335/809/797 336/814/802 246/810/798
f 244/813/801 243/815/803 334/811/799
f 334/811/799 243/815/803 242/816/804
f 334/811/799 242/816/804 241/817/805
f 241/817/805 240/818/806 334/811/799
f 334/811/799 240/818/806 239/819/807
f 334/811/799 239/819/807 238/820/808
f 238/820/808 248/821/809 334/811/799
f 334/811/799 248/821/809 330/822/810
f 330/822/810 248/821/809 326/823/811
f 330/822/810 326/823/811 325/824/812
f 325/824/812 324/825/813 330/822/810
f 330/822/810 324/825/813 323/826/814
f 330/822/810 323/826/814 322/827/815
f 322/827/815 321/828/816 330/822/810
f 330/822/810 321/828/816 320/829/817
f 330/822/810 320/829/817 331/830/818
f 331/830/818 320/829/817 319/831/819
f 331/830/818 319/831/819 318/832/820
f 318/832/820 328/833/821 331/830/818
f 333/834/822 337/835/823 334/836/824
f 334/836/824 337/835/823 335/837/825
f 268/838/723 267/839/724 355/840/826
f 355/840/826 267/839/724 338/841/827
f 355/840/826 338/841/827 339/842/828
f 355/840/826 339/842/828 354/843/829
f 354/843/829 339/842/828 340/844/830
f 354/843/829 340/844/830 353/845/831
f 353/845/831 340/844/830 341/846/832
f 353/845/831 341/846/832 352/847/833
f 352/847/833 341/846/832 342/848/834
f 352/847/833 342/848/834 351/849/835
f 351/849/835 342/848/834 343/850/836
f 351/849/835 343/850/836 350/851/837
f 350/851/837 343/850/836 344/852/838
f 350/851/837 344/852/838 349/853/839
f 349/853/839 344/852/838 345/854/840
f 349/853/839 345/854/840 348/855/841
f 348/855/841 345/854/840 347/856/842
f 347/856/842 345/854/840 346/857/843
f 347/858/842 346/859/843 357/860/844
f 357/860/844 346/859/843 356/861/845
f 358/862/846 359/863/847 361/864/848
f 361/864/848 359/863/847 360/865/849
f 361/866/850 360/867/851 356/868/852
f 356/868/852 360/867/851 357/869/853
f 359/870/854 358/871/855 363/872/856
f 363/872/856 358/871/855 362/873/857
f 337/874/858 266/875/859 363/876/860
f 363/876/860 266/875/859 265/877/861
f 363/876/860 265/877/861 264/878/862
f 337/874/858 364/879/863 266/875/859
f 264/878/862 263/880/864 363/876/860
f 363/876/860 263/880/864 262/881/865
f 363/876/860 262/881/865 261/882/866
f 261/882/866 260/883/867 363/876/860
f 363/876/860 260/883/867 259/884/868
f 363/876/860 259/884/868 258/885/869
f 258/885/869 268/886/870 363/876/860
f 363/876/860 268/886/870 359/887/871
f 359/887/871 268/886/870 355/888/872
f 359/887/871 355/888/872 354/889/873
f 354/889/873 353/890/874 359/887/871
f 359/887/871 353/890/874 352/891/875
f 359/887/871 352/891/875 351/892/876
f 351/892/876 350/893/877 359/887/871
f 359/887/871 350/893/877 349/894/878
f 359/887/871 349/894/878 360/895/879
f 360/895/879 349/894/878 348/896/880
f 360/895/879 348/896/880 347/897/881
f 347/897/881 357/898/882 360/895/879
f 365/899/883 337/900/823 362/901/884
f 362/901/884 337/900/823 363/902/885
f 288/903/743 287/904/744 383/905/886
f 383/905/886 287/904/744 366/906/887
f 383/905/886 366/906/887 367/907/888
f 383/905/886 367/907/888 382/908/889
f 382/908/889 367/907/888 368/909/890
f 382/908/889 368/909/890 381/910/891
f 381/910/891 368/909/890 369/911/892
f 381/910/891 369/911/892 380/912/893
f 380/912/893 369/911/892 370/913/894
f 380/912/893 370/913/894 379/914/895
f 379/914/895 370/913/894 371/915/896
f 379/914/895 371/915/896 378/916/897
f 378/916/897 371/915/896 372/917/898
f 378/916/897 372/917/898 377/918/899
f 377/918/899 372/917/898 373/919/900
f 377/918/899 373/919/900 376/920/901
f 376/920/901 373/919/900 375/921/902
f 375/921/902 373/919/900 374/922/903
f 375/923/902 374/924/903 385/925/904
f 385/925/904 374/924/903 384/926/905
f 386/927/906 387/928/907 389/929/908
f 389/929/908 387/928/907 388/930/909
f 389/931/910 388/932/911 384/933/912
f 384/933/912 388/932/911 385/934/913
f 387/935/914 386/936/915 391/937/916
f 391/937/916 386/936/915 390/938/917
f 365/939/918 286/940/919 391/941/920
f 391/941/920 286/940/919 285/942/921
f 391/941/920 285/942/921 284/943/922
f 365/939/918 392/944/923 286/940/919
f 284/943/922 283/945/924 391/941/920
f 391/941/920 283/945/924 282/946/925
f 391/941/920 282/946/925 281/947/926
f 281/947/926 280/948/927 391/941/920
f 391/941/920 280/948/927 279/949/928
f 391/941/920 279/949/928 278/950/929
f 278/950/929 288/951/930 391/941/920
f 391/941/920 288/951/930 387/952/931
f 387/952/931 288/951/930 383/953/932
f 387/952/931 383/953/932 382/954/933
f 382/954/933 381/955/934 387/952/931
f 387/952/931 381/955/934 380/956/935
f 387/952/931 380/956/935 379/957/936
f 379/957/936 378/958/937 387/952/931
f 387/952/931 378/958/937 377/959/938
f 387/952/931 377/959/938 388/960/939
f 388/960/939 377/959/938 376/961/940
f 388/960/939 376/961/940 375/962/941
f 375/962/941 385/963/942 388/960/939
f 390/964/943 393/965/944 391/966/945
f 391/966/945 393/965/944 365/967/883
f 308/968/763 307/969/764 411/970/946
f 411/970/946 307/969/764 394/971/947
f 411/970/946 394/971/947 395/972/948
f 411/970/946 395/972/948 410/973/949
f 410/973/949 395/972/948 396/974/950
f 410/973/949 396/974/950 409/975/951
f 409/975/951 396/974/950 397/976/952
f 409/975/951 397/976/952 408/977/953
f 408/977/953 397/976/952 398/978/954
f 408/977/953 398/978/954 407/979/955
f 407/979/955 398/978/954 399/980/956
f 407/979/955 399/980/956 406/981/957
f 406/981/957 399/980/956 400/982/958
f 406/981/957 400/982/958 405/983/959
f 405/983/959 400/982/958 401/984/960
f 405/983/959 401/984/960 404/985/961
f 404/985/961 401/984/960 403/986/962
f 403/986/962 401/984/960 402/987/963
f 403/988/962 402/989/963 413/990/964
f 413/990/964 402/989/963 412/991/965
f 414/992/966 415/993/967 417/994/968
f 417/994/968 415/993/967 416/995/969
f 417/996/970 416/997/971 412/998/972
f 412/998/972 416/997/971 413/999/973
f 415/1000/974 414/1001/975 419/1002/976
f 419/1002/976 414/1001/975 418/1003/977
f 393/1004/978 306/1005/979 419/1006/980
f 419/1006/980 306/1005/979 305/1007/981
f 419/1006/980 305/1007/981 304/1008/982
f 393/1004/978 420/1009/983 306/1005/979
f 304/1008/982 303/1010/984 419/1006/980
f 419/1006/980 303/1010/984 302/1011/985
f 419/1006/980 302/1011/985 301/1012/986
f 301/1012/986 300/1013/987 419/1006/980
f 419/1006/980 300/1013/987 299/1014/988
f 419/1006/980 299/1014/988 298/1015/989
f 298/1015/989 308/1016/990 419/1006/980
f 419/1006/980 308/1016/990 415/1017/991
f 415/1017/991 308/1016/990 411/1018/992
f 415/1017/991 411/1018/992 410/1019/993
f 410/1019/993 409/1020/994 415/1017/991
f 415/1017/991 409/1020/994 408/1021/995
f 415/1017/991 408/1021/995 407/1022/996
f 407/1022/996 406/1023/997 415/1017/991
f 415/1017/991 406/1023/997 405/1024/998
f 415/1017/991 405/1024/998 416/1025/999
f 416/1025/999 405/1024/998 404/1026/1000
f 416/1025/999 404/1026/1000 403/1027/1001
f 403/1027/1001 413/1028/1002 416/1025/999
f 421/1029/1003 393/1030/944 418/1031/1004
f 418/1031/1004 393/1030/944 419/1032/1005
f 364/1033/1006 337/1034/1007 229/1035/1008
f 229/1035/1008 337/1034/1007 333/1036/1009
f 229/1035/1008 333/1036/1009 230/1037/1010
f 230/1037/1010 333/1036/1009 231/1038/1011
f 231/1038/1011 333/1036/1009 232/1039/1012
f 232/1039/1012 333/1036/1009 233/1040/1013
f 233/1040/1013 333/1036/1009 234/1041/1014
f 234/1041/1014 333/1036/1009 235/1042/1015
f 235/1042/1015 333/1036/1009 236/1043/1016
f 236/1043/1016 333/1036/1009 237/1044/1017
f 237/1044/1017 333/1036/1009 247/1045/1018
f 247/1045/1018 333/1036/1009 329/1046/1019
f 247/1045/1018 329/1046/1019 309/1047/1020
f 309/1047/1020 329/1046/1019 310/1048/1021
f 310/1048/1021 329/1046/1019 311/1049/1022
f 311/1049/1022 329/1046/1019 312/1050/1023
f 312/1050/1023 329/1046/1019 313/1051/1024
f 313/1051/1024 329/1046/1019 314/1052/1025
f 314/1052/1025 329/1046/1019 315/1053/1026
f 315/1053/1026 329/1046/1019 332/1054/1027
f 315/1053/1026 332/1054/1027 316/1055/1028
f 316/1055/1028 332/1054/1027 317/1056/1029
f 317/1056/1029 332/1054/1027 327/1057/1030
f 335/1058/1031 337/1059/1032 336/1060/1033
f 336/1060/1033 337/1059/1032 364/1061/1034
f 229/1062/686 246/1063/685 364/1064/1035
f 364/1064/1035 246/1063/685 336/1065/1036
f 392/1066/1037 365/1067/1038 249/1068/1039
f 249/1068/1039 365/1067/1038 362/1069/1040
f 249/1068/1039 362/1069/1040 250/1070/1041
f 250/1070/1041 362/1069/1040 251/1071/1042
f 251/1071/1042 362/1069/1040 252/1072/1043
f 252/1072/1043 362/1069/1040 253/1073/1044
f 253/1073/1044 362/1069/1040 254/1074/1045
f 254/1074/1045 362/1069/1040 255/1075/1046
f 255/1075/1046 362/1069/1040 256/1076/1047
f 256/1076/1047 362/1069/1040 257/1077/1048
f 257/1077/1048 362/1069/1040 267/1078/1049
f 267/1078/1049 362/1069/1040 358/1079/1050
f 267/1078/1049 358/1079/1050 338/1080/1051
f 338/1080/1051 358/1079/1050 339/1081/1052
f 339/1081/1052 358/1079/1050 340/1082/1053
f 340/1082/1053 358/1079/1050 341/1083/1054
f 341/1083/1054 358/1079/1050 342/1084/1055
f 342/1084/1055 358/1079/1050 343/1085/1056
f 343/1085/1056 358/1079/1050 344/1086/1057
f 344/1086/1057 358/1079/1050 361/1087/1058
f 344/1086/1057 361/1087/1058 345/1088/1059
f 345/1088/1059 361/1087/1058 346/1089/1060
f 346/1089/1060 361/1087/1058 356/1090/1061
f 337/1091/1062 365/1092/1063 364/1093/1064
f 364/1093/1064 365/1092/1063 392/1094/1065
f 266/1095/705 364/1096/1035 249/1097/706
f 249/1097/706 364/1096/1035 392/1098/1066
f 420/1099/1067 393/1100/1068 269/1101/1069
f 269/1101/1069 393/1100/1068 390/1102/1070
f 269/1101/1069 390/1102/1070 270/1103/1071
f 270/1103/1071 390/1102/1070 271/1104/1072
f 271/1104/1072 390/1102/1070 272/1105/1073
f 272/1105/1073 390/1102/1070 273/1106/1074
f 273/1106/1074 390/1102/1070 274/1107/1075
f 274/1107/1075 390/1102/1070 275/1108/1076
f 275/1108/1076 390/1102/1070 276/1109/1077
f 276/1109/1077 390/1102/1070 277/1110/1078
f 277/1110/1078 390/1102/1070 287/1111/1079
f 287/1111/1079 390/1102/1070 386/1112/1080
f 287/1111/1079 386/1112/1080 366/1113/1081
f 366/1113/1081 386/1112/1080 367/1114/1082
f 367/1114/1082 386/1112/1080 368/1115/1083
f 368/1115/1083 386/1112/1080 369/1116/1084
f 369/1116/1084 386/1112/1080 370/1117/1085
f 370/1117/1085 386/1112/1080 371/1118/1086
f 371/1118/1086 386/1112/1080 372/1119/1087
f 372/1119/1087 386/1112/1080 389/1120/1088
f 372/1119/1087 389/1120/1088 373/1121/1089
f 373/1121/1089 389/1120/1088 374/1122/1090
f 374/1122/1090 389/1120/1088 384/1123/1091
f 365/1124/1092 393/1125/1093 392/1126/1094
f 392/1126/1094 393/1125/1093 420/1127/1095
f 269/1128/726 286/1129/725 420/1130/1096
f 420/1130/1096 286/1129/725 392/1131/1066
f 422/1132/1097 421/1133/1098 289/1134/1099
f 289/1134/1099 421/1133/1098 418/1135/1100
f 289/1134/1099 418/1135/1100 290/1136/1101
f 290/1136/1101 418/1135/1100 291/1137/1102
f 291/1137/1102 418/1135/1100 292/1138/1103
f 292/1138/1103 418/1135/1100 293/1139/1104
f 293/1139/1104 418/1135/1100 294/1140/1105
f 294/1140/1105 418/1135/1100 295/1141/1106
f 295/1141/1106 418/1135/1100 296/1142/1107
f 296/1142/1107 418/1135/1100 297/1143/1108
f 297/1143/1108 418/1135/1100 307/1144/1109
f 307/1144/1109 418/1135/1100 414/1145/1110
f 307/1144/1109 414/1145/1110 394/1146/1111
f 394/1146/1111 414/1145/1110 395/1147/1112
f 395/1147/1112 414/1145/1110 396/1148/1113
f 396/1148/1113 414/1145/1110 397/1149/1114
f 397/1149/1114 414/1145/1110 398/1150/1115
f 398/1150/1115 414/1145/1110 399/1151/1116
f 399/1151/1116 414/1145/1110 400/1152/1117
f 400/1152/1117 414/1145/1110 417/1153/1118
f 400/1152/1117 417/1153/1118 401/1154/1119
f 401/1154/1119 417/1153/1118 402/1155/1120
f 402/1155/1120 417/1153/1118 412/1156/1121
f 393/1157/1122 421/1158/1123 420/1159/1124
f 420/1159/1124 421/1158/1123 422/1160/1125
f 306/1161/745 420/1162/1096 289/1163/746
f 289/1163/746 420/1162/1096 422/1164/1126
g Body59

v 5.617776 -2.491916 11.621237
v 2.491916 -5.617776 11.621237
v 2.491916 -5.617776 11.545037
v 5.617776 -2.491916 11.545037
v 0.281598 -0.281598 11.621237
v 0.281598 -0.281598 11.545037
vt -0.000000 0.000000 0.000000
vt 442.063456 -0.000000 0.000000
vt 0.000000 7.620000 0.000000
vt 442.063456 7.620000 0.000000
vt 0.000000 0.000000 0.000000
vt 577.583740 0.000000 0.000000
vt 0.000000 7.620000 0.000000
vt 577.583740 7.620000 0.000000
vt 0.000000 0.000000 0.000000
vt 577.583740 0.000000 0.000000
vt 0.000000 7.620000 0.000000
vt 577.583740 7.620000 0.000000
vt -266.808898 266.808898 0.000000
vt -45.777170 -266.808898 0.000000
vt 266.808898 45.777170 0.000000
vt 45.777170 -266.808898 0.000000
vt 266.808898 266.808898 0.000000
vt -266.808898 45.777170 0.000000
vn 70.710678 -70.710678 0.000000
vn 70.710678 -70.710678 0.000000
vn 70.710678 -70.710678 0.000000
vn 70.710678 -70.710678 0.000000
vn 38.268343 92.387953 0.000000
vn 38.268343 92.387953 0.000000
vn 38.268343 92.387953 0.000000
vn 38.268343 92.387953 0.000000
vn -92.387953 -38.268343 0.000000
vn -92.387953 -38.268343 0.000000
vn -92.387953 -38.268343 0.000000
vn -92.387953 -38.268343 0.000000
vn 0.000000 0.000000 100.000000
vn 0.000000 0.000000 100.000000
vn 0.000000 0.000000 100.000000
vn 0.000000 0.000000 -100.000000
vn 0.000000 0.000000 -100.000000
vn 0.000000 0.000000 -100.000000
usemtl Center_Roof
f 423/1165/1127 424/1166/1128 426/1167/1129
f 426/1167/1129 424/1166/1128 425/1168/1130
f 427/1169/1131 423/1170/1132 428/1171/1133
f 428/1171/1133 423/1170/1132 426/1172/1134
f 424/1173/1135 427/1174/1136 425/1175/1137
f 425/1175/1137 427/1174/1136 428/1176/1138
f 427/1177/1139 424/1178/1140 423/1179/1141
f 425/1180/1142 428/1181/1143 426/1182/1144
g Body60

v 2.210317 -5.734418 11.621237
v -2.210317 -5.734418 11.621237
v -2.210317 -5.734418 11.545037
v 2.210317 -5.734418 11.545037
v 0.000000 -0.398240 11.621237
v 0.000000 -0.398240 11.545037
vt -0.000000 0.000000 0.000000
vt 442.063456 -0.000000 0.000000
vt 0.000000 7.620000 0.000000
vt 442.063456 7.620000 0.000000
vt -0.000000 0.000000 0.000000
vt 577.583740 0.000000 0.000000
vt -0.000000 7.620000 0.000000
vt 577.583740 7.620000 0.000000
vt -0.000000 -0.000000 0.000000
vt 577.583740 0.000000 0.000000
vt -0.000000 7.620000 0.000000
vt 577.583740 7.620000 0.000000
vt -0.000000 266.808898 0.000000
vt -221.031728 -266.808898 0.000000
vt 221.031728 -266.808898 0.000000
vt 221.031728 -266.808898 0.000000
vt 0.000000 266.808898 0.000000
vt -221.031728 -266.808898 0.000000
vn 0.000000 -100.000000 0.000000
vn 0.000000 -100.000000 0.000000
vn 0.000000 -100.000000 0.000000
vn 0.000000 -100.000000 0.000000
vn 92.387953 38.268343 0.000000
vn 92.387953 38.268343 0.000000
vn 92.387953 38.268343 0.000000
vn 92.387953 38.268343 0.000000
vn -92.387953 38.268343 0.000000
vn -92.387953 38.268343 0.000000
vn -92.387953 38.268343 0.000000
vn -92.387953 38.268343 0.000000
vn 0.000000 0.000000 100.000000
vn 0.000000 0.000000 100.000000
vn 0.000000 0.000000 100.000000
vn 0.000000 0.000000 -100.000000
vn 0.000000 0.000000 -100.000000
vn 0.000000 0.000000 -100.000000
f 429/1183/1145 430/1184/1146 432/1185/1147
f 432/1185/1147 430/1184/1146 431/1186/1148
f 433/1187/1149 429/1188/1150 434/1189/1151
f 434/1189/1151 429/1188/1150 432/1190/1152
f 430/1191/1153 433/1192/1154 431/1193/1155
f 431/1193/1155 433/1192/1154 434/1194/1156
f 433/1195/1157 430/1196/1158 429/1197/1159
f 431/1198/1160 434/1199/1161 432/1200/1162
g Body61

v -2.491916 -5.617776 11.621237
v -5.617776 -2.491916 11.621237
v -5.617776 -2.491916 11.545037
v -2.491916 -5.617776 11.545037
v -0.281598 -0.281598 11.621237
v -0.281598 -0.281598 11.545037
vt 0.000000 0.000000 0.000000
vt 442.063456 0.000000 0.000000
vt 0.000000 7.620000 0.000000
vt 442.063456 7.620000 0.000000
vt 0.000000 0.000000 0.000000
vt 577.583740 0.000000 0.000000
vt -0.000000 7.620000 0.000000
vt 577.583740 7.620000 0.000000
vt -0.000000 0.000000 0.000000
vt 577.583740 0.000000 0.000000
vt -0.000000 7.620000 0.000000
vt 577.583740 7.620000 0.000000
vt 266.808898 266.808898 0.000000
vt -266.808898 45.777170 0.000000
vt 45.777170 -266.808898 0.000000
vt 266.808898 45.777170 0.000000
vt -266.808898 266.808898 0.000000
vt -45.777170 -266.808898 0.000000
vn -70.710678 -70.710678 0.000000
vn -70.710678 -70.710678 0.000000
vn -70.710678 -70.710678 0.000000
vn -70.710678 -70.710678 0.000000
vn 92.387953 -38.268343 0.000000
vn 92.387953 -38.268343 0.000000
vn 92.387953 -38.268343 0.000000
vn 92.387953 -38.268343 0.000000
vn -38.268343 92.387953 0.000000
vn -38.268343 92.387953 0.000000
vn -38.268343 92.387953 0.000000
vn -38.268343 92.387953 0.000000
vn 0.000000 0.000000 100.000000
vn 0.000000 0.000000 100.000000
vn 0.000000 0.000000 100.000000
vn 0.000000 0.000000 -100.000000
vn 0.000000 0.000000 -100.000000
vn 0.000000 0.000000 -100.000000
f 435/1201/1163 436/1202/1164 438/1203/1165
f 438/1203/1165 436/1202/1164 437/1204/1166
f 439/1205/1167 435/1206/1168 440/1207/1169
f 440/1207/1169 435/1206/1168 438/1208/1170
f 436/1209/1171 439/1210/1172 437/1211/1173
f 437/1211/1173 439/1210/1172 440/1212/1174
f 439/1213/1175 436/1214/1176 435/1215/1177
f 437/1216/1178 440/1217/1179 438/1218/1180
g Body62

v -6.282761 2.767362 10.040579
v -6.041733 2.667524 10.259981
v -5.782881 2.560304 10.454143
v -5.508453 2.446632 10.621377
v -5.220833 2.327496 10.760232
v -4.922519 2.203931 10.869501
v -4.616102 2.077009 10.948236
v -4.304244 1.947833 10.995752
v -3.989654 1.817525 11.011637
v -4.106296 1.535927 11.011637
v -4.420886 1.666235 10.995752
v -4.732744 1.795410 10.948236
v -5.039161 1.922332 10.869501
v -5.337475 2.045898 10.760232
v -5.625095 2.165034 10.621377
v -5.899523 2.278706 10.454143
v -6.158375 2.385926 10.259981
v -6.399403 2.485763 10.040579
v -15.534920 6.269818 0.905062
v -15.418278 6.551416 0.905062
v -2.485763 6.399403 10.040579
v -2.385926 6.158375 10.259981
v -2.278706 5.899523 10.454143
v -2.165034 5.625095 10.621377
v -2.045898 5.337475 10.760232
v -1.922332 5.039161 10.869501
v -1.795410 4.732744 10.948236
v -1.666235 4.420886 10.995752
v -1.535927 4.106296 11.011637
v -1.817525 3.989654 11.011637
v -1.947833 4.304244 10.995752
v -2.077009 4.616102 10.948236
v -2.203931 4.922519 10.869501
v -2.327496 5.220833 10.760232
v -2.446632 5.508453 10.621377
v -2.560304 5.782881 10.454143
v -2.667524 6.041733 10.259981
v -2.767362 6.282761 10.040579
v -6.551416 15.418278 0.905062
v -6.269818 15.534920 0.905062
v 2.767362 6.282761 10.040579
v 2.667524 6.041733 10.259981
v 2.560304 5.782881 10.454143
v 2.446632 5.508453 10.621377
v 2.327496 5.220833 10.760232
v 2.203931 4.922519 10.869501
v 2.077009 4.616102 10.948236
v 1.947833 4.304244 10.995752
v 1.817525 3.989654 11.011637
v 1.535927 4.106296 11.011637
v 1.666235 4.420886 10.995752
v 1.795410 4.732744 10.948236
v 1.922332 5.039161 10.869501
v 2.045898 5.337475 10.760232
v 2.165034 5.625095 10.621377
v 2.278706 5.899523 10.454143
v 2.385926 6.158375 10.259981
v 2.485763 6.399403 10.040579
v 6.269818 15.534920 0.905062
v 6.551416 15.418278 0.905062
v 6.399403 2.485763 10.040579
v 6.158375 2.385926 10.259981
v 5.899523 2.278706 10.454143
v 5.625095 2.165034 10.621377
v 5.337475 2.045898 10.760232
v 5.039161 1.922332 10.869501
v 4.732744 1.795410 10.948236
v 4.420886 1.666235 10.995752
v 4.106296 1.535927 11.011637
v 3.989654 1.817525 11.011637
v 4.304244 1.947833 10.995752
v 4.616102 2.077009 10.948236
v 4.922519 2.203931 10.869501
v 5.220833 2.327496 10.760232
v 5.508453 2.446632 10.621377
v 5.782881 2.560304 10.454143
v 6.041733 2.667524 10.259981
v 6.282761 2.767362 10.040579
v 15.418278 6.551416 0.905062
v 15.534920 6.269818 0.905062
v -16.323340 6.926305 -1.333723
v -16.311519 6.921409 -1.054733
v -16.276155 6.906761 -0.778086
v -16.217544 6.882483 -0.506103
v -16.136180 6.848781 -0.241069
v -16.032745 6.805937 0.014792
v -15.908107 6.754310 0.259330
v -15.763313 6.694334 0.490494
v -15.599578 6.626513 0.706342
v -15.716220 6.344915 0.706342
v -15.879955 6.412736 0.490494
v -16.024749 6.472712 0.259330
v -16.149387 6.524338 0.014792
v -16.252822 6.567183 -0.241069
v -16.334186 6.600885 -0.506103
v -16.392797 6.625162 -0.778086
v -16.428161 6.639810 -1.054733
v -16.439982 6.644707 -1.333723
v -16.439982 6.644707 -1.524000
v -16.323340 6.926305 -1.524000
v -17.660455 7.150243 0.000000
v -17.543813 7.431842 0.000000
v -17.543813 7.431842 -1.524000
v -17.660455 7.150243 -1.524000
v -6.039218 2.336570 11.621237
v -5.922576 2.618168 11.621237
v -0.398240 -0.000000 11.621237
v -0.398240 -0.000000 11.011637
v -0.281598 0.281598 11.621237
v -6.644707 16.439982 -1.333723
v -6.639810 16.428161 -1.054733
v -6.625162 16.392797 -0.778086
v -6.600885 16.334186 -0.506103
v -6.567183 16.252822 -0.241069
v -6.524338 16.149387 0.014792
v -6.472712 16.024749 0.259330
v -6.412736 15.879955 0.490494
v -6.344915 15.716220 0.706342
v -6.626513 15.599578 0.706342
v -6.694334 15.763313 0.490494
v -6.754310 15.908107 0.259330
v -6.805937 16.032745 0.014792
v -6.848781 16.136180 -0.241069
v -6.882483 16.217544 -0.506103
v -6.906761 16.276155 -0.778086
v -6.921409 16.311519 -1.054733
v -6.926305 16.323340 -1.333723
v -6.926305 16.323340 -1.524000
v -6.644707 16.439982 -1.524000
v -7.431842 17.543813 0.000000
v -7.150243 17.660455 0.000000
v -7.150243 17.660455 -1.524000
v -7.431842 17.543813 -1.524000
v -2.618168 5.922576 11.621237
v -2.336570 6.039218 11.621237
v -0.281598 0.281598 11.011637
v 0.000000 0.398240 11.621237
v 6.926305 16.323340 -1.333723
v 6.921409 16.311519 -1.054733
v 6.906761 16.276155 -0.778086
v 6.882483 16.217544 -0.506103
v 6.848781 16.136180 -0.241069
v 6.805937 16.032745 0.014792
v 6.754310 15.908107 0.259330
v 6.694334 15.763313 0.490494
v 6.626513 15.599578 0.706342
v 6.344915 15.716220 0.706342
v 6.412736 15.879955 0.490494
v 6.472712 16.024749 0.259330
v 6.524338 16.149387 0.014792
v 6.567183 16.252822 -0.241069
v 6.600885 16.334186 -0.506103
v 6.625162 16.392797 -0.778086
v 6.639810 16.428161 -1.054733
v 6.644707 16.439982 -1.333723
v 6.644707 16.439982 -1.524000
v 6.926305 16.323340 -1.524000
v 7.150243 17.660455 0.000000
v 7.431842 17.543813 0.000000
v 7.431842 17.543813 -1.524000
v 7.150243 17.660455 -1.524000
v 2.336570 6.039218 11.621237
v 2.618168 5.922576 11.621237
v 0.000000 0.398240 11.011637
v 0.281598 0.281598 11.621237
v 16.439982 6.644707 -1.333723
v 16.428161 6.639810 -1.054733
v 16.392797 6.625162 -0.778086
v 16.334186 6.600885 -0.506103
v 16.252822 6.567183 -0.241069
v 16.149387 6.524338 0.014792
v 16.024749 6.472712 0.259330
v 15.879955 6.412736 0.490494
v 15.716220 6.344915 0.706342
v 15.599578 6.626513 0.706342
v 15.763313 6.694334 0.490494
v 15.908107 6.754310 0.259330
v 16.032745 6.805937 0.014792
v 16.136180 6.848781 -0.241069
v 16.217544 6.882483 -0.506103
v 16.276155 6.906761 -0.778086
v 16.311519 6.921409 -1.054733
v 16.323340 6.926305 -1.333723
v 16.323340 6.926305 -1.524000
v 16.439982 6.644707 -1.524000
v 17.543813 7.431842 0.000000
v 17.660455 7.150243 0.000000
v 17.660455 7.150243 -1.524000
v 17.543813 7.431842 -1.524000
v 5.922576 2.618168 11.621237
v 6.039218 2.336570 11.621237
v 0.281598 0.281598 11.011637
v 0.398240 0.000000 11.621237
v 0.398240 0.000000 11.011637
vt -21.401976 -136.401535 0.000000
vt 9.078024 -136.401535 0.000000
vt -21.401976 -102.301151 0.000000
vt 9.078024 -102.301151 0.000000
vt -21.401976 -68.200767 0.000000
vt 9.078024 -68.200767 0.000000
vt -21.401976 -34.100384 0.000000
vt 9.078024 -34.100384 0.000000
vt -21.401976 0.000000 0.000000
vt 9.078024 0.000000 0.000000
vt -21.401976 34.100384 0.000000
vt 9.078024 34.100384 0.000000
vt -21.401976 68.200767 0.000000
vt 9.078024 68.200767 0.000000
vt -21.401976 102.301151 0.000000
vt 9.078024 102.301151 0.000000
vt -21.401976 136.401535 0.000000
vt 9.078024 136.401535 0.000000
vt -0.000000 1479.605561 0.000000
vt -30.480000 1479.605561 0.000000
vt -0.000000 133.372294 0.000000
vt -30.480000 133.372294 0.000000
vt -22.860000 -136.401535 0.000000
vt 7.620000 -136.401535 0.000000
vt -22.860000 -102.301151 0.000000
vt 7.620000 -102.301151 0.000000
vt -22.860000 -68.200767 0.000000
vt 7.620000 -68.200767 0.000000
vt -22.860000 -34.100384 0.000000
vt 7.620000 -34.100384 0.000000
vt -22.860000 0.000000 0.000000
vt 7.620000 0.000000 0.000000
vt -22.860000 34.100384 0.000000
vt 7.620000 34.100384 0.000000
vt -22.860000 68.200767 0.000000
vt 7.620000 68.200767 0.000000
vt -22.860000 102.301151 0.000000
vt 7.620000 102.301151 0.000000
vt -22.860000 136.401535 0.000000
vt 7.620000 136.401535 0.000000
vt -0.000000 1479.605565 0.000000
vt -30.480000 1479.605565 0.000000
vt -0.000000 133.372295 0.000000
vt -30.480000 133.372295 0.000000
vt -22.860000 -136.401535 0.000000
vt 7.620000 -136.401535 0.000000
vt -22.860000 -102.301151 0.000000
vt 7.620000 -102.301151 0.000000
vt -22.860000 -68.200767 0.000000
vt 7.620000 -68.200767 0.000000
vt -22.860000 -34.100384 0.000000
vt 7.620000 -34.100384 0.000000
vt -22.860000 0.000000 0.000000
vt 7.620000 0.000000 0.000000
vt -22.860000 34.100384 0.000000
vt 7.620000 34.100384 0.000000
vt -22.860000 68.200767 0.000000
vt 7.620000 68.200767 0.000000
vt -22.860000 102.301151 0.000000
vt 7.620000 102.301151 0.000000
vt -22.860000 136.401535 0.000000
vt 7.620000 136.401535 0.000000
vt -0.000000 1479.605562 0.000000
vt -30.480000 1479.605562 0.000000
vt -0.000000 133.372294 0.000000
vt -30.480000 133.372294 0.000000
vt -24.318024 -136.401535 0.000000
vt 6.161976 -136.401535 0.000000
vt -24.318024 -102.301151 0.000000
vt 6.161976 -102.301151 0.000000
vt -24.318024 -68.200767 0.000000
vt 6.161976 -68.200767 0.000000
vt -24.318024 -34.100384 0.000000
vt 6.161976 -34.100384 0.000000
vt -24.318024 0.000000 0.000000
vt 6.161976 0.000000 0.000000
vt -24.318024 34.100384 0.000000
vt 6.161976 34.100384 0.000000
vt -24.318024 68.200767 0.000000
vt 6.161976 68.200767 0.000000
vt -24.318024 102.301151 0.000000
vt 6.161976 102.301151 0.000000
vt -24.318024 136.401535 0.000000
vt 6.161976 136.401535 0.000000
vt -0.000000 1479.605561 0.000000
vt -30.480000 1479.605561 0.000000
vt -0.000000 133.372294 0.000000
vt -30.480000 133.372294 0.000000
vt -15.240000 -125.721415 0.000000
vt 15.240000 -125.721415 0.000000
vt -15.240000 -97.783323 0.000000
vt 15.240000 -97.783323 0.000000
vt 15.240000 -69.845230 0.000000
vt -15.240000 -69.845230 0.000000
vt 15.240000 -41.907138 0.000000
vt -15.240000 -41.907138 0.000000
vt 15.240000 -13.969046 0.000000
vt -15.240000 -13.969046 0.000000
vt 15.240000 13.969046 0.000000
vt -15.240000 13.969046 0.000000
vt 15.240000 41.907138 0.000000
vt -15.240000 41.907138 0.000000
vt 15.240000 69.845230 0.000000
vt -15.240000 69.845230 0.000000
vt 15.240000 97.783323 0.000000
vt -15.240000 97.783323 0.000000
vt -15.240000 125.721415 0.000000
vt 15.240000 125.721415 0.000000
vt -30.480000 133.372294 0.000000
vt -0.000000 133.372294 0.000000
vt -30.480000 152.400000 0.000000
vt -0.000000 152.400000 0.000000
vt -30.480000 0.000000 0.000000
vt -0.000000 -0.000000 0.000000
vt -30.480000 152.400000 0.000000
vt 0.000000 152.400000 0.000000
vt 39.356747 -55.191553 0.000000
vt -11.196899 66.855744 0.000000
vt 11.196899 -66.855744 0.000000
vt -39.356747 55.191553 0.000000
vt -30.480000 0.000000 0.000000
vt -0.000000 0.000000 0.000000
vt -30.480000 1712.535374 0.000000
vt 0.000000 1712.535374 0.000000
vt -594.079397 60.960000 0.000000
vt -594.079397 0.000000 0.000000
vt -192.722343 60.960000 0.000000
vt 16.495657 0.000000 0.000000
vt -158.671338 62.548465 0.000000
vt -124.916096 67.300064 0.000000
vt -91.749806 75.173524 0.000000
vt -59.460548 86.100459 0.000000
vt -28.328779 99.985959 0.000000
vt 1.375094 116.709415 0.000000
vt 29.393070 136.125573 0.000000
vt 55.481788 158.065785 0.000000
vt 1044.302985 1071.617452 0.000000
vt 1274.369252 1162.123670 0.000000
vt 1063.926784 1091.489473 0.000000
vt 1081.649275 1113.074281 0.000000
vt 1097.321667 1136.190656 0.000000
vt 1110.812378 1160.644518 0.000000
vt 1122.008143 1186.230560 0.000000
vt 1130.814964 1212.733966 0.000000
vt 1137.158903 1239.932222 0.000000
vt 1274.369252 1314.523670 0.000000
vt 1140.986698 1267.596976 0.000000
vt 1142.266210 1295.495964 0.000000
vt 1142.266210 1314.523670 0.000000
vt 283.836802 -137.221018 0.000000
vt 295.500993 -109.061169 0.000000
vt -280.260993 96.435940 0.000000
vt -268.596802 124.595788 0.000000
vt -15.240000 -125.721415 0.000000
vt 15.240000 -125.721415 0.000000
vt -15.240000 -97.783323 0.000000
vt 15.240000 -97.783323 0.000000
vt 15.240000 -69.845230 0.000000
vt -15.240000 -69.845230 0.000000
vt 15.240000 -41.907138 0.000000
vt -15.240000 -41.907138 0.000000
vt 15.240000 -13.969046 0.000000
vt -15.240000 -13.969046 0.000000
vt 15.240000 13.969046 0.000000
vt -15.240000 13.969046 0.000000
vt 15.240000 41.907138 0.000000
vt -15.240000 41.907138 0.000000
vt 15.240000 69.845230 0.000000
vt -15.240000 69.845230 0.000000
vt 15.240000 97.783323 0.000000
vt -15.240000 97.783323 0.000000
vt -15.240000 125.721415 0.000000
vt 15.240000 125.721415 0.000000
vt -30.480000 133.372294 0.000000
vt -0.000000 133.372294 0.000000
vt -30.480000 152.400000 0.000000
vt -0.000000 152.400000 0.000000
vt -30.480000 0.000000 0.000000
vt -0.000000 -0.000000 0.000000
vt -30.480000 152.400000 0.000000
vt 0.000000 152.400000 0.000000
vt 39.356747 -55.191553 0.000000
vt -11.196899 66.855744 0.000000
vt 11.196899 -66.855744 0.000000
vt -39.356747 55.191553 0.000000
vt -30.480000 0.000000 0.000000
vt -0.000000 0.000000 0.000000
vt -30.480000 1712.535374 0.000000
vt 0.000000 1712.535374 0.000000
vt -577.583740 60.960000 0.000000
vt -577.583740 0.000000 0.000000
vt -176.226686 60.960000 0.000000
vt 32.991314 0.000000 0.000000
vt -142.175682 62.548465 0.000000
vt -108.420439 67.300064 0.000000
vt -75.254149 75.173524 0.000000
vt -42.964891 86.100459 0.000000
vt -11.833122 99.985959 0.000000
vt 17.870751 116.709415 0.000000
vt 45.888727 136.125573 0.000000
vt 71.977445 158.065785 0.000000
vt 1060.798644 1071.617452 0.000000
vt 1290.864911 1162.123670 0.000000
vt 1080.422442 1091.489473 0.000000
vt 1098.144934 1113.074281 0.000000
vt 1113.817326 1136.190656 0.000000
vt 1127.308036 1160.644518 0.000000
vt 1138.503801 1186.230560 0.000000
vt 1147.310623 1212.733966 0.000000
vt 1153.654562 1239.932222 0.000000
vt 1290.864911 1314.523670 0.000000
vt 1157.482356 1267.596976 0.000000
vt 1158.761868 1295.495964 0.000000
vt 1158.761868 1314.523670 0.000000
vt -124.595788 260.976802 0.000000
vt 109.061169 -303.120993 0.000000
vt -96.435940 272.640993 0.000000
vt 137.221018 -291.456802 0.000000
vt -15.240000 -125.721415 0.000000
vt 15.240000 -125.721415 0.000000
vt -15.240000 -97.783323 0.000000
vt 15.240000 -97.783323 0.000000
vt 15.240000 -69.845230 0.000000
vt -15.240000 -69.845230 0.000000
vt 15.240000 -41.907138 0.000000
vt -15.240000 -41.907138 0.000000
vt 15.240000 -13.969046 0.000000
vt -15.240000 -13.969046 0.000000
vt 15.240000 13.969046 0.000000
vt -15.240000 13.969046 0.000000
vt 15.240000 41.907138 0.000000
vt -15.240000 41.907138 0.000000
vt 15.240000 69.845230 0.000000
vt -15.240000 69.845230 0.000000
vt 15.240000 97.783323 0.000000
vt -15.240000 97.783323 0.000000
vt -15.240000 125.721415 0.000000
vt 15.240000 125.721415 0.000000
vt -30.480000 133.372294 0.000000
vt -0.000000 133.372294 0.000000
vt -30.480000 152.400000 0.000000
vt -0.000000 152.400000 0.000000
vt -30.480000 0.000000 0.000000
vt -0.000000 0.000000 0.000000
vt -30.480000 152.400000 0.000000
vt -0.000000 152.400000 0.000000
vt 39.356747 -55.191553 0.000000
vt -11.196899 66.855744 0.000000
vt 11.196899 -66.855744 0.000000
vt -39.356747 55.191553 0.000000
vt -30.480000 -0.000000 0.000000
vt -0.000000 0.000000 0.000000
vt -30.480000 1712.535374 0.000000
vt 0.000000 1712.535374 0.000000
vt -577.583740 60.960000 0.000000
vt -577.583740 0.000000 0.000000
vt -176.226686 60.960000 0.000000
vt 32.991314 0.000000 0.000000
vt -142.175682 62.548465 0.000000
vt -108.420439 67.300064 0.000000
vt -75.254149 75.173524 0.000000
vt -42.964891 86.100459 0.000000
vt -11.833122 99.985959 0.000000
vt 17.870751 116.709415 0.000000
vt 45.888727 136.125573 0.000000
vt 71.977445 158.065785 0.000000
vt 1060.798644 1071.617452 0.000000
vt 1290.864911 1162.123670 0.000000
vt 1080.422442 1091.489473 0.000000
vt 1098.144934 1113.074281 0.000000
vt 1113.817326 1136.190656 0.000000
vt 1127.308036 1160.644518 0.000000
vt 1138.503801 1186.230560 0.000000
vt 1147.310623 1212.733966 0.000000
vt 1153.654562 1239.932222 0.000000
vt 1290.864911 1314.523670 0.000000
vt 1157.482356 1267.596976 0.000000
vt 1158.761868 1295.495964 0.000000
vt 1158.761868 1314.523670 0.000000
vt -137.221018 -291.456802 0.000000
vt -109.061169 -303.120993 0.000000
vt 96.435940 272.640993 0.000000
vt 124.595788 260.976802 0.000000
vt -15.240000 -125.721415 0.000000
vt 15.240000 -125.721415 0.000000
vt -15.240000 -97.783323 0.000000
vt 15.240000 -97.783323 0.000000
vt 15.240000 -69.845230 0.000000
vt -15.240000 -69.845230 0.000000
vt 15.240000 -41.907138 0.000000
vt -15.240000 -41.907138 0.000000
vt 15.240000 -13.969046 0.000000
vt -15.240000 -13.969046 0.000000
vt 15.240000 13.969046 0.000000
vt -15.240000 13.969046 0.000000
vt 15.240000 41.907138 0.000000
vt -15.240000 41.907138 0.000000
vt 15.240000 69.845230 0.000000
vt -15.240000 69.845230 0.000000
vt 15.240000 97.783323 0.000000
vt -15.240000 97.783323 0.000000
vt -15.240000 125.721415 0.000000
vt 15.240000 125.721415 0.000000
vt -30.480000 133.372294 0.000000
vt -0.000000 133.372294 0.000000
vt -30.480000 152.400000 0.000000
vt -0.000000 152.400000 0.000000
vt -30.480000 0.000000 0.000000
vt -0.000000 0.000000 0.000000
vt -30.480000 152.400000 0.000000
vt -0.000000 152.400000 0.000000
vt 39.356747 -55.191553 0.000000
vt -11.196899 66.855744 0.000000
vt 11.196899 -66.855744 0.000000
vt -39.356747 55.191553 0.000000
vt -30.480000 0.000000 0.000000
vt -0.000000 0.000000 0.000000
vt -30.480000 1712.535374 0.000000
vt 0.000000 1712.535374 0.000000
vt -577.583741 60.960000 0.000000
vt -577.583741 0.000000 0.000000
vt -176.226686 60.960000 0.000000
vt 32.991314 0.000000 0.000000
vt -142.175682 62.548465 0.000000
vt -108.420439 67.300064 0.000000
vt -75.254149 75.173524 0.000000
vt -42.964891 86.100459 0.000000
vt -11.833122 99.985959 0.000000
vt 17.870751 116.709415 0.000000
vt 45.888727 136.125573 0.000000
vt 71.977445 158.065785 0.000000
vt 1060.798645 1071.617452 0.000000
vt 1290.864912 1162.123670 0.000000
vt 1080.422443 1091.489473 0.000000
vt 1098.144935 1113.074281 0.000000
vt 1113.817327 1136.190656 0.000000
vt 1127.308037 1160.644518 0.000000
vt 1138.503802 1186.230560 0.000000
vt 1147.310624 1212.733966 0.000000
vt 1153.654563 1239.932222 0.000000
vt 1290.864912 1314.523670 0.000000
vt 1157.482357 1267.596976 0.000000
vt 1158.761869 1295.495964 0.000000
vt 1158.761869 1314.523670 0.000000
vt 268.596802 124.595788 0.000000
vt -295.500993 -109.061169 0.000000
vt 280.260993 96.435940 0.000000
vt -283.836802 -137.221018 0.000000
vt -0.000000 60.960000 0.000000
vt -401.357054 60.960000 0.000000
vt -0.000000 0.000000 0.000000
vt -610.575054 0.000000 0.000000
vt -435.408059 62.548465 0.000000
vt -469.163302 67.300064 0.000000
vt -502.329591 75.173524 0.000000
vt -534.618849 86.100459 0.000000
vt -565.750618 99.985959 0.000000
vt -595.454491 116.709415 0.000000
vt -623.472467 136.125573 0.000000
vt -649.561185 158.065785 0.000000
vt -1638.382384 1071.617452 0.000000
vt -1868.448651 1162.123670 0.000000
vt -1658.006182 1091.489473 0.000000
vt -1675.728674 1113.074281 0.000000
vt -1691.401066 1136.190656 0.000000
vt -1704.891776 1160.644518 0.000000
vt -1716.087541 1186.230560 0.000000
vt -1724.894363 1212.733966 0.000000
vt -1731.238302 1239.932222 0.000000
vt -1868.448651 1314.523670 0.000000
vt -1735.066096 1267.596976 0.000000
vt -1736.345608 1295.495964 0.000000
vt -1736.345608 1314.523670 0.000000
vt -30.480000 0.000000 0.000000
vt -0.000000 0.000000 0.000000
vt -30.480000 60.960000 0.000000
vt -0.000000 60.960000 0.000000
vt -90.544574 -57.156755 0.000000
vt 280.260993 96.435940 0.000000
vt -102.208765 -28.996907 0.000000
vt 268.596802 124.595788 0.000000
vt 0.000000 60.960000 0.000000
vt -401.357054 60.960000 0.000000
vt 0.000000 0.000000 0.000000
vt -610.575055 0.000000 0.000000
vt -435.408059 62.548465 0.000000
vt -469.163302 67.300064 0.000000
vt -502.329591 75.173524 0.000000
vt -534.618849 86.100459 0.000000
vt -565.750618 99.985959 0.000000
vt -595.454492 116.709415 0.000000
vt -623.472467 136.125573 0.000000
vt -649.561185 158.065785 0.000000
vt -1638.382384 1071.617452 0.000000
vt -1868.448651 1162.123670 0.000000
vt -1658.006182 1091.489473 0.000000
vt -1675.728674 1113.074281 0.000000
vt -1691.401066 1136.190656 0.000000
vt -1704.891776 1160.644518 0.000000
vt -1716.087541 1186.230560 0.000000
vt -1724.894363 1212.733966 0.000000
vt -1731.238302 1239.932222 0.000000
vt -1868.448651 1314.523670 0.000000
vt -1735.066096 1267.596976 0.000000
vt -1736.345609 1295.495964 0.000000
vt -1736.345609 1314.523670 0.000000
vt -30.480000 0.000000 0.000000
vt -0.000000 0.000000 0.000000
vt -30.480000 60.960000 0.000000
vt -0.000000 60.960000 0.000000
vt -57.156755 -98.164574 0.000000
vt -28.996907 -109.828765 0.000000
vt 96.435940 272.640993 0.000000
vt 124.595788 260.976802 0.000000
vt 0.000000 60.960000 0.000000
vt -401.357054 60.960000 0.000000
vt 0.000000 -0.000000 0.000000
vt -610.575054 0.000000 0.000000
vt -435.408059 62.548465 0.000000
vt -469.163302 67.300064 0.000000
vt -502.329591 75.173524 0.000000
vt -534.618849 86.100459 0.000000
vt -565.750618 99.985959 0.000000
vt -595.454491 116.709415 0.000000
vt -623.472467 136.125573 0.000000
vt -649.561185 158.065785 0.000000
vt -1638.382384 1071.617452 0.000000
vt -1868.448651 1162.123670 0.000000
vt -1658.006182 1091.489473 0.000000
vt -1675.728674 1113.074281 0.000000
vt -1691.401066 1136.190656 0.000000
vt -1704.891776 1160.644518 0.000000
vt -1716.087541 1186.230560 0.000000
vt -1724.894363 1212.733966 0.000000
vt -1731.238302 1239.932222 0.000000
vt -1868.448651 1314.523670 0.000000
vt -1735.066096 1267.596976 0.000000
vt -1736.345608 1295.495964 0.000000
vt -1736.345608 1314.523670 0.000000
vt -30.480000 0.000000 0.000000
vt -0.000000 -0.000000 0.000000
vt -30.480000 60.960000 0.000000
vt -0.000000 60.960000 0.000000
vt 57.156755 -98.164574 0.000000
vt -96.435940 272.640993 0.000000
vt 28.996907 -109.828765 0.000000
vt -124.595788 260.976802 0.000000
vt 0.000000 60.960000 0.000000
vt -401.357054 60.960000 0.000000
vt 0.000000 0.000000 0.000000
vt -610.575054 0.000000 0.000000
vt -435.408059 62.548465 0.000000
vt -469.163302 67.300064 0.000000
vt -502.329591 75.173524 0.000000
vt -534.618849 86.100459 0.000000
vt -565.750618 99.985959 0.000000
vt -595.454491 116.709415 0.000000
vt -623.472467 136.125573 0.000000
vt -649.561185 158.065785 0.000000
vt -1638.382384 1071.617452 0.000000
vt -1868.448651 1162.123670 0.000000
vt -1658.006182 1091.489473 0.000000
vt -1675.728674 1113.074281 0.000000
vt -1691.401066 1136.190656 0.000000
vt -1704.891776 1160.644518 0.000000
vt -1716.087541 1186.230560 0.000000
vt -1724.894363 1212.733966 0.000000
vt -1731.238302 1239.932222 0.000000
vt -1868.448651 1314.523670 0.000000
vt -1735.066096 1267.596976 0.000000
vt -1736.345608 1295.495964 0.000000
vt -1736.345608 1314.523670 0.000000
vt -30.480000 0.000000 0.000000
vt -0.000000 -0.000000 0.000000
vt -30.480000 60.960000 0.000000
vt -0.000000 60.960000 0.000000
vt 90.544574 -57.156755 0.000000
vt 102.208765 -28.996907 0.000000
vt -280.260993 96.435940 0.000000
vt -268.596802 124.595788 0.000000
vn 62.694312 -25.968834 -73.450956
vn 62.694312 -25.968834 -73.450956
vn 56.104518 -23.239252 -79.449482
vn 56.104518 -23.239252 -79.449482
vn 49.027409 -20.307818 -84.757924
vn 49.027409 -20.307818 -84.757924
vn 41.524456 -17.199993 -89.330173
vn 41.524456 -17.199993 -89.330173
vn 33.660828 -13.942772 -93.126515
vn 33.660828 -13.942772 -93.126515
vn 25.504828 -10.564446 -96.113975
vn 25.504828 -10.564446 -96.113975
vn 17.127298 -7.094359 -98.266605
vn 17.127298 -7.094359 -98.266605
vn 8.601002 -3.562652 -99.565708
vn 8.601002 -3.562652 -99.565708
vn 0.000000 -0.000000 -100.000000
vn 0.000000 -0.000000 -100.000000
vn 62.694312 -25.968834 -73.450956
vn 62.694312 -25.968834 -73.450956
vn 25.968834 -62.694312 -73.450956
vn 25.968834 -62.694312 -73.450956
vn 23.239252 -56.104518 -79.449482
vn 23.239252 -56.104518 -79.449482
vn 20.307818 -49.027409 -84.757924
vn 20.307818 -49.027409 -84.757924
vn 17.199993 -41.524456 -89.330173
vn 17.199993 -41.524456 -89.330173
vn 13.942772 -33.660828 -93.126515
vn 13.942772 -33.660828 -93.126515
vn 10.564446 -25.504828 -96.113975
vn 10.564446 -25.504828 -96.113975
vn 7.094359 -17.127298 -98.266605
vn 7.094359 -17.127298 -98.266605
vn 3.562652 -8.601002 -99.565708
vn 3.562652 -8.601002 -99.565708
vn 0.000000 -0.000000 -100.000000
vn -0.000000 0.000000 -100.000000
vn 25.968834 -62.694312 -73.450956
vn 25.968834 -62.694312 -73.450956
vn -25.968834 -62.694312 -73.450956
vn -25.968834 -62.694312 -73.450956
vn -23.239252 -56.104518 -79.449482
vn -23.239252 -56.104518 -79.449482
vn -20.307818 -49.027409 -84.757924
vn -20.307818 -49.027409 -84.757924
vn -17.199993 -41.524456 -89.330173
vn -17.199993 -41.524456 -89.330173
vn -13.942772 -33.660828 -93.126515
vn -13.942772 -33.660828 -93.126515
vn -10.564446 -25.504828 -96.113975
vn -10.564446 -25.504828 -96.113975
vn -7.094359 -17.127298 -98.266605
vn -7.094359 -17.127298 -98.266605
vn -3.562652 -8.601002 -99.565708
vn -3.562652 -8.601002 -99.565708
vn -0.000000 -0.000000 -100.000000
vn 0.000000 0.000000 -100.000000
vn -25.968834 -62.694312 -73.450956
vn -25.968834 -62.694312 -73.450956
vn -62.694312 -25.968834 -73.450956
vn -62.694312 -25.968834 -73.450956
vn -56.104518 -23.239252 -79.449482
vn -56.104518 -23.239252 -79.449482
vn -49.027409 -20.307818 -84.757924
vn -49.027409 -20.307818 -84.757924
vn -41.524456 -17.199993 -89.330173
vn -41.524456 -17.199993 -89.330173
vn -33.660828 -13.942772 -93.126515
vn -33.660828 -13.942772 -93.126515
vn -25.504828 -10.564446 -96.113975
vn -25.504828 -10.564446 -96.113975
vn -17.127298 -7.094359 -98.266605
vn -17.127298 -7.094359 -98.266605
vn -8.601002 -3.562652 -99.565708
vn -8.601002 -3.562652 -99.565708
vn 0.000000 0.000000 -100.000000
vn -0.000000 -0.000000 -100.000000
vn -62.694312 -25.968834 -73.450956
vn -62.694312 -25.968834 -73.450956
vn 92.387953 -38.268343 -0.000000
vn 92.387953 -38.268343 -0.000000
vn 92.000120 -38.107698 -9.153211
vn 92.000120 -38.107698 -9.153211
vn 90.839877 -37.627109 -18.229574
vn 90.839877 -37.627109 -18.229574
vn 88.916965 -36.830613 -27.152886
vn 88.916965 -36.830613 -27.152886
vn 86.247529 -35.724896 -35.848230
vn 86.247529 -35.724896 -35.848230
vn 82.853980 -34.319242 -44.242600
vn 82.853980 -34.319242 -44.242600
vn 78.764809 -32.625452 -52.265521
vn 78.764809 -32.625452 -52.265521
vn 74.014349 -30.657747 -59.849634
vn 74.014349 -30.657747 -59.849634
vn 68.642483 -28.432648 -66.931264
vn 68.642483 -28.432648 -66.931264
vn 92.387953 -38.268343 0.000000
vn 92.387953 -38.268343 0.000000
vn -92.387953 38.268343 0.000000
vn -92.387953 38.268343 0.000000
vn -92.387953 38.268343 0.000000
vn -92.387953 38.268343 0.000000
vn 0.000000 0.000000 -100.000000
vn 0.000000 0.000000 -100.000000
vn 0.000000 0.000000 -100.000000
vn 0.000000 0.000000 -100.000000
vn -62.694312 25.968834 73.450956
vn -62.694312 25.968834 73.450956
vn -62.694312 25.968834 73.450956
vn -62.694312 25.968834 73.450956
vn -38.268343 -92.387953 0.000000
vn -38.268343 -92.387953 0.000000
vn -38.268343 -92.387953 0.000000
vn -38.268343 -92.387953 0.000000
vn -38.268343 -92.387953 0.000000
vn -38.268343 -92.387953 0.000000
vn -38.268343 -92.387953 0.000000
vn -38.268343 -92.387953 0.000000
vn -38.268343 -92.387953 0.000000
vn -38.268343 -92.387953 0.000000
vn -38.268343 -92.387953 0.000000
vn -38.268343 -92.387953 0.000000
vn -38.268343 -92.387953 0.000000
vn -38.268343 -92.387953 0.000000
vn -38.268343 -92.387953 0.000000
vn -38.268343 -92.387953 0.000000
vn -38.268343 -92.387953 0.000000
vn -38.268343 -92.387953 0.000000
vn -38.268343 -92.387953 0.000000
vn -38.268343 -92.387953 0.000000
vn -38.268343 -92.387953 0.000000
vn -38.268343 -92.387953 0.000000
vn -38.268343 -92.387953 0.000000
vn -38.268343 -92.387953 0.000000
vn -38.268343 -92.387953 0.000000
vn 0.000000 0.000000 100.000000
vn 0.000000 0.000000 100.000000
vn 0.000000 0.000000 100.000000
vn 0.000000 0.000000 100.000000
vn 38.268343 -92.387953 0.000000
vn 38.268343 -92.387953 -0.000000
vn 38.107698 -92.000120 -9.153211
vn 38.107698 -92.000120 -9.153211
vn 37.627109 -90.839877 -18.229574
vn 37.627109 -90.839877 -18.229574
vn 36.830613 -88.916965 -27.152886
vn 36.830613 -88.916965 -27.152886
vn 35.724896 -86.247529 -35.848230
vn 35.724896 -86.247529 -35.848230
vn 34.319242 -82.853980 -44.242600
vn 34.319242 -82.853980 -44.242600
vn 32.625452 -78.764809 -52.265521
vn 32.625452 -78.764809 -52.265521
vn 30.657747 -74.014349 -59.849634
vn 30.657747 -74.014349 -59.849634
vn 28.432648 -68.642483 -66.931264
vn 28.432648 -68.642483 -66.931264
vn 38.268343 -92.387953 0.000000
vn 38.268343 -92.387953 0.000000
vn -38.268343 92.387953 0.000000
vn -38.268343 92.387953 0.000000
vn -38.268343 92.387953 0.000000
vn -38.268343 92.387953 0.000000
vn 0.000000 0.000000 -100.000000
vn 0.000000 0.000000 -100.000000
vn 0.000000 0.000000 -100.000000
vn 0.000000 0.000000 -100.000000
vn -25.968834 62.694312 73.450956
vn -25.968834 62.694312 73.450956
vn -25.968834 62.694312 73.450956
vn -25.968834 62.694312 73.450956
vn -92.387953 -38.268343 0.000000
vn -92.387953 -38.268343 0.000000
vn -92.387953 -38.268343 0.000000
vn -92.387953 -38.268343 0.000000
vn -92.387953 -38.268343 0.000000
vn -92.387953 -38.268343 0.000000
vn -92.387953 -38.268343 0.000000
vn -92.387953 -38.268343 0.000000
vn -92.387953 -38.268343 0.000000
vn -92.387953 -38.268343 0.000000
vn -92.387953 -38.268343 0.000000
vn -92.387953 -38.268343 0.000000
vn -92.387953 -38.268343 0.000000
vn -92.387953 -38.268343 0.000000
vn -92.387953 -38.268343 0.000000
vn -92.387953 -38.268343 0.000000
vn -92.387953 -38.268343 0.000000
vn -92.387953 -38.268343 0.000000
vn -92.387953 -38.268343 0.000000
vn -92.387953 -38.268343 0.000000
vn -92.387953 -38.268343 0.000000
vn -92.387953 -38.268343 0.000000
vn -92.387953 -38.268343 0.000000
vn -92.387953 -38.268343 0.000000
vn -92.387953 -38.268343 0.000000
vn 0.000000 0.000000 100.000000
vn 0.000000 0.000000 100.000000
vn 0.000000 0.000000 100.000000
vn -38.268343 -92.387953 0.000000
vn -38.268343 -92.387953 0.000000
vn -38.107698 -92.000120 -9.153211
vn -38.107698 -92.000120 -9.153211
vn -37.627109 -90.839877 -18.229574
vn -37.627109 -90.839877 -18.229574
vn -36.830613 -88.916965 -27.152886
vn -36.830613 -88.916965 -27.152886
vn -35.724896 -86.247529 -35.848230
vn -35.724896 -86.247529 -35.848230
vn -34.319242 -82.853980 -44.242600
vn -34.319242 -82.853980 -44.242600
vn -32.625452 -78.764809 -52.265521
vn -32.625452 -78.764809 -52.265521
vn -30.657747 -74.014349 -59.849634
vn -30.657747 -74.014349 -59.849634
vn -28.432648 -68.642483 -66.931264
vn -28.432648 -68.642483 -66.931264
vn -38.268343 -92.387953 0.000000
vn -38.268343 -92.387953 0.000000
vn 38.268343 92.387953 0.000000
vn 38.268343 92.387953 0.000000
vn 38.268343 92.387953 0.000000
vn 38.268343 92.387953 0.000000
vn 0.000000 0.000000 -100.000000
vn 0.000000 0.000000 -100.000000
vn 0.000000 0.000000 -100.000000
vn 0.000000 0.000000 -100.000000
vn 25.968834 62.694312 73.450956
vn 25.968834 62.694312 73.450956
vn 25.968834 62.694312 73.450956
vn 25.968834 62.694312 73.450956
vn -92.387953 38.268343 -0.000000
vn -92.387953 38.268343 -0.000000
vn -92.387953 38.268343 -0.000000
vn -92.387953 38.268343 -0.000000
vn -92.387953 38.268343 -0.000000
vn -92.387953 38.268343 -0.000000
vn -92.387953 38.268343 -0.000000
vn -92.387953 38.268343 -0.000000
vn -92.387953 38.268343 -0.000000
vn -92.387953 38.268343 -0.000000
vn -92.387953 38.268343 -0.000000
vn -92.387953 38.268343 -0.000000
vn -92.387953 38.268343 -0.000000
vn -92.387953 38.268343 -0.000000
vn -92.387953 38.268343 -0.000000
vn -92.387953 38.268343 -0.000000
vn -92.387953 38.268343 -0.000000
vn -92.387953 38.268343 -0.000000
vn -92.387953 38.268343 -0.000000
vn -92.387953 38.268343 -0.000000
vn -92.387953 38.268343 -0.000000
vn -92.387953 38.268343 -0.000000
vn -92.387953 38.268343 -0.000000
vn -92.387953 38.268343 -0.000000
vn -92.387953 38.268343 -0.000000
vn 0.000000 0.000000 100.000000
vn 0.000000 0.000000 100.000000
vn 0.000000 0.000000 100.000000
vn -92.387953 -38.268343 0.000000
vn -92.387953 -38.268343 -0.000000
vn -92.000120 -38.107698 -9.153211
vn -92.000120 -38.107698 -9.153211
vn -90.839877 -37.627109 -18.229574
vn -90.839877 -37.627109 -18.229574
vn -88.916965 -36.830613 -27.152886
vn -88.916965 -36.830613 -27.152886
vn -86.247529 -35.724896 -35.848230
vn -86.247529 -35.724896 -35.848230
vn -82.853980 -34.319242 -44.242600
vn -82.853980 -34.319242 -44.242600
vn -78.764809 -32.625452 -52.265521
vn -78.764809 -32.625452 -52.265521
vn -74.014349 -30.657747 -59.849634
vn -74.014349 -30.657747 -59.849634
vn -68.642483 -28.432648 -66.931264
vn -68.642483 -28.432648 -66.931264
vn -92.387953 -38.268343 0.000000
vn -92.387953 -38.268343 0.000000
vn 92.387953 38.268343 0.000000
vn 92.387953 38.268343 0.000000
vn 92.387953 38.268343 0.000000
vn 92.387953 38.268343 0.000000
vn 0.000000 0.000000 -100.000000
vn 0.000000 0.000000 -100.000000
vn 0.000000 0.000000 -100.000000
vn 0.000000 0.000000 -100.000000
vn 62.694312 25.968834 73.450956
vn 62.694312 25.968834 73.450956
vn 62.694312 25.968834 73.450956
vn 62.694312 25.968834 73.450956
vn -38.268343 92.387953 -0.000000
vn -38.268343 92.387953 -0.000000
vn -38.268343 92.387953 -0.000000
vn -38.268343 92.387953 -0.000000
vn -38.268343 92.387953 -0.000000
vn -38.268343 92.387953 -0.000000
vn -38.268343 92.387953 -0.000000
vn -38.268343 92.387953 -0.000000
vn -38.268343 92.387953 -0.000000
vn -38.268343 92.387953 -0.000000
vn -38.268343 92.387953 -0.000000
vn -38.268343 92.387953 -0.000000
vn -38.268343 92.387953 -0.000000
vn -38.268343 92.387953 -0.000000
vn -38.268343 92.387953 -0.000000
vn -38.268343 92.387953 -0.000000
vn -38.268343 92.387953 -0.000000
vn -38.268343 92.387953 -0.000000
vn -38.268343 92.387953 -0.000000
vn -38.268343 92.387953 -0.000000
vn -38.268343 92.387953 -0.000000
vn -38.268343 92.387953 -0.000000
vn -38.268343 92.387953 -0.000000
vn -38.268343 92.387953 -0.000000
vn -38.268343 92.387953 -0.000000
vn 0.000000 0.000000 100.000000
vn 0.000000 0.000000 100.000000
vn 0.000000 0.000000 100.000000
vn 38.268343 92.387953 0.000000
vn 38.268343 92.387953 0.000000
vn 38.268343 92.387953 0.000000
vn 38.268343 92.387953 0.000000
vn 38.268343 92.387953 0.000000
vn 38.268343 92.387953 0.000000
vn 38.268343 92.387953 0.000000
vn 38.268343 92.387953 0.000000
vn 38.268343 92.387953 0.000000
vn 38.268343 92.387953 0.000000
vn 38.268343 92.387953 0.000000
vn 38.268343 92.387953 0.000000
vn 38.268343 92.387953 0.000000
vn 38.268343 92.387953 0.000000
vn 38.268343 92.387953 0.000000
vn 38.268343 92.387953 0.000000
vn 38.268343 92.387953 0.000000
vn 38.268343 92.387953 0.000000
vn 38.268343 92.387953 0.000000
vn 38.268343 92.387953 0.000000
vn 38.268343 92.387953 0.000000
vn 38.268343 92.387953 0.000000
vn 38.268343 92.387953 0.000000
vn 38.268343 92.387953 0.000000
vn 38.268343 92.387953 0.000000
vn 92.387953 -38.268343 0.000000
vn 92.387953 -38.268343 0.000000
vn 92.387953 -38.268343 0.000000
vn 92.387953 -38.268343 0.000000
vn 0.000000 0.000000 -100.000000
vn 0.000000 0.000000 -100.000000
vn 92.387953 38.268343 0.000000
vn 92.387953 38.268343 0.000000
vn 92.387953 38.268343 0.000000
vn 92.387953 38.268343 0.000000
vn 92.387953 38.268343 0.000000
vn 92.387953 38.268343 0.000000
vn 92.387953 38.268343 0.000000
vn 92.387953 38.268343 0.000000
vn 92.387953 38.268343 0.000000
vn 92.387953 38.268343 0.000000
vn 92.387953 38.268343 0.000000
vn 92.387953 38.268343 0.000000
vn 92.387953 38.268343 0.000000
vn 92.387953 38.268343 0.000000
vn 92.387953 38.268343 0.000000
vn 92.387953 38.268343 0.000000
vn 92.387953 38.268343 0.000000
vn 92.387953 38.268343 0.000000
vn 92.387953 38.268343 0.000000
vn 92.387953 38.268343 0.000000
vn 92.387953 38.268343 0.000000
vn 92.387953 38.268343 0.000000
vn 92.387953 38.268343 0.000000
vn 92.387953 38.268343 0.000000
vn 92.387953 38.268343 0.000000
vn 38.268343 -92.387953 0.000000
vn 38.268343 -92.387953 0.000000
vn 38.268343 -92.387953 0.000000
vn 38.268343 -92.387953 0.000000
vn 0.000000 0.000000 -100.000000
vn 92.387953 -38.268343 0.000000
vn 92.387953 -38.268343 0.000000
vn 92.387953 -38.268343 0.000000
vn 92.387953 -38.268343 0.000000
vn 92.387953 -38.268343 0.000000
vn 92.387953 -38.268343 0.000000
vn 92.387953 -38.268343 0.000000
vn 92.387953 -38.268343 0.000000
vn 92.387953 -38.268343 0.000000
vn 92.387953 -38.268343 0.000000
vn 92.387953 -38.268343 0.000000
vn 92.387953 -38.268343 0.000000
vn 92.387953 -38.268343 0.000000
vn 92.387953 -38.268343 0.000000
vn 92.387953 -38.268343 0.000000
vn 92.387953 -38.268343 0.000000
vn 92.387953 -38.268343 0.000000
vn 92.387953 -38.268343 0.000000
vn 92.387953 -38.268343 0.000000
vn 92.387953 -38.268343 0.000000
vn 92.387953 -38.268343 0.000000
vn 92.387953 -38.268343 0.000000
vn 92.387953 -38.268343 0.000000
vn 92.387953 -38.268343 0.000000
vn 92.387953 -38.268343 0.000000
vn -38.268343 -92.387953 0.000000
vn -38.268343 -92.387953 0.000000
vn -38.268343 -92.387953 0.000000
vn -38.268343 -92.387953 0.000000
vn 0.000000 0.000000 -100.000000
vn 38.268343 -92.387953 0.000000
vn 38.268343 -92.387953 0.000000
vn 38.268343 -92.387953 0.000000
vn 38.268343 -92.387953 0.000000
vn 38.268343 -92.387953 0.000000
vn 38.268343 -92.387953 0.000000
vn 38.268343 -92.387953 0.000000
vn 38.268343 -92.387953 0.000000
vn 38.268343 -92.387953 0.000000
vn 38.268343 -92.387953 0.000000
vn 38.268343 -92.387953 0.000000
vn 38.268343 -92.387953 0.000000
vn 38.268343 -92.387953 0.000000
vn 38.268343 -92.387953 0.000000
vn 38.268343 -92.387953 0.000000
vn 38.268343 -92.387953 0.000000
vn 38.268343 -92.387953 0.000000
vn 38.268343 -92.387953 0.000000
vn 38.268343 -92.387953 0.000000
vn 38.268343 -92.387953 0.000000
vn 38.268343 -92.387953 0.000000
vn 38.268343 -92.387953 0.000000
vn 38.268343 -92.387953 0.000000
vn 38.268343 -92.387953 0.000000
vn 38.268343 -92.387953 0.000000
vn -92.387953 -38.268343 0.000000
vn -92.387953 -38.268343 0.000000
vn -92.387953 -38.268343 0.000000
vn -92.387953 -38.268343 0.000000
vn 0.000000 0.000000 -100.000000
usemtl Verrtical_Beams
f 458/1219/1181 441/1220/1182 457/1221/1183
f 457/1221/1183 441/1220/1182 442/1222/1184
f 457/1221/1183 442/1222/1184 456/1223/1185
f 456/1223/1185 442/1222/1184 443/1224/1186
f 456/1223/1185 443/1224/1186 455/1225/1187
f 455/1225/1187 443/1224/1186 444/1226/1188
f 455/1225/1187 444/1226/1188 454/1227/1189
f 454/1227/1189 444/1226/1188 445/1228/1190
f 454/1227/1189 445/1228/1190 453/1229/1191
f 453/1229/1191 445/1228/1190 446/1230/1192
f 453/1229/1191 446/1230/1192 452/1231/1193
f 452/1231/1193 446/1230/1192 447/1232/1194
f 452/1231/1193 447/1232/1194 451/1233/1195
f 451/1233/1195 447/1232/1194 448/1234/1196
f 451/1233/1195 448/1234/1196 450/1235/1197
f 450/1235/1197 448/1234/1196 449/1236/1198
f 441/1237/1182 458/1238/1181 460/1239/1199
f 460/1239/1199 458/1238/1181 459/1240/1200
f 478/1241/1201 461/1242/1202 477/1243/1203
f 477/1243/1203 461/1242/1202 462/1244/1204
f 477/1243/1203 462/1244/1204 476/1245/1205
f 476/1245/1205 462/1244/1204 463/1246/1206
f 476/1245/1205 463/1246/1206 475/1247/1207
f 475/1247/1207 463/1246/1206 464/1248/1208
f 475/1247/1207 464/1248/1208 474/1249/1209
f 474/1249/1209 464/1248/1208 465/1250/1210
f 474/1249/1209 465/1250/1210 473/1251/1211
f 473/1251/1211 465/1250/1210 466/1252/1212
f 473/1251/1211 466/1252/1212 472/1253/1213
f 472/1253/1213 466/1252/1212 467/1254/1214
f 472/1253/1213 467/1254/1214 471/1255/1215
f 471/1255/1215 467/1254/1214 468/1256/1216
f 471/1255/1215 468/1256/1216 470/1257/1217
f 470/1257/1217 468/1256/1216 469/1258/1218
f 461/1259/1202 478/1260/1201 480/1261/1219
f 480/1261/1219 478/1260/1201 479/1262/1220
f 498/1263/1221 481/1264/1222 497/1265/1223
f 497/1265/1223 481/1264/1222 482/1266/1224
f 497/1265/1223 482/1266/1224 496/1267/1225
f 496/1267/1225 482/1266/1224 483/1268/1226
f 496/1267/1225 483/1268/1226 495/1269/1227
f 495/1269/1227 483/1268/1226 484/1270/1228
f 495/1269/1227 484/1270/1228 494/1271/1229
f 494/1271/1229 484/1270/1228 485/1272/1230
f 494/1271/1229 485/1272/1230 493/1273/1231
f 493/1273/1231 485/1272/1230 486/1274/1232
f 493/1273/1231 486/1274/1232 492/1275/1233
f 492/1275/1233 486/1274/1232 487/1276/1234
f 492/1275/1233 487/1276/1234 491/1277/1235
f 491/1277/1235 487/1276/1234 488/1278/1236
f 491/1277/1235 488/1278/1236 490/1279/1237
f 490/1279/1237 488/1278/1236 489/1280/1238
f 481/1281/1222 498/1282/1221 500/1283/1239
f 500/1283/1239 498/1282/1221 499/1284/1240
f 518/1285/1241 501/1286/1242 517/1287/1243
f 517/1287/1243 501/1286/1242 502/1288/1244
f 517/1287/1243 502/1288/1244 516/1289/1245
f 516/1289/1245 502/1288/1244 503/1290/1246
f 516/1289/1245 503/1290/1246 515/1291/1247
f 515/1291/1247 503/1290/1246 504/1292/1248
f 515/1291/1247 504/1292/1248 514/1293/1249
f 514/1293/1249 504/1292/1248 505/1294/1250
f 514/1293/1249 505/1294/1250 513/1295/1251
f 513/1295/1251 505/1294/1250 506/1296/1252
f 513/1295/1251 506/1296/1252 512/1297/1253
f 512/1297/1253 506/1296/1252 507/1298/1254
f 512/1297/1253 507/1298/1254 511/1299/1255
f 511/1299/1255 507/1298/1254 508/1300/1256
f 511/1299/1255 508/1300/1256 510/1301/1257
f 510/1301/1257 508/1300/1256 509/1302/1258
f 501/1303/1242 518/1304/1241 520/1305/1259
f 520/1305/1259 518/1304/1241 519/1306/1260
f 538/1307/1261 521/1308/1262 537/1309/1263
f 537/1309/1263 521/1308/1262 522/1310/1264
f 537/1309/1263 522/1310/1264 523/1311/1265
f 537/1309/1263 523/1311/1265 536/1312/1266
f 536/1312/1266 523/1311/1265 524/1313/1267
f 536/1312/1266 524/1313/1267 535/1314/1268
f 535/1314/1268 524/1313/1267 525/1315/1269
f 535/1314/1268 525/1315/1269 534/1316/1270
f 534/1316/1270 525/1315/1269 526/1317/1271
f 534/1316/1270 526/1317/1271 533/1318/1272
f 533/1318/1272 526/1317/1271 527/1319/1273
f 533/1318/1272 527/1319/1273 532/1320/1274
f 532/1320/1274 527/1319/1273 528/1321/1275
f 532/1320/1274 528/1321/1275 531/1322/1276
f 531/1322/1276 528/1321/1275 529/1323/1277
f 531/1322/1276 529/1323/1277 530/1324/1278
f 530/1324/1278 529/1323/1277 459/1325/1200
f 459/1325/1200 529/1323/1277 460/1326/1199
f 521/1327/1262 538/1328/1261 540/1329/1279
f 540/1329/1279 538/1328/1261 539/1330/1280
f 541/1331/1281 542/1332/1282 544/1333/1283
f 544/1333/1283 542/1332/1282 543/1334/1284
f 543/1335/1285 540/1336/1286 544/1337/1287
f 544/1337/1287 540/1336/1286 539/1338/1288
f 542/1339/1289 541/1340/1290 546/1341/1291
f 546/1341/1291 541/1340/1290 545/1342/1292
f 548/1343/1293 547/1344/1294 450/1345/1295
f 450/1345/1295 547/1344/1294 545/1346/1296
f 450/1345/1295 545/1346/1296 451/1347/1297
f 451/1347/1297 545/1346/1296 452/1348/1298
f 452/1348/1298 545/1346/1296 453/1349/1299
f 453/1349/1299 545/1346/1296 454/1350/1300
f 454/1350/1300 545/1346/1296 455/1351/1301
f 455/1351/1301 545/1346/1296 456/1352/1302
f 456/1352/1302 545/1346/1296 457/1353/1303
f 457/1353/1303 545/1346/1296 458/1354/1304
f 458/1354/1304 545/1346/1296 459/1355/1305
f 459/1355/1305 545/1346/1296 541/1356/1306
f 459/1355/1305 541/1356/1306 530/1357/1307
f 530/1357/1307 541/1356/1306 531/1358/1308
f 531/1358/1308 541/1356/1306 532/1359/1309
f 532/1359/1309 541/1356/1306 533/1360/1310
f 533/1360/1310 541/1356/1306 534/1361/1311
f 534/1361/1311 541/1356/1306 535/1362/1312
f 535/1362/1312 541/1356/1306 536/1363/1313
f 536/1363/1313 541/1356/1306 544/1364/1314
f 536/1363/1313 544/1364/1314 537/1365/1315
f 537/1365/1315 544/1364/1314 538/1366/1316
f 538/1366/1316 544/1364/1314 539/1367/1317
f 546/1368/1318 545/1369/1319 549/1370/1320
f 549/1370/1320 545/1369/1319 547/1371/1321
f 567/1372/1322 550/1373/1323 566/1374/1324
f 566/1374/1324 550/1373/1323 551/1375/1325
f 566/1374/1324 551/1375/1325 552/1376/1326
f 566/1374/1324 552/1376/1326 565/1377/1327
f 565/1377/1327 552/1376/1326 553/1378/1328
f 565/1377/1327 553/1378/1328 564/1379/1329
f 564/1379/1329 553/1378/1328 554/1380/1330
f 564/1379/1329 554/1380/1330 563/1381/1331
f 563/1381/1331 554/1380/1330 555/1382/1332
f 563/1381/1331 555/1382/1332 562/1383/1333
f 562/1383/1333 555/1382/1332 556/1384/1334
f 562/1383/1333 556/1384/1334 561/1385/1335
f 561/1385/1335 556/1384/1334 557/1386/1336
f 561/1385/1335 557/1386/1336 560/1387/1337
f 560/1387/1337 557/1386/1336 558/1388/1338
f 560/1387/1337 558/1388/1338 559/1389/1339
f 559/1389/1339 558/1388/1338 479/1390/1220
f 479/1390/1220 558/1388/1338 480/1391/1219
f 550/1392/1323 567/1393/1322 569/1394/1340
f 569/1394/1340 567/1393/1322 568/1395/1341
f 570/1396/1342 571/1397/1343 573/1398/1344
f 573/1398/1344 571/1397/1343 572/1399/1345
f 572/1400/1346 569/1401/1347 573/1402/1348
f 573/1402/1348 569/1401/1347 568/1403/1349
f 571/1404/1350 570/1405/1351 575/1406/1352
f 575/1406/1352 570/1405/1351 574/1407/1353
f 576/1408/1354 549/1409/1355 470/1410/1356
f 470/1410/1356 549/1409/1355 574/1411/1357
f 470/1410/1356 574/1411/1357 471/1412/1358
f 471/1412/1358 574/1411/1357 472/1413/1359
f 472/1413/1359 574/1411/1357 473/1414/1360
f 473/1414/1360 574/1411/1357 474/1415/1361
f 474/1415/1361 574/1411/1357 475/1416/1362
f 475/1416/1362 574/1411/1357 476/1417/1363
f 476/1417/1363 574/1411/1357 477/1418/1364
f 477/1418/1364 574/1411/1357 478/1419/1365
f 478/1419/1365 574/1411/1357 479/1420/1366
f 479/1420/1366 574/1411/1357 570/1421/1367
f 479/1420/1366 570/1421/1367 559/1422/1368
f 559/1422/1368 570/1421/1367 560/1423/1369
f 560/1423/1369 570/1421/1367 561/1424/1370
f 561/1424/1370 570/1421/1367 562/1425/1371
f 562/1425/1371 570/1421/1367 563/1426/1372
f 563/1426/1372 570/1421/1367 564/1427/1373
f 564/1427/1373 570/1421/1367 565/1428/1374
f 565/1428/1374 570/1421/1367 573/1429/1375
f 565/1428/1374 573/1429/1375 566/1430/1376
f 566/1430/1376 573/1429/1375 567/1431/1377
f 567/1431/1377 573/1429/1375 568/1432/1378
f 577/1433/1379 575/1434/1380 549/1435/1320
f 549/1435/1320 575/1434/1380 574/1436/1381
f 595/1437/1382 578/1438/1383 594/1439/1384
f 594/1439/1384 578/1438/1383 579/1440/1385
f 594/1439/1384 579/1440/1385 580/1441/1386
f 594/1439/1384 580/1441/1386 593/1442/1387
f 593/1442/1387 580/1441/1386 581/1443/1388
f 593/1442/1387 581/1443/1388 592/1444/1389
f 592/1444/1389 581/1443/1388 582/1445/1390
f 592/1444/1389 582/1445/1390 591/1446/1391
f 591/1446/1391 582/1445/1390 583/1447/1392
f 591/1446/1391 583/1447/1392 590/1448/1393
f 590/1448/1393 583/1447/1392 584/1449/1394
f 590/1448/1393 584/1449/1394 589/1450/1395
f 589/1450/1395 584/1449/1394 585/1451/1396
f 589/1450/1395 585/1451/1396 588/1452/1397
f 588/1452/1397 585/1451/1396 586/1453/1398
f 588/1452/1397 586/1453/1398 587/1454/1399
f 587/1454/1399 586/1453/1398 499/1455/1240
f 499/1455/1240 586/1453/1398 500/1456/1239
f 578/1457/1383 595/1458/1382 597/1459/1400
f 597/1459/1400 595/1458/1382 596/1460/1401
f 598/1461/1402 599/1462/1403 601/1463/1404
f 601/1463/1404 599/1462/1403 600/1464/1405
f 600/1465/1406 597/1466/1407 601/1467/1408
f 601/1467/1408 597/1466/1407 596/1468/1409
f 599/1469/1410 598/1470/1411 603/1471/1412
f 603/1471/1412 598/1470/1411 602/1472/1413
f 604/1473/1414 577/1474/1415 490/1475/1416
f 490/1475/1416 577/1474/1415 602/1476/1417
f 490/1475/1416 602/1476/1417 491/1477/1418
f 491/1477/1418 602/1476/1417 492/1478/1419
f 492/1478/1419 602/1476/1417 493/1479/1420
f 493/1479/1420 602/1476/1417 494/1480/1421
f 494/1480/1421 602/1476/1417 495/1481/1422
f 495/1481/1422 602/1476/1417 496/1482/1423
f 496/1482/1423 602/1476/1417 497/1483/1424
f 497/1483/1424 602/1476/1417 498/1484/1425
f 498/1484/1425 602/1476/1417 499/1485/1426
f 499/1485/1426 602/1476/1417 598/1486/1427
f 499/1485/1426 598/1486/1427 587/1487/1428
f 587/1487/1428 598/1486/1427 588/1488/1429
f 588/1488/1429 598/1486/1427 589/1489/1430
f 589/1489/1430 598/1486/1427 590/1490/1431
f 590/1490/1431 598/1486/1427 591/1491/1432
f 591/1491/1432 598/1486/1427 592/1492/1433
f 592/1492/1433 598/1486/1427 593/1493/1434
f 593/1493/1434 598/1486/1427 601/1494/1435
f 593/1493/1434 601/1494/1435 594/1495/1436
f 594/1495/1436 601/1494/1435 595/1496/1437
f 595/1496/1437 601/1494/1435 596/1497/1438
f 603/1498/1439 602/1499/1440 605/1500/1441
f 605/1500/1441 602/1499/1440 577/1501/1379
f 623/1502/1442 606/1503/1443 622/1504/1444
f 622/1504/1444 606/1503/1443 607/1505/1445
f 622/1504/1444 607/1505/1445 608/1506/1446
f 622/1504/1444 608/1506/1446 621/1507/1447
f 621/1507/1447 608/1506/1446 609/1508/1448
f 621/1507/1447 609/1508/1448 620/1509/1449
f 620/1509/1449 609/1508/1448 610/1510/1450
f 620/1509/1449 610/1510/1450 619/1511/1451
f 619/1511/1451 610/1510/1450 611/1512/1452
f 619/1511/1451 611/1512/1452 618/1513/1453
f 618/1513/1453 611/1512/1452 612/1514/1454
f 618/1513/1453 612/1514/1454 617/1515/1455
f 617/1515/1455 612/1514/1454 613/1516/1456
f 617/1515/1455 613/1516/1456 616/1517/1457
f 616/1517/1457 613/1516/1456 614/1518/1458
f 616/1517/1457 614/1518/1458 615/1519/1459
f 615/1519/1459 614/1518/1458 519/1520/1260
f 519/1520/1260 614/1518/1458 520/1521/1259
f 606/1522/1443 623/1523/1442 625/1524/1460
f 625/1524/1460 623/1523/1442 624/1525/1461
f 626/1526/1462 627/1527/1463 629/1528/1464
f 629/1528/1464 627/1527/1463 628/1529/1465
f 628/1530/1466 625/1531/1467 629/1532/1468
f 629/1532/1468 625/1531/1467 624/1533/1469
f 627/1534/1470 626/1535/1471 631/1536/1472
f 631/1536/1472 626/1535/1471 630/1537/1473
f 632/1538/1474 605/1539/1475 510/1540/1476
f 510/1540/1476 605/1539/1475 630/1541/1477
f 510/1540/1476 630/1541/1477 511/1542/1478
f 511/1542/1478 630/1541/1477 512/1543/1479
f 512/1543/1479 630/1541/1477 513/1544/1480
f 513/1544/1480 630/1541/1477 514/1545/1481
f 514/1545/1481 630/1541/1477 515/1546/1482
f 515/1546/1482 630/1541/1477 516/1547/1483
f 516/1547/1483 630/1541/1477 517/1548/1484
f 517/1548/1484 630/1541/1477 518/1549/1485
f 518/1549/1485 630/1541/1477 519/1550/1486
f 519/1550/1486 630/1541/1477 626/1551/1487
f 519/1550/1486 626/1551/1487 615/1552/1488
f 615/1552/1488 626/1551/1487 616/1553/1489
f 616/1553/1489 626/1551/1487 617/1554/1490
f 617/1554/1490 626/1551/1487 618/1555/1491
f 618/1555/1491 626/1551/1487 619/1556/1492
f 619/1556/1492 626/1551/1487 620/1557/1493
f 620/1557/1493 626/1551/1487 621/1558/1494
f 621/1558/1494 626/1551/1487 629/1559/1495
f 621/1558/1494 629/1559/1495 622/1560/1496
f 622/1560/1496 629/1559/1495 623/1561/1497
f 623/1561/1497 629/1559/1495 624/1562/1498
f 633/1563/1499 631/1564/1500 605/1565/1441
f 605/1565/1441 631/1564/1500 630/1566/1501
f 576/1567/1502 449/1568/1503 549/1569/1504
f 549/1569/1504 449/1568/1503 546/1570/1505
f 546/1570/1505 449/1568/1503 448/1571/1506
f 546/1570/1505 448/1571/1506 447/1572/1507
f 447/1572/1507 446/1573/1508 546/1570/1505
f 546/1570/1505 446/1573/1508 445/1574/1509
f 546/1570/1505 445/1574/1509 444/1575/1510
f 444/1575/1510 443/1576/1511 546/1570/1505
f 546/1570/1505 443/1576/1511 442/1577/1512
f 546/1570/1505 442/1577/1512 441/1578/1513
f 441/1578/1513 460/1579/1514 546/1570/1505
f 546/1570/1505 460/1579/1514 542/1580/1515
f 542/1580/1515 460/1579/1514 529/1581/1516
f 542/1580/1515 529/1581/1516 528/1582/1517
f 528/1582/1517 527/1583/1518 542/1580/1515
f 542/1580/1515 527/1583/1518 526/1584/1519
f 542/1580/1515 526/1584/1519 525/1585/1520
f 525/1585/1520 524/1586/1521 542/1580/1515
f 542/1580/1515 524/1586/1521 523/1587/1522
f 542/1580/1515 523/1587/1522 543/1588/1523
f 543/1588/1523 523/1587/1522 522/1589/1524
f 543/1588/1523 522/1589/1524 521/1590/1525
f 521/1590/1525 540/1591/1526 543/1588/1523
f 549/1592/1527 547/1593/1528 576/1594/1529
f 576/1594/1529 547/1593/1528 548/1595/1530
f 449/1596/1198 576/1597/1531 450/1598/1197
f 450/1598/1197 576/1597/1531 548/1599/1532
f 604/1600/1533 469/1601/1534 577/1602/1535
f 577/1602/1535 469/1601/1534 575/1603/1536
f 575/1603/1536 469/1601/1534 468/1604/1537
f 575/1603/1536 468/1604/1537 467/1605/1538
f 467/1605/1538 466/1606/1539 575/1603/1536
f 575/1603/1536 466/1606/1539 465/1607/1540
f 575/1603/1536 465/1607/1540 464/1608/1541
f 464/1608/1541 463/1609/1542 575/1603/1536
f 575/1603/1536 463/1609/1542 462/1610/1543
f 575/1603/1536 462/1610/1543 461/1611/1544
f 461/1611/1544 480/1612/1545 575/1603/1536
f 575/1603/1536 480/1612/1545 571/1613/1546
f 571/1613/1546 480/1612/1545 558/1614/1547
f 571/1613/1546 558/1614/1547 557/1615/1548
f 557/1615/1548 556/1616/1549 571/1613/1546
f 571/1613/1546 556/1616/1549 555/1617/1550
f 571/1613/1546 555/1617/1550 554/1618/1551
f 554/1618/1551 553/1619/1552 571/1613/1546
f 571/1613/1546 553/1619/1552 552/1620/1553
f 571/1613/1546 552/1620/1553 572/1621/1554
f 572/1621/1554 552/1620/1553 551/1622/1555
f 572/1621/1554 551/1622/1555 550/1623/1556
f 550/1623/1556 569/1624/1557 572/1621/1554
f 577/1625/1558 549/1626/1559 604/1627/1560
f 604/1627/1560 549/1626/1559 576/1628/1561
f 470/1629/1217 469/1630/1218 576/1631/1531
f 576/1631/1531 469/1630/1218 604/1632/1562
f 632/1633/1563 489/1634/1564 605/1635/1565
f 605/1635/1565 489/1634/1564 603/1636/1566
f 603/1636/1566 489/1634/1564 488/1637/1567
f 603/1636/1566 488/1637/1567 487/1638/1568
f 487/1638/1568 486/1639/1569 603/1636/1566
f 603/1636/1566 486/1639/1569 485/1640/1570
f 603/1636/1566 485/1640/1570 484/1641/1571
f 484/1641/1571 483/1642/1572 603/1636/1566
f 603/1636/1566 483/1642/1572 482/1643/1573
f 603/1636/1566 482/1643/1573 481/1644/1574
f 481/1644/1574 500/1645/1575 603/1636/1566
f 603/1636/1566 500/1645/1575 599/1646/1576
f 599/1646/1576 500/1645/1575 586/1647/1577
f 599/1646/1576 586/1647/1577 585/1648/1578
f 585/1648/1578 584/1649/1579 599/1646/1576
f 599/1646/1576 584/1649/1579 583/1650/1580
f 599/1646/1576 583/1650/1580 582/1651/1581
f 582/1651/1581 581/1652/1582 599/1646/1576
f 599/1646/1576 581/1652/1582 580/1653/1583
f 599/1646/1576 580/1653/1583 600/1654/1584
f 600/1654/1584 580/1653/1583 579/1655/1585
f 600/1654/1584 579/1655/1585 578/1656/1586
f 578/1656/1586 597/1657/1587 600/1654/1584
f 605/1658/1588 577/1659/1589 632/1660/1590
f 632/1660/1590 577/1659/1589 604/1661/1591
f 489/1662/1238 632/1663/1592 490/1664/1237
f 490/1664/1237 632/1663/1592 604/1665/1562
f 634/1666/1593 509/1667/1594 633/1668/1595
f 633/1668/1595 509/1667/1594 631/1669/1596
f 631/1669/1596 509/1667/1594 508/1670/1597
f 631/1669/1596 508/1670/1597 507/1671/1598
f 507/1671/1598 506/1672/1599 631/1669/1596
f 631/1669/1596 506/1672/1599 505/1673/1600
f 631/1669/1596 505/1673/1600 504/1674/1601
f 504/1674/1601 503/1675/1602 631/1669/1596
f 631/1669/1596 503/1675/1602 502/1676/1603
f 631/1669/1596 502/1676/1603 501/1677/1604
f 501/1677/1604 520/1678/1605 631/1669/1596
f 631/1669/1596 520/1678/1605 627/1679/1606
f 627/1679/1606 520/1678/1605 614/1680/1607
f 627/1679/1606 614/1680/1607 613/1681/1608
f 613/1681/1608 612/1682/1609 627/1679/1606
f 627/1679/1606 612/1682/1609 611/1683/1610
f 627/1679/1606 611/1683/1610 610/1684/1611
f 610/1684/1611 609/1685/1612 627/1679/1606
f 627/1679/1606 609/1685/1612 608/1686/1613
f 627/1679/1606 608/1686/1613 628/1687/1614
f 628/1687/1614 608/1686/1613 607/1688/1615
f 628/1687/1614 607/1688/1615 606/1689/1616
f 606/1689/1616 625/1690/1617 628/1687/1614
f 633/1691/1618 605/1692/1619 634/1693/1620
f 634/1693/1620 605/1692/1619 632/1694/1621
f 510/1695/1257 509/1696/1258 632/1697/1592
f 632/1697/1592 509/1696/1258 634/1698/1622
g Body63

v 0.281598 0.281598 11.011637
v 0.000000 0.398240 11.011637
v 0.000000 0.398240 11.621237
v 0.281598 0.281598 11.621237
v -0.281598 0.281598 11.011637
v -0.281598 0.281598 11.621237
v -0.398240 0.000000 11.011637
v -0.398240 0.000000 11.621237
v -0.281598 -0.281598 11.011637
v -0.281598 -0.281598 11.621237
v 0.000000 -0.398240 11.011637
v 0.000000 -0.398240 11.621237
v 0.281598 -0.281598 11.011637
v 0.281598 -0.281598 11.621237
v 0.398240 -0.000000 11.011637
v 0.398240 -0.000000 11.621237
vt 30.480000 60.960000 0.000000
vt 0.000000 60.960000 0.000000
vt 30.480000 0.000000 0.000000
vt 0.000000 0.000000 0.000000
vt 30.480000 60.960000 0.000000
vt -0.000000 60.960000 0.000000
vt 30.480000 0.000000 0.000000
vt -0.000000 0.000000 0.000000
vt 30.480000 60.960000 0.000000
vt -0.000000 60.960000 0.000000
vt 30.480000 0.000000 0.000000
vt -0.000000 -0.000000 0.000000
vt 30.480000 60.960000 0.000000
vt 0.000000 60.960000 0.000000
vt 30.480000 0.000000 0.000000
vt 0.000000 0.000000 0.000000
vt 30.480000 60.960000 0.000000
vt 0.000000 60.960000 0.000000
vt 30.480000 0.000000 0.000000
vt 0.000000 0.000000 0.000000
vt 30.480000 60.960000 0.000000
vt 0.000000 60.960000 0.000000
vt 30.480000 -0.000000 0.000000
vt -0.000000 0.000000 0.000000
vt 30.480000 60.960000 0.000000
vt 0.000000 60.960000 0.000000
vt 30.480000 -0.000000 0.000000
vt -0.000000 0.000000 0.000000
vt 30.480000 60.960000 0.000000
vt -0.000000 60.960000 0.000000
vt 30.480000 0.000000 0.000000
vt -0.000000 0.000000 0.000000
vt -28.159848 -28.159848 0.000000
vt 28.159848 -28.159848 0.000000
vt -39.824039 0.000000 0.000000
vt 39.824039 0.000000 0.000000
vt -28.159848 28.159848 0.000000
vt 28.159848 28.159848 0.000000
vt 0.000000 39.824039 0.000000
vt 0.000000 -39.824039 0.000000
vt 0.000000 -39.824039 0.000000
vt 28.159848 -28.159848 0.000000
vt -28.159848 -28.159848 0.000000
vt -39.824039 -0.000000 0.000000
vt 39.824039 0.000000 0.000000
vt -28.159848 28.159848 0.000000
vt 28.159848 28.159848 0.000000
vt -0.000000 39.824039 0.000000
vn 38.268343 92.387953 0.000000
vn 38.268343 92.387953 0.000000
vn 38.268343 92.387953 0.000000
vn 38.268343 92.387953 0.000000
vn -38.268343 92.387953 0.000000
vn -38.268343 92.387953 0.000000
vn -38.268343 92.387953 0.000000
vn -38.268343 92.387953 0.000000
vn -92.387953 38.268343 0.000000
vn -92.387953 38.268343 0.000000
vn -92.387953 38.268343 0.000000
vn -92.387953 38.268343 0.000000
vn -92.387953 -38.268343 0.000000
vn -92.387953 -38.268343 0.000000
vn -92.387953 -38.268343 0.000000
vn -92.387953 -38.268343 0.000000
vn -38.268343 -92.387953 0.000000
vn -38.268343 -92.387953 0.000000
vn -38.268343 -92.387953 0.000000
vn -38.268343 -92.387953 0.000000
vn 38.268343 -92.387953 0.000000
vn 38.268343 -92.387953 0.000000
vn 38.268343 -92.387953 0.000000
vn 38.268343 -92.387953 0.000000
vn 92.387953 -38.268343 0.000000
vn 92.387953 -38.268343 0.000000
vn 92.387953 -38.268343 0.000000
vn 92.387953 -38.268343 0.000000
vn 92.387953 38.268343 0.000000
vn 92.387953 38.268343 0.000000
vn 92.387953 38.268343 0.000000
vn 92.387953 38.268343 0.000000
vn 0.000000 0.000000 100.000000
vn 0.000000 0.000000 100.000000
vn 0.000000 0.000000 100.000000
vn 0.000000 0.000000 100.000000
vn 0.000000 0.000000 100.000000
vn 0.000000 0.000000 100.000000
vn 0.000000 0.000000 100.000000
vn 0.000000 0.000000 100.000000
vn 0.000000 0.000000 -100.000000
vn 0.000000 0.000000 -100.000000
vn 0.000000 0.000000 -100.000000
vn 0.000000 0.000000 -100.000000
vn 0.000000 0.000000 -100.000000
vn 0.000000 0.000000 -100.000000
vn 0.000000 0.000000 -100.000000
vn 0.000000 0.000000 -100.000000
usemtl Center
f 635/1699/1623 636/1700/1624 638/1701/1625
f 638/1701/1625 636/1700/1624 637/1702/1626
f 636/1703/1627 639/1704/1628 637/1705/1629
f 637/1705/1629 639/1704/1628 640/1706/1630
f 639/1707/1631 641/1708/1632 640/1709/1633
f 640/1709/1633 641/1708/1632 642/1710/1634
f 641/1711/1635 643/1712/1636 642/1713/1637
f 642/1713/1637 643/1712/1636 644/1714/1638
f 643/1715/1639 645/1716/1640 644/1717/1641
f 644/1717/1641 645/1716/1640 646/1718/1642
f 645/1719/1643 647/1720/1644 646/1721/1645
f 646/1721/1645 647/1720/1644 648/1722/1646
f 647/1723/1647 649/1724/1648 648/1725/1649
f 648/1725/1649 649/1724/1648 650/1726/1650
f 649/1727/1651 635/1728/1652 650/1729/1653
f 650/1729/1653 635/1728/1652 638/1730/1654
f 644/1731/1655 648/1732/1656 642/1733/1657
f 642/1733/1657 648/1732/1656 650/1734/1658
f 642/1733/1657 650/1734/1658 640/1735/1659
f 640/1735/1659 650/1734/1658 638/1736/1660
f 640/1735/1659 638/1736/1660 637/1737/1661
f 644/1731/1655 646/1738/1662 648/1732/1656
f 645/1739/1663 643/1740/1664 647/1741/1665
f 647/1741/1665 643/1740/1664 649/1742/1666
f 649/1742/1666 643/1740/1664 641/1743/1667
f 649/1742/1666 641/1743/1667 635/1744/1668
f 635/1744/1668 641/1743/1667 639/1745/1669
f 635/1744/1668 639/1745/1669 636/1746/1670
# 650 vertices
# 1746 texture params
# 1670 normals
# 1168 facets

# 33 groups
