ISO-10303-21;
HEADER;
/* Generated by software containing ST-Developer
 * from STEP Tools, Inc. (www.steptools.com) 
 */

FILE_DESCRIPTION(
/* description */ (''),
/* implementation_level */ '2;1');

FILE_NAME(
/* name */ 'Octagon Full.step',
/* time_stamp */ '2026-04-29T13:47:09-04:00',
/* author */ (''),
/* organization */ (''),
/* preprocessor_version */ 'ST-DEVELOPER v20.1',
/* originating_system */ 'Autodesk Translation Framework v14.24.0.0',
/* authorisation */ '');

FILE_SCHEMA (('AUTOMOTIVE_DESIGN { 1 0 10303 214 3 1 1 }'));
ENDSEC;

DATA;
#10=MECHANICAL_DESIGN_GEOMETRIC_PRESENTATION_REPRESENTATION('',(#67,#68,
#69,#70,#71,#72,#73,#74,#75,#76,#77,#78,#79,#80,#81,#82,#83,#84,#85,#86,
#87,#88,#89,#90,#91,#92,#93,#94,#95,#96,#97,#98,#99,#100,#101,#102,#103,
#104,#105),#7784);
#11=ITEM_DEFINED_TRANSFORMATION($,$,#4860,#5182);
#12=(
REPRESENTATION_RELATIONSHIP($,$,#7795,#7794)
REPRESENTATION_RELATIONSHIP_WITH_TRANSFORMATION(#11)
SHAPE_REPRESENTATION_RELATIONSHIP()
);
#13=CONTEXT_DEPENDENT_SHAPE_REPRESENTATION(#12,#7793);
#14=NEXT_ASSEMBLY_USAGE_OCCURRENCE('Left Slope:1','Left Slope:1',
'Left Slope:1',#7797,#7798,'Left Slope:1');
#15=CIRCLE('',#5030,3657.6);
#16=CIRCLE('',#5031,3657.6);
#17=CIRCLE('',#5034,3048.);
#18=CIRCLE('',#5035,3048.);
#19=CIRCLE('',#5048,3048.);
#20=CIRCLE('',#5049,3657.6);
#21=CIRCLE('',#5052,3657.6);
#22=CIRCLE('',#5053,3048.);
#23=CIRCLE('',#5062,3657.6);
#24=CIRCLE('',#5063,3657.6);
#25=CIRCLE('',#5066,3048.);
#26=CIRCLE('',#5067,3048.);
#27=CIRCLE('',#5080,3048.);
#28=CIRCLE('',#5081,3657.6);
#29=CIRCLE('',#5084,3657.6);
#30=CIRCLE('',#5085,3048.);
#31=CIRCLE('',#5109,3657.6);
#32=CIRCLE('',#5110,3657.6);
#33=CIRCLE('',#5113,3048.);
#34=CIRCLE('',#5114,3048.);
#35=CIRCLE('',#5127,3657.6);
#36=CIRCLE('',#5128,3048.);
#37=CIRCLE('',#5131,3048.);
#38=CIRCLE('',#5132,3657.6);
#39=CIRCLE('',#5141,3657.6);
#40=CIRCLE('',#5142,3657.6);
#41=CIRCLE('',#5145,3048.);
#42=CIRCLE('',#5146,3048.);
#43=CIRCLE('',#5159,3657.6);
#44=CIRCLE('',#5160,3048.);
#45=CIRCLE('',#5163,3048.);
#46=CIRCLE('',#5164,3657.6);
#47=CYLINDRICAL_SURFACE('',#5029,3657.6);
#48=CYLINDRICAL_SURFACE('',#5033,3048.);
#49=CYLINDRICAL_SURFACE('',#5058,3048.);
#50=CYLINDRICAL_SURFACE('',#5060,3657.6);
#51=CYLINDRICAL_SURFACE('',#5061,3657.6);
#52=CYLINDRICAL_SURFACE('',#5065,3048.);
#53=CYLINDRICAL_SURFACE('',#5090,3048.);
#54=CYLINDRICAL_SURFACE('',#5092,3657.6);
#55=CYLINDRICAL_SURFACE('',#5108,3657.6);
#56=CYLINDRICAL_SURFACE('',#5112,3048.);
#57=CYLINDRICAL_SURFACE('',#5137,3048.);
#58=CYLINDRICAL_SURFACE('',#5139,3657.6);
#59=CYLINDRICAL_SURFACE('',#5140,3657.6);
#60=CYLINDRICAL_SURFACE('',#5144,3048.);
#61=CYLINDRICAL_SURFACE('',#5169,3048.);
#62=CYLINDRICAL_SURFACE('',#5171,3657.6);
#63=SHAPE_REPRESENTATION_RELATIONSHIP('SRR','None',#7795,#65);
#64=SHAPE_REPRESENTATION_RELATIONSHIP('SRR','None',#7794,#66);
#65=ADVANCED_BREP_SHAPE_REPRESENTATION('',(#106,#107,#108,#109),#7783);
#66=ADVANCED_BREP_SHAPE_REPRESENTATION('',(#110,#111,#112,#113,#114,#115,
#116,#117,#118,#119,#120,#121,#122,#123,#124,#125,#126,#127,#128,#129,#130,
#131,#132,#133,#134,#135,#136,#137,#138,#139,#140,#141,#142,#143,#144),
#7782);
#67=STYLED_ITEM('',(#7810),#106);
#68=STYLED_ITEM('',(#7810),#107);
#69=STYLED_ITEM('',(#7810),#108);
#70=STYLED_ITEM('',(#7810),#109);
#71=STYLED_ITEM('',(#7809),#110);
#72=STYLED_ITEM('',(#7809),#111);
#73=STYLED_ITEM('',(#7809),#112);
#74=STYLED_ITEM('',(#7809),#113);
#75=STYLED_ITEM('',(#7809),#114);
#76=STYLED_ITEM('',(#7810),#115);
#77=STYLED_ITEM('',(#7810),#116);
#78=STYLED_ITEM('',(#7810),#117);
#79=STYLED_ITEM('',(#7810),#118);
#80=STYLED_ITEM('',(#7809),#119);
#81=STYLED_ITEM('',(#7809),#120);
#82=STYLED_ITEM('',(#7809),#121);
#83=STYLED_ITEM('',(#7809),#122);
#84=STYLED_ITEM('',(#7809),#123);
#85=STYLED_ITEM('',(#7809),#124);
#86=STYLED_ITEM('',(#7809),#125);
#87=STYLED_ITEM('',(#7809),#126);
#88=STYLED_ITEM('',(#7809),#127);
#89=STYLED_ITEM('',(#7809),#128);
#90=STYLED_ITEM('',(#7810),#129);
#91=STYLED_ITEM('',(#7810),#130);
#92=STYLED_ITEM('',(#7810),#131);
#93=STYLED_ITEM('',(#7810),#132);
#94=STYLED_ITEM('',(#7811),#133);
#95=STYLED_ITEM('',(#7811),#134);
#96=STYLED_ITEM('',(#7811),#135);
#97=STYLED_ITEM('',(#7811),#136);
#98=STYLED_ITEM('',(#7812),#137);
#99=STYLED_ITEM('',(#7812),#138);
#100=STYLED_ITEM('',(#7812),#139);
#101=STYLED_ITEM('',(#7811),#140);
#102=STYLED_ITEM('',(#7811),#141);
#103=STYLED_ITEM('',(#7811),#142);
#104=STYLED_ITEM('',(#7811),#143);
#105=STYLED_ITEM('',(#7813),#144);
#106=MANIFOLD_SOLID_BREP('Body1',#4808);
#107=MANIFOLD_SOLID_BREP('Body2',#4809);
#108=MANIFOLD_SOLID_BREP('Body3',#4810);
#109=MANIFOLD_SOLID_BREP('Body4',#4811);
#110=MANIFOLD_SOLID_BREP('Body4',#4812);
#111=MANIFOLD_SOLID_BREP('Body8',#4813);
#112=MANIFOLD_SOLID_BREP('Body5',#4814);
#113=MANIFOLD_SOLID_BREP('Body7',#4815);
#114=MANIFOLD_SOLID_BREP('Body6',#4816);
#115=MANIFOLD_SOLID_BREP('Body9',#4817);
#116=MANIFOLD_SOLID_BREP('Body10',#4818);
#117=MANIFOLD_SOLID_BREP('Body11',#4819);
#118=MANIFOLD_SOLID_BREP('Body12',#4820);
#119=MANIFOLD_SOLID_BREP('Body44',#4821);
#120=MANIFOLD_SOLID_BREP('Body37',#4822);
#121=MANIFOLD_SOLID_BREP('Body38',#4823);
#122=MANIFOLD_SOLID_BREP('Body39',#4824);
#123=MANIFOLD_SOLID_BREP('Body40',#4825);
#124=MANIFOLD_SOLID_BREP('Body45',#4826);
#125=MANIFOLD_SOLID_BREP('Body42',#4827);
#126=MANIFOLD_SOLID_BREP('Body43',#4828);
#127=MANIFOLD_SOLID_BREP('Body36',#4829);
#128=MANIFOLD_SOLID_BREP('Body41',#4830);
#129=MANIFOLD_SOLID_BREP('Body47',#4831);
#130=MANIFOLD_SOLID_BREP('Body51',#4832);
#131=MANIFOLD_SOLID_BREP('Body53',#4833);
#132=MANIFOLD_SOLID_BREP('Body49',#4834);
#133=MANIFOLD_SOLID_BREP('Body58',#4835);
#134=MANIFOLD_SOLID_BREP('Body58',#4836);
#135=MANIFOLD_SOLID_BREP('Body58',#4837);
#136=MANIFOLD_SOLID_BREP('Body58',#4838);
#137=MANIFOLD_SOLID_BREP('Body59',#4839);
#138=MANIFOLD_SOLID_BREP('Body60',#4840);
#139=MANIFOLD_SOLID_BREP('Body61',#4841);
#140=MANIFOLD_SOLID_BREP('Body62',#4842);
#141=MANIFOLD_SOLID_BREP('Body62',#4843);
#142=MANIFOLD_SOLID_BREP('Body62',#4844);
#143=MANIFOLD_SOLID_BREP('Body62',#4845);
#144=MANIFOLD_SOLID_BREP('Body63',#4846);
#145=FACE_OUTER_BOUND('',#434,.T.);
#146=FACE_OUTER_BOUND('',#435,.T.);
#147=FACE_OUTER_BOUND('',#436,.T.);
#148=FACE_OUTER_BOUND('',#437,.T.);
#149=FACE_OUTER_BOUND('',#438,.T.);
#150=FACE_OUTER_BOUND('',#439,.T.);
#151=FACE_OUTER_BOUND('',#440,.T.);
#152=FACE_OUTER_BOUND('',#441,.T.);
#153=FACE_OUTER_BOUND('',#442,.T.);
#154=FACE_OUTER_BOUND('',#443,.T.);
#155=FACE_OUTER_BOUND('',#444,.T.);
#156=FACE_OUTER_BOUND('',#445,.T.);
#157=FACE_OUTER_BOUND('',#446,.T.);
#158=FACE_OUTER_BOUND('',#447,.T.);
#159=FACE_OUTER_BOUND('',#448,.T.);
#160=FACE_OUTER_BOUND('',#449,.T.);
#161=FACE_OUTER_BOUND('',#450,.T.);
#162=FACE_OUTER_BOUND('',#451,.T.);
#163=FACE_OUTER_BOUND('',#452,.T.);
#164=FACE_OUTER_BOUND('',#453,.T.);
#165=FACE_OUTER_BOUND('',#454,.T.);
#166=FACE_OUTER_BOUND('',#455,.T.);
#167=FACE_OUTER_BOUND('',#456,.T.);
#168=FACE_OUTER_BOUND('',#457,.T.);
#169=FACE_OUTER_BOUND('',#458,.T.);
#170=FACE_OUTER_BOUND('',#459,.T.);
#171=FACE_OUTER_BOUND('',#460,.T.);
#172=FACE_OUTER_BOUND('',#461,.T.);
#173=FACE_OUTER_BOUND('',#462,.T.);
#174=FACE_OUTER_BOUND('',#463,.T.);
#175=FACE_OUTER_BOUND('',#464,.T.);
#176=FACE_OUTER_BOUND('',#465,.T.);
#177=FACE_OUTER_BOUND('',#466,.T.);
#178=FACE_OUTER_BOUND('',#467,.T.);
#179=FACE_OUTER_BOUND('',#468,.T.);
#180=FACE_OUTER_BOUND('',#469,.T.);
#181=FACE_OUTER_BOUND('',#470,.T.);
#182=FACE_OUTER_BOUND('',#471,.T.);
#183=FACE_OUTER_BOUND('',#472,.T.);
#184=FACE_OUTER_BOUND('',#473,.T.);
#185=FACE_OUTER_BOUND('',#474,.T.);
#186=FACE_OUTER_BOUND('',#475,.T.);
#187=FACE_OUTER_BOUND('',#476,.T.);
#188=FACE_OUTER_BOUND('',#477,.T.);
#189=FACE_OUTER_BOUND('',#478,.T.);
#190=FACE_OUTER_BOUND('',#479,.T.);
#191=FACE_OUTER_BOUND('',#480,.T.);
#192=FACE_OUTER_BOUND('',#481,.T.);
#193=FACE_OUTER_BOUND('',#482,.T.);
#194=FACE_OUTER_BOUND('',#483,.T.);
#195=FACE_OUTER_BOUND('',#484,.T.);
#196=FACE_OUTER_BOUND('',#485,.T.);
#197=FACE_OUTER_BOUND('',#486,.T.);
#198=FACE_OUTER_BOUND('',#487,.T.);
#199=FACE_OUTER_BOUND('',#488,.T.);
#200=FACE_OUTER_BOUND('',#489,.T.);
#201=FACE_OUTER_BOUND('',#490,.T.);
#202=FACE_OUTER_BOUND('',#491,.T.);
#203=FACE_OUTER_BOUND('',#492,.T.);
#204=FACE_OUTER_BOUND('',#493,.T.);
#205=FACE_OUTER_BOUND('',#494,.T.);
#206=FACE_OUTER_BOUND('',#495,.T.);
#207=FACE_OUTER_BOUND('',#496,.T.);
#208=FACE_OUTER_BOUND('',#497,.T.);
#209=FACE_OUTER_BOUND('',#498,.T.);
#210=FACE_OUTER_BOUND('',#499,.T.);
#211=FACE_OUTER_BOUND('',#500,.T.);
#212=FACE_OUTER_BOUND('',#501,.T.);
#213=FACE_OUTER_BOUND('',#502,.T.);
#214=FACE_OUTER_BOUND('',#503,.T.);
#215=FACE_OUTER_BOUND('',#504,.T.);
#216=FACE_OUTER_BOUND('',#505,.T.);
#217=FACE_OUTER_BOUND('',#506,.T.);
#218=FACE_OUTER_BOUND('',#507,.T.);
#219=FACE_OUTER_BOUND('',#508,.T.);
#220=FACE_OUTER_BOUND('',#509,.T.);
#221=FACE_OUTER_BOUND('',#510,.T.);
#222=FACE_OUTER_BOUND('',#511,.T.);
#223=FACE_OUTER_BOUND('',#512,.T.);
#224=FACE_OUTER_BOUND('',#513,.T.);
#225=FACE_OUTER_BOUND('',#514,.T.);
#226=FACE_OUTER_BOUND('',#515,.T.);
#227=FACE_OUTER_BOUND('',#516,.T.);
#228=FACE_OUTER_BOUND('',#517,.T.);
#229=FACE_OUTER_BOUND('',#518,.T.);
#230=FACE_OUTER_BOUND('',#519,.T.);
#231=FACE_OUTER_BOUND('',#520,.T.);
#232=FACE_OUTER_BOUND('',#521,.T.);
#233=FACE_OUTER_BOUND('',#522,.T.);
#234=FACE_OUTER_BOUND('',#523,.T.);
#235=FACE_OUTER_BOUND('',#524,.T.);
#236=FACE_OUTER_BOUND('',#525,.T.);
#237=FACE_OUTER_BOUND('',#526,.T.);
#238=FACE_OUTER_BOUND('',#527,.T.);
#239=FACE_OUTER_BOUND('',#528,.T.);
#240=FACE_OUTER_BOUND('',#529,.T.);
#241=FACE_OUTER_BOUND('',#530,.T.);
#242=FACE_OUTER_BOUND('',#531,.T.);
#243=FACE_OUTER_BOUND('',#532,.T.);
#244=FACE_OUTER_BOUND('',#533,.T.);
#245=FACE_OUTER_BOUND('',#534,.T.);
#246=FACE_OUTER_BOUND('',#535,.T.);
#247=FACE_OUTER_BOUND('',#536,.T.);
#248=FACE_OUTER_BOUND('',#537,.T.);
#249=FACE_OUTER_BOUND('',#538,.T.);
#250=FACE_OUTER_BOUND('',#539,.T.);
#251=FACE_OUTER_BOUND('',#540,.T.);
#252=FACE_OUTER_BOUND('',#541,.T.);
#253=FACE_OUTER_BOUND('',#542,.T.);
#254=FACE_OUTER_BOUND('',#543,.T.);
#255=FACE_OUTER_BOUND('',#544,.T.);
#256=FACE_OUTER_BOUND('',#545,.T.);
#257=FACE_OUTER_BOUND('',#546,.T.);
#258=FACE_OUTER_BOUND('',#547,.T.);
#259=FACE_OUTER_BOUND('',#548,.T.);
#260=FACE_OUTER_BOUND('',#549,.T.);
#261=FACE_OUTER_BOUND('',#550,.T.);
#262=FACE_OUTER_BOUND('',#551,.T.);
#263=FACE_OUTER_BOUND('',#552,.T.);
#264=FACE_OUTER_BOUND('',#553,.T.);
#265=FACE_OUTER_BOUND('',#554,.T.);
#266=FACE_OUTER_BOUND('',#555,.T.);
#267=FACE_OUTER_BOUND('',#556,.T.);
#268=FACE_OUTER_BOUND('',#557,.T.);
#269=FACE_OUTER_BOUND('',#558,.T.);
#270=FACE_OUTER_BOUND('',#559,.T.);
#271=FACE_OUTER_BOUND('',#560,.T.);
#272=FACE_OUTER_BOUND('',#561,.T.);
#273=FACE_OUTER_BOUND('',#562,.T.);
#274=FACE_OUTER_BOUND('',#563,.T.);
#275=FACE_OUTER_BOUND('',#564,.T.);
#276=FACE_OUTER_BOUND('',#565,.T.);
#277=FACE_OUTER_BOUND('',#566,.T.);
#278=FACE_OUTER_BOUND('',#567,.T.);
#279=FACE_OUTER_BOUND('',#568,.T.);
#280=FACE_OUTER_BOUND('',#569,.T.);
#281=FACE_OUTER_BOUND('',#570,.T.);
#282=FACE_OUTER_BOUND('',#571,.T.);
#283=FACE_OUTER_BOUND('',#572,.T.);
#284=FACE_OUTER_BOUND('',#573,.T.);
#285=FACE_OUTER_BOUND('',#574,.T.);
#286=FACE_OUTER_BOUND('',#575,.T.);
#287=FACE_OUTER_BOUND('',#576,.T.);
#288=FACE_OUTER_BOUND('',#577,.T.);
#289=FACE_OUTER_BOUND('',#578,.T.);
#290=FACE_OUTER_BOUND('',#579,.T.);
#291=FACE_OUTER_BOUND('',#580,.T.);
#292=FACE_OUTER_BOUND('',#581,.T.);
#293=FACE_OUTER_BOUND('',#582,.T.);
#294=FACE_OUTER_BOUND('',#583,.T.);
#295=FACE_OUTER_BOUND('',#584,.T.);
#296=FACE_OUTER_BOUND('',#585,.T.);
#297=FACE_OUTER_BOUND('',#586,.T.);
#298=FACE_OUTER_BOUND('',#587,.T.);
#299=FACE_OUTER_BOUND('',#588,.T.);
#300=FACE_OUTER_BOUND('',#589,.T.);
#301=FACE_OUTER_BOUND('',#590,.T.);
#302=FACE_OUTER_BOUND('',#591,.T.);
#303=FACE_OUTER_BOUND('',#592,.T.);
#304=FACE_OUTER_BOUND('',#593,.T.);
#305=FACE_OUTER_BOUND('',#594,.T.);
#306=FACE_OUTER_BOUND('',#595,.T.);
#307=FACE_OUTER_BOUND('',#596,.T.);
#308=FACE_OUTER_BOUND('',#597,.T.);
#309=FACE_OUTER_BOUND('',#598,.T.);
#310=FACE_OUTER_BOUND('',#599,.T.);
#311=FACE_OUTER_BOUND('',#600,.T.);
#312=FACE_OUTER_BOUND('',#601,.T.);
#313=FACE_OUTER_BOUND('',#602,.T.);
#314=FACE_OUTER_BOUND('',#603,.T.);
#315=FACE_OUTER_BOUND('',#604,.T.);
#316=FACE_OUTER_BOUND('',#605,.T.);
#317=FACE_OUTER_BOUND('',#606,.T.);
#318=FACE_OUTER_BOUND('',#607,.T.);
#319=FACE_OUTER_BOUND('',#608,.T.);
#320=FACE_OUTER_BOUND('',#609,.T.);
#321=FACE_OUTER_BOUND('',#610,.T.);
#322=FACE_OUTER_BOUND('',#611,.T.);
#323=FACE_OUTER_BOUND('',#612,.T.);
#324=FACE_OUTER_BOUND('',#613,.T.);
#325=FACE_OUTER_BOUND('',#614,.T.);
#326=FACE_OUTER_BOUND('',#615,.T.);
#327=FACE_OUTER_BOUND('',#616,.T.);
#328=FACE_OUTER_BOUND('',#617,.T.);
#329=FACE_OUTER_BOUND('',#618,.T.);
#330=FACE_OUTER_BOUND('',#619,.T.);
#331=FACE_OUTER_BOUND('',#620,.T.);
#332=FACE_OUTER_BOUND('',#621,.T.);
#333=FACE_OUTER_BOUND('',#622,.T.);
#334=FACE_OUTER_BOUND('',#623,.T.);
#335=FACE_OUTER_BOUND('',#624,.T.);
#336=FACE_OUTER_BOUND('',#625,.T.);
#337=FACE_OUTER_BOUND('',#626,.T.);
#338=FACE_OUTER_BOUND('',#627,.T.);
#339=FACE_OUTER_BOUND('',#628,.T.);
#340=FACE_OUTER_BOUND('',#629,.T.);
#341=FACE_OUTER_BOUND('',#630,.T.);
#342=FACE_OUTER_BOUND('',#631,.T.);
#343=FACE_OUTER_BOUND('',#632,.T.);
#344=FACE_OUTER_BOUND('',#633,.T.);
#345=FACE_OUTER_BOUND('',#634,.T.);
#346=FACE_OUTER_BOUND('',#635,.T.);
#347=FACE_OUTER_BOUND('',#636,.T.);
#348=FACE_OUTER_BOUND('',#637,.T.);
#349=FACE_OUTER_BOUND('',#638,.T.);
#350=FACE_OUTER_BOUND('',#639,.T.);
#351=FACE_OUTER_BOUND('',#640,.T.);
#352=FACE_OUTER_BOUND('',#641,.T.);
#353=FACE_OUTER_BOUND('',#642,.T.);
#354=FACE_OUTER_BOUND('',#643,.T.);
#355=FACE_OUTER_BOUND('',#644,.T.);
#356=FACE_OUTER_BOUND('',#645,.T.);
#357=FACE_OUTER_BOUND('',#646,.T.);
#358=FACE_OUTER_BOUND('',#647,.T.);
#359=FACE_OUTER_BOUND('',#648,.T.);
#360=FACE_OUTER_BOUND('',#649,.T.);
#361=FACE_OUTER_BOUND('',#650,.T.);
#362=FACE_OUTER_BOUND('',#651,.T.);
#363=FACE_OUTER_BOUND('',#652,.T.);
#364=FACE_OUTER_BOUND('',#653,.T.);
#365=FACE_OUTER_BOUND('',#654,.T.);
#366=FACE_OUTER_BOUND('',#655,.T.);
#367=FACE_OUTER_BOUND('',#656,.T.);
#368=FACE_OUTER_BOUND('',#657,.T.);
#369=FACE_OUTER_BOUND('',#658,.T.);
#370=FACE_OUTER_BOUND('',#659,.T.);
#371=FACE_OUTER_BOUND('',#660,.T.);
#372=FACE_OUTER_BOUND('',#661,.T.);
#373=FACE_OUTER_BOUND('',#662,.T.);
#374=FACE_OUTER_BOUND('',#663,.T.);
#375=FACE_OUTER_BOUND('',#664,.T.);
#376=FACE_OUTER_BOUND('',#665,.T.);
#377=FACE_OUTER_BOUND('',#666,.T.);
#378=FACE_OUTER_BOUND('',#667,.T.);
#379=FACE_OUTER_BOUND('',#668,.T.);
#380=FACE_OUTER_BOUND('',#669,.T.);
#381=FACE_OUTER_BOUND('',#670,.T.);
#382=FACE_OUTER_BOUND('',#671,.T.);
#383=FACE_OUTER_BOUND('',#672,.T.);
#384=FACE_OUTER_BOUND('',#673,.T.);
#385=FACE_OUTER_BOUND('',#674,.T.);
#386=FACE_OUTER_BOUND('',#675,.T.);
#387=FACE_OUTER_BOUND('',#676,.T.);
#388=FACE_OUTER_BOUND('',#677,.T.);
#389=FACE_OUTER_BOUND('',#678,.T.);
#390=FACE_OUTER_BOUND('',#679,.T.);
#391=FACE_OUTER_BOUND('',#680,.T.);
#392=FACE_OUTER_BOUND('',#681,.T.);
#393=FACE_OUTER_BOUND('',#682,.T.);
#394=FACE_OUTER_BOUND('',#683,.T.);
#395=FACE_OUTER_BOUND('',#684,.T.);
#396=FACE_OUTER_BOUND('',#685,.T.);
#397=FACE_OUTER_BOUND('',#686,.T.);
#398=FACE_OUTER_BOUND('',#687,.T.);
#399=FACE_OUTER_BOUND('',#688,.T.);
#400=FACE_OUTER_BOUND('',#689,.T.);
#401=FACE_OUTER_BOUND('',#690,.T.);
#402=FACE_OUTER_BOUND('',#691,.T.);
#403=FACE_OUTER_BOUND('',#692,.T.);
#404=FACE_OUTER_BOUND('',#693,.T.);
#405=FACE_OUTER_BOUND('',#694,.T.);
#406=FACE_OUTER_BOUND('',#695,.T.);
#407=FACE_OUTER_BOUND('',#696,.T.);
#408=FACE_OUTER_BOUND('',#697,.T.);
#409=FACE_OUTER_BOUND('',#698,.T.);
#410=FACE_OUTER_BOUND('',#699,.T.);
#411=FACE_OUTER_BOUND('',#700,.T.);
#412=FACE_OUTER_BOUND('',#701,.T.);
#413=FACE_OUTER_BOUND('',#702,.T.);
#414=FACE_OUTER_BOUND('',#703,.T.);
#415=FACE_OUTER_BOUND('',#704,.T.);
#416=FACE_OUTER_BOUND('',#705,.T.);
#417=FACE_OUTER_BOUND('',#706,.T.);
#418=FACE_OUTER_BOUND('',#707,.T.);
#419=FACE_OUTER_BOUND('',#708,.T.);
#420=FACE_OUTER_BOUND('',#709,.T.);
#421=FACE_OUTER_BOUND('',#710,.T.);
#422=FACE_OUTER_BOUND('',#711,.T.);
#423=FACE_OUTER_BOUND('',#712,.T.);
#424=FACE_OUTER_BOUND('',#713,.T.);
#425=FACE_OUTER_BOUND('',#714,.T.);
#426=FACE_OUTER_BOUND('',#715,.T.);
#427=FACE_OUTER_BOUND('',#716,.T.);
#428=FACE_OUTER_BOUND('',#717,.T.);
#429=FACE_OUTER_BOUND('',#718,.T.);
#430=FACE_OUTER_BOUND('',#719,.T.);
#431=FACE_OUTER_BOUND('',#720,.T.);
#432=FACE_OUTER_BOUND('',#721,.T.);
#433=FACE_OUTER_BOUND('',#722,.T.);
#434=EDGE_LOOP('',(#2980,#2981,#2982,#2983));
#435=EDGE_LOOP('',(#2984,#2985,#2986,#2987));
#436=EDGE_LOOP('',(#2988,#2989,#2990,#2991));
#437=EDGE_LOOP('',(#2992,#2993,#2994,#2995));
#438=EDGE_LOOP('',(#2996,#2997,#2998,#2999));
#439=EDGE_LOOP('',(#3000,#3001,#3002,#3003));
#440=EDGE_LOOP('',(#3004,#3005,#3006,#3007));
#441=EDGE_LOOP('',(#3008,#3009,#3010,#3011));
#442=EDGE_LOOP('',(#3012,#3013,#3014,#3015));
#443=EDGE_LOOP('',(#3016,#3017,#3018,#3019));
#444=EDGE_LOOP('',(#3020,#3021,#3022,#3023));
#445=EDGE_LOOP('',(#3024,#3025,#3026,#3027));
#446=EDGE_LOOP('',(#3028,#3029,#3030,#3031));
#447=EDGE_LOOP('',(#3032,#3033,#3034,#3035));
#448=EDGE_LOOP('',(#3036,#3037,#3038,#3039));
#449=EDGE_LOOP('',(#3040,#3041,#3042,#3043));
#450=EDGE_LOOP('',(#3044,#3045,#3046,#3047));
#451=EDGE_LOOP('',(#3048,#3049,#3050,#3051));
#452=EDGE_LOOP('',(#3052,#3053,#3054,#3055));
#453=EDGE_LOOP('',(#3056,#3057,#3058,#3059));
#454=EDGE_LOOP('',(#3060,#3061,#3062,#3063));
#455=EDGE_LOOP('',(#3064,#3065,#3066,#3067));
#456=EDGE_LOOP('',(#3068,#3069,#3070,#3071));
#457=EDGE_LOOP('',(#3072,#3073,#3074,#3075));
#458=EDGE_LOOP('',(#3076,#3077,#3078,#3079));
#459=EDGE_LOOP('',(#3080,#3081,#3082,#3083));
#460=EDGE_LOOP('',(#3084,#3085,#3086,#3087));
#461=EDGE_LOOP('',(#3088,#3089,#3090,#3091));
#462=EDGE_LOOP('',(#3092,#3093,#3094,#3095));
#463=EDGE_LOOP('',(#3096,#3097,#3098,#3099));
#464=EDGE_LOOP('',(#3100,#3101,#3102,#3103));
#465=EDGE_LOOP('',(#3104,#3105,#3106,#3107));
#466=EDGE_LOOP('',(#3108,#3109,#3110,#3111));
#467=EDGE_LOOP('',(#3112,#3113,#3114,#3115));
#468=EDGE_LOOP('',(#3116,#3117,#3118,#3119));
#469=EDGE_LOOP('',(#3120,#3121,#3122,#3123));
#470=EDGE_LOOP('',(#3124,#3125,#3126,#3127));
#471=EDGE_LOOP('',(#3128,#3129,#3130,#3131));
#472=EDGE_LOOP('',(#3132,#3133,#3134,#3135));
#473=EDGE_LOOP('',(#3136,#3137,#3138,#3139));
#474=EDGE_LOOP('',(#3140,#3141,#3142,#3143));
#475=EDGE_LOOP('',(#3144,#3145,#3146,#3147));
#476=EDGE_LOOP('',(#3148,#3149,#3150,#3151,#3152));
#477=EDGE_LOOP('',(#3153,#3154,#3155,#3156));
#478=EDGE_LOOP('',(#3157,#3158,#3159,#3160,#3161,#3162));
#479=EDGE_LOOP('',(#3163,#3164,#3165,#3166,#3167));
#480=EDGE_LOOP('',(#3168,#3169,#3170,#3171));
#481=EDGE_LOOP('',(#3172,#3173,#3174));
#482=EDGE_LOOP('',(#3175,#3176,#3177,#3178,#3179,#3180));
#483=EDGE_LOOP('',(#3181,#3182,#3183));
#484=EDGE_LOOP('',(#3184,#3185,#3186,#3187));
#485=EDGE_LOOP('',(#3188,#3189,#3190,#3191));
#486=EDGE_LOOP('',(#3192,#3193,#3194,#3195));
#487=EDGE_LOOP('',(#3196,#3197,#3198,#3199));
#488=EDGE_LOOP('',(#3200,#3201,#3202,#3203));
#489=EDGE_LOOP('',(#3204,#3205,#3206,#3207));
#490=EDGE_LOOP('',(#3208,#3209,#3210,#3211));
#491=EDGE_LOOP('',(#3212,#3213,#3214,#3215));
#492=EDGE_LOOP('',(#3216,#3217,#3218,#3219));
#493=EDGE_LOOP('',(#3220,#3221,#3222,#3223));
#494=EDGE_LOOP('',(#3224,#3225,#3226,#3227));
#495=EDGE_LOOP('',(#3228,#3229,#3230,#3231));
#496=EDGE_LOOP('',(#3232,#3233,#3234,#3235));
#497=EDGE_LOOP('',(#3236,#3237,#3238,#3239));
#498=EDGE_LOOP('',(#3240,#3241,#3242,#3243));
#499=EDGE_LOOP('',(#3244,#3245,#3246,#3247));
#500=EDGE_LOOP('',(#3248,#3249,#3250,#3251));
#501=EDGE_LOOP('',(#3252,#3253,#3254,#3255));
#502=EDGE_LOOP('',(#3256,#3257,#3258,#3259));
#503=EDGE_LOOP('',(#3260,#3261,#3262,#3263));
#504=EDGE_LOOP('',(#3264,#3265,#3266,#3267));
#505=EDGE_LOOP('',(#3268,#3269,#3270,#3271));
#506=EDGE_LOOP('',(#3272,#3273,#3274,#3275));
#507=EDGE_LOOP('',(#3276,#3277,#3278,#3279));
#508=EDGE_LOOP('',(#3280,#3281,#3282,#3283));
#509=EDGE_LOOP('',(#3284,#3285,#3286,#3287));
#510=EDGE_LOOP('',(#3288,#3289,#3290,#3291));
#511=EDGE_LOOP('',(#3292,#3293,#3294,#3295));
#512=EDGE_LOOP('',(#3296,#3297,#3298,#3299));
#513=EDGE_LOOP('',(#3300,#3301,#3302,#3303));
#514=EDGE_LOOP('',(#3304,#3305,#3306,#3307));
#515=EDGE_LOOP('',(#3308,#3309,#3310,#3311));
#516=EDGE_LOOP('',(#3312,#3313,#3314,#3315));
#517=EDGE_LOOP('',(#3316,#3317,#3318,#3319));
#518=EDGE_LOOP('',(#3320,#3321,#3322,#3323));
#519=EDGE_LOOP('',(#3324,#3325,#3326,#3327));
#520=EDGE_LOOP('',(#3328,#3329,#3330,#3331));
#521=EDGE_LOOP('',(#3332,#3333,#3334,#3335));
#522=EDGE_LOOP('',(#3336,#3337,#3338,#3339));
#523=EDGE_LOOP('',(#3340,#3341,#3342,#3343));
#524=EDGE_LOOP('',(#3344,#3345,#3346,#3347));
#525=EDGE_LOOP('',(#3348,#3349,#3350,#3351));
#526=EDGE_LOOP('',(#3352,#3353,#3354,#3355));
#527=EDGE_LOOP('',(#3356,#3357,#3358,#3359));
#528=EDGE_LOOP('',(#3360,#3361,#3362,#3363));
#529=EDGE_LOOP('',(#3364,#3365,#3366,#3367));
#530=EDGE_LOOP('',(#3368,#3369,#3370,#3371));
#531=EDGE_LOOP('',(#3372,#3373,#3374,#3375));
#532=EDGE_LOOP('',(#3376,#3377,#3378,#3379));
#533=EDGE_LOOP('',(#3380,#3381,#3382,#3383));
#534=EDGE_LOOP('',(#3384,#3385,#3386,#3387));
#535=EDGE_LOOP('',(#3388,#3389,#3390,#3391));
#536=EDGE_LOOP('',(#3392,#3393,#3394,#3395));
#537=EDGE_LOOP('',(#3396,#3397,#3398,#3399));
#538=EDGE_LOOP('',(#3400,#3401,#3402,#3403));
#539=EDGE_LOOP('',(#3404,#3405,#3406,#3407));
#540=EDGE_LOOP('',(#3408,#3409,#3410,#3411));
#541=EDGE_LOOP('',(#3412,#3413,#3414,#3415));
#542=EDGE_LOOP('',(#3416,#3417,#3418,#3419));
#543=EDGE_LOOP('',(#3420,#3421,#3422,#3423));
#544=EDGE_LOOP('',(#3424,#3425,#3426,#3427));
#545=EDGE_LOOP('',(#3428,#3429,#3430,#3431));
#546=EDGE_LOOP('',(#3432,#3433,#3434,#3435));
#547=EDGE_LOOP('',(#3436,#3437,#3438,#3439));
#548=EDGE_LOOP('',(#3440,#3441,#3442,#3443));
#549=EDGE_LOOP('',(#3444,#3445,#3446,#3447));
#550=EDGE_LOOP('',(#3448,#3449,#3450,#3451,#3452));
#551=EDGE_LOOP('',(#3453,#3454,#3455,#3456));
#552=EDGE_LOOP('',(#3457,#3458,#3459,#3460,#3461,#3462));
#553=EDGE_LOOP('',(#3463,#3464,#3465,#3466,#3467));
#554=EDGE_LOOP('',(#3468,#3469,#3470,#3471));
#555=EDGE_LOOP('',(#3472,#3473,#3474));
#556=EDGE_LOOP('',(#3475,#3476,#3477,#3478,#3479,#3480));
#557=EDGE_LOOP('',(#3481,#3482,#3483));
#558=EDGE_LOOP('',(#3484,#3485,#3486,#3487,#3488));
#559=EDGE_LOOP('',(#3489,#3490,#3491,#3492));
#560=EDGE_LOOP('',(#3493,#3494,#3495,#3496,#3497,#3498));
#561=EDGE_LOOP('',(#3499,#3500,#3501,#3502,#3503));
#562=EDGE_LOOP('',(#3504,#3505,#3506,#3507));
#563=EDGE_LOOP('',(#3508,#3509,#3510));
#564=EDGE_LOOP('',(#3511,#3512,#3513,#3514,#3515,#3516));
#565=EDGE_LOOP('',(#3517,#3518,#3519));
#566=EDGE_LOOP('',(#3520,#3521,#3522,#3523));
#567=EDGE_LOOP('',(#3524,#3525,#3526,#3527));
#568=EDGE_LOOP('',(#3528,#3529,#3530,#3531));
#569=EDGE_LOOP('',(#3532,#3533,#3534,#3535));
#570=EDGE_LOOP('',(#3536,#3537,#3538,#3539));
#571=EDGE_LOOP('',(#3540,#3541,#3542,#3543));
#572=EDGE_LOOP('',(#3544,#3545,#3546,#3547));
#573=EDGE_LOOP('',(#3548,#3549,#3550,#3551));
#574=EDGE_LOOP('',(#3552,#3553,#3554,#3555));
#575=EDGE_LOOP('',(#3556,#3557,#3558,#3559));
#576=EDGE_LOOP('',(#3560,#3561,#3562,#3563));
#577=EDGE_LOOP('',(#3564,#3565,#3566,#3567));
#578=EDGE_LOOP('',(#3568,#3569,#3570,#3571));
#579=EDGE_LOOP('',(#3572,#3573,#3574,#3575));
#580=EDGE_LOOP('',(#3576,#3577,#3578,#3579));
#581=EDGE_LOOP('',(#3580,#3581,#3582,#3583));
#582=EDGE_LOOP('',(#3584,#3585,#3586,#3587));
#583=EDGE_LOOP('',(#3588,#3589,#3590,#3591));
#584=EDGE_LOOP('',(#3592,#3593,#3594,#3595));
#585=EDGE_LOOP('',(#3596,#3597,#3598,#3599));
#586=EDGE_LOOP('',(#3600,#3601,#3602,#3603));
#587=EDGE_LOOP('',(#3604,#3605,#3606,#3607));
#588=EDGE_LOOP('',(#3608,#3609,#3610,#3611));
#589=EDGE_LOOP('',(#3612,#3613,#3614,#3615));
#590=EDGE_LOOP('',(#3616,#3617,#3618,#3619));
#591=EDGE_LOOP('',(#3620,#3621,#3622,#3623));
#592=EDGE_LOOP('',(#3624,#3625,#3626,#3627));
#593=EDGE_LOOP('',(#3628,#3629,#3630,#3631));
#594=EDGE_LOOP('',(#3632,#3633,#3634,#3635));
#595=EDGE_LOOP('',(#3636,#3637,#3638,#3639));
#596=EDGE_LOOP('',(#3640,#3641,#3642,#3643));
#597=EDGE_LOOP('',(#3644,#3645,#3646,#3647));
#598=EDGE_LOOP('',(#3648,#3649,#3650,#3651));
#599=EDGE_LOOP('',(#3652,#3653,#3654,#3655));
#600=EDGE_LOOP('',(#3656,#3657,#3658,#3659));
#601=EDGE_LOOP('',(#3660,#3661,#3662,#3663));
#602=EDGE_LOOP('',(#3664,#3665,#3666,#3667));
#603=EDGE_LOOP('',(#3668,#3669,#3670,#3671));
#604=EDGE_LOOP('',(#3672,#3673,#3674,#3675));
#605=EDGE_LOOP('',(#3676,#3677,#3678,#3679));
#606=EDGE_LOOP('',(#3680,#3681,#3682,#3683));
#607=EDGE_LOOP('',(#3684,#3685,#3686,#3687));
#608=EDGE_LOOP('',(#3688,#3689,#3690,#3691));
#609=EDGE_LOOP('',(#3692,#3693,#3694,#3695,#3696,#3697,#3698,#3699,#3700,
#3701));
#610=EDGE_LOOP('',(#3702,#3703,#3704,#3705));
#611=EDGE_LOOP('',(#3706,#3707,#3708,#3709,#3710,#3711,#3712,#3713,#3714,
#3715));
#612=EDGE_LOOP('',(#3716,#3717,#3718,#3719));
#613=EDGE_LOOP('',(#3720,#3721,#3722,#3723));
#614=EDGE_LOOP('',(#3724,#3725,#3726,#3727));
#615=EDGE_LOOP('',(#3728,#3729,#3730,#3731));
#616=EDGE_LOOP('',(#3732,#3733,#3734,#3735,#3736,#3737,#3738,#3739,#3740,
#3741));
#617=EDGE_LOOP('',(#3742,#3743,#3744,#3745));
#618=EDGE_LOOP('',(#3746,#3747,#3748,#3749,#3750,#3751,#3752,#3753,#3754,
#3755));
#619=EDGE_LOOP('',(#3756,#3757,#3758,#3759));
#620=EDGE_LOOP('',(#3760,#3761,#3762,#3763));
#621=EDGE_LOOP('',(#3764,#3765,#3766,#3767));
#622=EDGE_LOOP('',(#3768,#3769,#3770,#3771));
#623=EDGE_LOOP('',(#3772,#3773,#3774,#3775));
#624=EDGE_LOOP('',(#3776,#3777,#3778,#3779));
#625=EDGE_LOOP('',(#3780,#3781,#3782,#3783));
#626=EDGE_LOOP('',(#3784,#3785,#3786,#3787));
#627=EDGE_LOOP('',(#3788,#3789,#3790,#3791));
#628=EDGE_LOOP('',(#3792,#3793,#3794,#3795));
#629=EDGE_LOOP('',(#3796,#3797,#3798,#3799));
#630=EDGE_LOOP('',(#3800,#3801,#3802,#3803));
#631=EDGE_LOOP('',(#3804,#3805,#3806,#3807));
#632=EDGE_LOOP('',(#3808,#3809,#3810,#3811));
#633=EDGE_LOOP('',(#3812,#3813,#3814,#3815,#3816,#3817,#3818,#3819,#3820,
#3821));
#634=EDGE_LOOP('',(#3822,#3823,#3824,#3825));
#635=EDGE_LOOP('',(#3826,#3827,#3828,#3829,#3830,#3831,#3832,#3833,#3834,
#3835));
#636=EDGE_LOOP('',(#3836,#3837,#3838,#3839));
#637=EDGE_LOOP('',(#3840,#3841,#3842,#3843));
#638=EDGE_LOOP('',(#3844,#3845,#3846,#3847));
#639=EDGE_LOOP('',(#3848,#3849,#3850,#3851));
#640=EDGE_LOOP('',(#3852,#3853,#3854,#3855,#3856,#3857,#3858,#3859,#3860,
#3861));
#641=EDGE_LOOP('',(#3862,#3863,#3864,#3865));
#642=EDGE_LOOP('',(#3866,#3867,#3868,#3869,#3870,#3871,#3872,#3873,#3874,
#3875));
#643=EDGE_LOOP('',(#3876,#3877,#3878,#3879));
#644=EDGE_LOOP('',(#3880,#3881,#3882,#3883));
#645=EDGE_LOOP('',(#3884,#3885,#3886,#3887));
#646=EDGE_LOOP('',(#3888,#3889,#3890,#3891));
#647=EDGE_LOOP('',(#3892,#3893,#3894,#3895));
#648=EDGE_LOOP('',(#3896,#3897,#3898,#3899));
#649=EDGE_LOOP('',(#3900,#3901,#3902,#3903));
#650=EDGE_LOOP('',(#3904,#3905,#3906,#3907));
#651=EDGE_LOOP('',(#3908,#3909,#3910,#3911));
#652=EDGE_LOOP('',(#3912,#3913,#3914,#3915));
#653=EDGE_LOOP('',(#3916,#3917,#3918));
#654=EDGE_LOOP('',(#3919,#3920,#3921));
#655=EDGE_LOOP('',(#3922,#3923,#3924,#3925));
#656=EDGE_LOOP('',(#3926,#3927,#3928,#3929));
#657=EDGE_LOOP('',(#3930,#3931,#3932,#3933));
#658=EDGE_LOOP('',(#3934,#3935,#3936));
#659=EDGE_LOOP('',(#3937,#3938,#3939));
#660=EDGE_LOOP('',(#3940,#3941,#3942,#3943));
#661=EDGE_LOOP('',(#3944,#3945,#3946,#3947));
#662=EDGE_LOOP('',(#3948,#3949,#3950,#3951));
#663=EDGE_LOOP('',(#3952,#3953,#3954));
#664=EDGE_LOOP('',(#3955,#3956,#3957));
#665=EDGE_LOOP('',(#3958,#3959,#3960,#3961));
#666=EDGE_LOOP('',(#3962,#3963,#3964,#3965));
#667=EDGE_LOOP('',(#3966,#3967,#3968,#3969));
#668=EDGE_LOOP('',(#3970,#3971,#3972,#3973));
#669=EDGE_LOOP('',(#3974,#3975,#3976,#3977));
#670=EDGE_LOOP('',(#3978,#3979,#3980,#3981));
#671=EDGE_LOOP('',(#3982,#3983,#3984,#3985));
#672=EDGE_LOOP('',(#3986,#3987,#3988,#3989,#3990,#3991,#3992,#3993,#3994,
#3995));
#673=EDGE_LOOP('',(#3996,#3997,#3998,#3999));
#674=EDGE_LOOP('',(#4000,#4001,#4002,#4003,#4004,#4005,#4006,#4007,#4008,
#4009));
#675=EDGE_LOOP('',(#4010,#4011,#4012,#4013));
#676=EDGE_LOOP('',(#4014,#4015,#4016,#4017));
#677=EDGE_LOOP('',(#4018,#4019,#4020,#4021));
#678=EDGE_LOOP('',(#4022,#4023,#4024,#4025));
#679=EDGE_LOOP('',(#4026,#4027,#4028,#4029,#4030,#4031,#4032,#4033,#4034,
#4035));
#680=EDGE_LOOP('',(#4036,#4037,#4038,#4039));
#681=EDGE_LOOP('',(#4040,#4041,#4042,#4043,#4044,#4045,#4046,#4047,#4048,
#4049));
#682=EDGE_LOOP('',(#4050,#4051,#4052,#4053));
#683=EDGE_LOOP('',(#4054,#4055,#4056,#4057));
#684=EDGE_LOOP('',(#4058,#4059,#4060,#4061));
#685=EDGE_LOOP('',(#4062,#4063,#4064,#4065));
#686=EDGE_LOOP('',(#4066,#4067,#4068,#4069));
#687=EDGE_LOOP('',(#4070,#4071,#4072,#4073));
#688=EDGE_LOOP('',(#4074,#4075,#4076,#4077));
#689=EDGE_LOOP('',(#4078,#4079,#4080,#4081));
#690=EDGE_LOOP('',(#4082,#4083,#4084,#4085));
#691=EDGE_LOOP('',(#4086,#4087,#4088,#4089));
#692=EDGE_LOOP('',(#4090,#4091,#4092,#4093));
#693=EDGE_LOOP('',(#4094,#4095,#4096,#4097));
#694=EDGE_LOOP('',(#4098,#4099,#4100,#4101));
#695=EDGE_LOOP('',(#4102,#4103,#4104,#4105));
#696=EDGE_LOOP('',(#4106,#4107,#4108,#4109,#4110,#4111,#4112,#4113,#4114,
#4115));
#697=EDGE_LOOP('',(#4116,#4117,#4118,#4119));
#698=EDGE_LOOP('',(#4120,#4121,#4122,#4123,#4124,#4125,#4126,#4127,#4128,
#4129));
#699=EDGE_LOOP('',(#4130,#4131,#4132,#4133));
#700=EDGE_LOOP('',(#4134,#4135,#4136,#4137));
#701=EDGE_LOOP('',(#4138,#4139,#4140,#4141));
#702=EDGE_LOOP('',(#4142,#4143,#4144,#4145));
#703=EDGE_LOOP('',(#4146,#4147,#4148,#4149,#4150,#4151,#4152,#4153,#4154,
#4155));
#704=EDGE_LOOP('',(#4156,#4157,#4158,#4159));
#705=EDGE_LOOP('',(#4160,#4161,#4162,#4163,#4164,#4165,#4166,#4167,#4168,
#4169));
#706=EDGE_LOOP('',(#4170,#4171,#4172,#4173));
#707=EDGE_LOOP('',(#4174,#4175,#4176,#4177));
#708=EDGE_LOOP('',(#4178,#4179,#4180,#4181));
#709=EDGE_LOOP('',(#4182,#4183,#4184,#4185));
#710=EDGE_LOOP('',(#4186,#4187,#4188,#4189));
#711=EDGE_LOOP('',(#4190,#4191,#4192,#4193));
#712=EDGE_LOOP('',(#4194,#4195,#4196,#4197));
#713=EDGE_LOOP('',(#4198,#4199,#4200,#4201));
#714=EDGE_LOOP('',(#4202,#4203,#4204,#4205));
#715=EDGE_LOOP('',(#4206,#4207,#4208,#4209));
#716=EDGE_LOOP('',(#4210,#4211,#4212,#4213));
#717=EDGE_LOOP('',(#4214,#4215,#4216,#4217));
#718=EDGE_LOOP('',(#4218,#4219,#4220,#4221));
#719=EDGE_LOOP('',(#4222,#4223,#4224,#4225));
#720=EDGE_LOOP('',(#4226,#4227,#4228,#4229));
#721=EDGE_LOOP('',(#4230,#4231,#4232,#4233,#4234,#4235,#4236,#4237));
#722=EDGE_LOOP('',(#4238,#4239,#4240,#4241,#4242,#4243,#4244,#4245));
#723=LINE('',#6437,#1324);
#724=LINE('',#6439,#1325);
#725=LINE('',#6441,#1326);
#726=LINE('',#6442,#1327);
#727=LINE('',#6445,#1328);
#728=LINE('',#6447,#1329);
#729=LINE('',#6448,#1330);
#730=LINE('',#6451,#1331);
#731=LINE('',#6452,#1332);
#732=LINE('',#6455,#1333);
#733=LINE('',#6456,#1334);
#734=LINE('',#6458,#1335);
#735=LINE('',#6463,#1336);
#736=LINE('',#6465,#1337);
#737=LINE('',#6467,#1338);
#738=LINE('',#6468,#1339);
#739=LINE('',#6471,#1340);
#740=LINE('',#6473,#1341);
#741=LINE('',#6474,#1342);
#742=LINE('',#6477,#1343);
#743=LINE('',#6478,#1344);
#744=LINE('',#6481,#1345);
#745=LINE('',#6482,#1346);
#746=LINE('',#6484,#1347);
#747=LINE('',#6489,#1348);
#748=LINE('',#6491,#1349);
#749=LINE('',#6493,#1350);
#750=LINE('',#6494,#1351);
#751=LINE('',#6497,#1352);
#752=LINE('',#6499,#1353);
#753=LINE('',#6500,#1354);
#754=LINE('',#6503,#1355);
#755=LINE('',#6504,#1356);
#756=LINE('',#6507,#1357);
#757=LINE('',#6508,#1358);
#758=LINE('',#6510,#1359);
#759=LINE('',#6515,#1360);
#760=LINE('',#6517,#1361);
#761=LINE('',#6519,#1362);
#762=LINE('',#6520,#1363);
#763=LINE('',#6523,#1364);
#764=LINE('',#6525,#1365);
#765=LINE('',#6526,#1366);
#766=LINE('',#6529,#1367);
#767=LINE('',#6530,#1368);
#768=LINE('',#6533,#1369);
#769=LINE('',#6534,#1370);
#770=LINE('',#6536,#1371);
#771=LINE('',#6541,#1372);
#772=LINE('',#6543,#1373);
#773=LINE('',#6545,#1374);
#774=LINE('',#6546,#1375);
#775=LINE('',#6549,#1376);
#776=LINE('',#6551,#1377);
#777=LINE('',#6552,#1378);
#778=LINE('',#6555,#1379);
#779=LINE('',#6556,#1380);
#780=LINE('',#6559,#1381);
#781=LINE('',#6560,#1382);
#782=LINE('',#6562,#1383);
#783=LINE('',#6567,#1384);
#784=LINE('',#6569,#1385);
#785=LINE('',#6571,#1386);
#786=LINE('',#6572,#1387);
#787=LINE('',#6575,#1388);
#788=LINE('',#6577,#1389);
#789=LINE('',#6578,#1390);
#790=LINE('',#6581,#1391);
#791=LINE('',#6582,#1392);
#792=LINE('',#6585,#1393);
#793=LINE('',#6586,#1394);
#794=LINE('',#6588,#1395);
#795=LINE('',#6593,#1396);
#796=LINE('',#6595,#1397);
#797=LINE('',#6597,#1398);
#798=LINE('',#6598,#1399);
#799=LINE('',#6601,#1400);
#800=LINE('',#6603,#1401);
#801=LINE('',#6604,#1402);
#802=LINE('',#6607,#1403);
#803=LINE('',#6608,#1404);
#804=LINE('',#6611,#1405);
#805=LINE('',#6612,#1406);
#806=LINE('',#6614,#1407);
#807=LINE('',#6619,#1408);
#808=LINE('',#6621,#1409);
#809=LINE('',#6623,#1410);
#810=LINE('',#6625,#1411);
#811=LINE('',#6626,#1412);
#812=LINE('',#6629,#1413);
#813=LINE('',#6631,#1414);
#814=LINE('',#6632,#1415);
#815=LINE('',#6635,#1416);
#816=LINE('',#6637,#1417);
#817=LINE('',#6639,#1418);
#818=LINE('',#6640,#1419);
#819=LINE('',#6643,#1420);
#820=LINE('',#6645,#1421);
#821=LINE('',#6646,#1422);
#822=LINE('',#6648,#1423);
#823=LINE('',#6650,#1424);
#824=LINE('',#6652,#1425);
#825=LINE('',#6657,#1426);
#826=LINE('',#6659,#1427);
#827=LINE('',#6661,#1428);
#828=LINE('',#6662,#1429);
#829=LINE('',#6665,#1430);
#830=LINE('',#6667,#1431);
#831=LINE('',#6668,#1432);
#832=LINE('',#6671,#1433);
#833=LINE('',#6672,#1434);
#834=LINE('',#6675,#1435);
#835=LINE('',#6676,#1436);
#836=LINE('',#6678,#1437);
#837=LINE('',#6683,#1438);
#838=LINE('',#6685,#1439);
#839=LINE('',#6687,#1440);
#840=LINE('',#6688,#1441);
#841=LINE('',#6691,#1442);
#842=LINE('',#6693,#1443);
#843=LINE('',#6694,#1444);
#844=LINE('',#6697,#1445);
#845=LINE('',#6698,#1446);
#846=LINE('',#6701,#1447);
#847=LINE('',#6702,#1448);
#848=LINE('',#6704,#1449);
#849=LINE('',#6709,#1450);
#850=LINE('',#6711,#1451);
#851=LINE('',#6713,#1452);
#852=LINE('',#6714,#1453);
#853=LINE('',#6717,#1454);
#854=LINE('',#6719,#1455);
#855=LINE('',#6720,#1456);
#856=LINE('',#6723,#1457);
#857=LINE('',#6724,#1458);
#858=LINE('',#6727,#1459);
#859=LINE('',#6728,#1460);
#860=LINE('',#6730,#1461);
#861=LINE('',#6735,#1462);
#862=LINE('',#6737,#1463);
#863=LINE('',#6739,#1464);
#864=LINE('',#6740,#1465);
#865=LINE('',#6743,#1466);
#866=LINE('',#6745,#1467);
#867=LINE('',#6746,#1468);
#868=LINE('',#6749,#1469);
#869=LINE('',#6750,#1470);
#870=LINE('',#6753,#1471);
#871=LINE('',#6754,#1472);
#872=LINE('',#6756,#1473);
#873=LINE('',#6761,#1474);
#874=LINE('',#6763,#1475);
#875=LINE('',#6765,#1476);
#876=LINE('',#6766,#1477);
#877=LINE('',#6769,#1478);
#878=LINE('',#6771,#1479);
#879=LINE('',#6772,#1480);
#880=LINE('',#6775,#1481);
#881=LINE('',#6776,#1482);
#882=LINE('',#6779,#1483);
#883=LINE('',#6780,#1484);
#884=LINE('',#6782,#1485);
#885=LINE('',#6787,#1486);
#886=LINE('',#6789,#1487);
#887=LINE('',#6791,#1488);
#888=LINE('',#6792,#1489);
#889=LINE('',#6795,#1490);
#890=LINE('',#6797,#1491);
#891=LINE('',#6798,#1492);
#892=LINE('',#6801,#1493);
#893=LINE('',#6802,#1494);
#894=LINE('',#6805,#1495);
#895=LINE('',#6806,#1496);
#896=LINE('',#6808,#1497);
#897=LINE('',#6813,#1498);
#898=LINE('',#6815,#1499);
#899=LINE('',#6817,#1500);
#900=LINE('',#6818,#1501);
#901=LINE('',#6821,#1502);
#902=LINE('',#6823,#1503);
#903=LINE('',#6824,#1504);
#904=LINE('',#6827,#1505);
#905=LINE('',#6828,#1506);
#906=LINE('',#6831,#1507);
#907=LINE('',#6832,#1508);
#908=LINE('',#6834,#1509);
#909=LINE('',#6839,#1510);
#910=LINE('',#6841,#1511);
#911=LINE('',#6843,#1512);
#912=LINE('',#6844,#1513);
#913=LINE('',#6847,#1514);
#914=LINE('',#6849,#1515);
#915=LINE('',#6850,#1516);
#916=LINE('',#6853,#1517);
#917=LINE('',#6854,#1518);
#918=LINE('',#6857,#1519);
#919=LINE('',#6858,#1520);
#920=LINE('',#6860,#1521);
#921=LINE('',#6865,#1522);
#922=LINE('',#6867,#1523);
#923=LINE('',#6869,#1524);
#924=LINE('',#6870,#1525);
#925=LINE('',#6873,#1526);
#926=LINE('',#6875,#1527);
#927=LINE('',#6876,#1528);
#928=LINE('',#6879,#1529);
#929=LINE('',#6880,#1530);
#930=LINE('',#6883,#1531);
#931=LINE('',#6884,#1532);
#932=LINE('',#6886,#1533);
#933=LINE('',#6891,#1534);
#934=LINE('',#6893,#1535);
#935=LINE('',#6895,#1536);
#936=LINE('',#6896,#1537);
#937=LINE('',#6899,#1538);
#938=LINE('',#6901,#1539);
#939=LINE('',#6902,#1540);
#940=LINE('',#6905,#1541);
#941=LINE('',#6906,#1542);
#942=LINE('',#6909,#1543);
#943=LINE('',#6910,#1544);
#944=LINE('',#6912,#1545);
#945=LINE('',#6917,#1546);
#946=LINE('',#6919,#1547);
#947=LINE('',#6921,#1548);
#948=LINE('',#6922,#1549);
#949=LINE('',#6925,#1550);
#950=LINE('',#6927,#1551);
#951=LINE('',#6928,#1552);
#952=LINE('',#6931,#1553);
#953=LINE('',#6932,#1554);
#954=LINE('',#6935,#1555);
#955=LINE('',#6936,#1556);
#956=LINE('',#6938,#1557);
#957=LINE('',#6943,#1558);
#958=LINE('',#6945,#1559);
#959=LINE('',#6947,#1560);
#960=LINE('',#6949,#1561);
#961=LINE('',#6950,#1562);
#962=LINE('',#6953,#1563);
#963=LINE('',#6955,#1564);
#964=LINE('',#6956,#1565);
#965=LINE('',#6959,#1566);
#966=LINE('',#6961,#1567);
#967=LINE('',#6963,#1568);
#968=LINE('',#6964,#1569);
#969=LINE('',#6967,#1570);
#970=LINE('',#6969,#1571);
#971=LINE('',#6970,#1572);
#972=LINE('',#6972,#1573);
#973=LINE('',#6974,#1574);
#974=LINE('',#6976,#1575);
#975=LINE('',#6981,#1576);
#976=LINE('',#6983,#1577);
#977=LINE('',#6985,#1578);
#978=LINE('',#6987,#1579);
#979=LINE('',#6988,#1580);
#980=LINE('',#6991,#1581);
#981=LINE('',#6993,#1582);
#982=LINE('',#6994,#1583);
#983=LINE('',#6997,#1584);
#984=LINE('',#6999,#1585);
#985=LINE('',#7001,#1586);
#986=LINE('',#7002,#1587);
#987=LINE('',#7005,#1588);
#988=LINE('',#7007,#1589);
#989=LINE('',#7008,#1590);
#990=LINE('',#7010,#1591);
#991=LINE('',#7012,#1592);
#992=LINE('',#7014,#1593);
#993=LINE('',#7019,#1594);
#994=LINE('',#7021,#1595);
#995=LINE('',#7023,#1596);
#996=LINE('',#7024,#1597);
#997=LINE('',#7027,#1598);
#998=LINE('',#7029,#1599);
#999=LINE('',#7030,#1600);
#1000=LINE('',#7033,#1601);
#1001=LINE('',#7034,#1602);
#1002=LINE('',#7037,#1603);
#1003=LINE('',#7038,#1604);
#1004=LINE('',#7040,#1605);
#1005=LINE('',#7045,#1606);
#1006=LINE('',#7047,#1607);
#1007=LINE('',#7049,#1608);
#1008=LINE('',#7050,#1609);
#1009=LINE('',#7053,#1610);
#1010=LINE('',#7055,#1611);
#1011=LINE('',#7056,#1612);
#1012=LINE('',#7059,#1613);
#1013=LINE('',#7060,#1614);
#1014=LINE('',#7063,#1615);
#1015=LINE('',#7064,#1616);
#1016=LINE('',#7066,#1617);
#1017=LINE('',#7071,#1618);
#1018=LINE('',#7073,#1619);
#1019=LINE('',#7075,#1620);
#1020=LINE('',#7076,#1621);
#1021=LINE('',#7079,#1622);
#1022=LINE('',#7081,#1623);
#1023=LINE('',#7082,#1624);
#1024=LINE('',#7085,#1625);
#1025=LINE('',#7086,#1626);
#1026=LINE('',#7089,#1627);
#1027=LINE('',#7090,#1628);
#1028=LINE('',#7092,#1629);
#1029=LINE('',#7097,#1630);
#1030=LINE('',#7099,#1631);
#1031=LINE('',#7101,#1632);
#1032=LINE('',#7102,#1633);
#1033=LINE('',#7105,#1634);
#1034=LINE('',#7107,#1635);
#1035=LINE('',#7108,#1636);
#1036=LINE('',#7111,#1637);
#1037=LINE('',#7112,#1638);
#1038=LINE('',#7115,#1639);
#1039=LINE('',#7116,#1640);
#1040=LINE('',#7118,#1641);
#1041=LINE('',#7123,#1642);
#1042=LINE('',#7125,#1643);
#1043=LINE('',#7127,#1644);
#1044=LINE('',#7128,#1645);
#1045=LINE('',#7131,#1646);
#1046=LINE('',#7133,#1647);
#1047=LINE('',#7134,#1648);
#1048=LINE('',#7137,#1649);
#1049=LINE('',#7138,#1650);
#1050=LINE('',#7141,#1651);
#1051=LINE('',#7142,#1652);
#1052=LINE('',#7144,#1653);
#1053=LINE('',#7149,#1654);
#1054=LINE('',#7151,#1655);
#1055=LINE('',#7153,#1656);
#1056=LINE('',#7154,#1657);
#1057=LINE('',#7157,#1658);
#1058=LINE('',#7159,#1659);
#1059=LINE('',#7160,#1660);
#1060=LINE('',#7163,#1661);
#1061=LINE('',#7164,#1662);
#1062=LINE('',#7167,#1663);
#1063=LINE('',#7168,#1664);
#1064=LINE('',#7170,#1665);
#1065=LINE('',#7177,#1666);
#1066=LINE('',#7180,#1667);
#1067=LINE('',#7183,#1668);
#1068=LINE('',#7185,#1669);
#1069=LINE('',#7186,#1670);
#1070=LINE('',#7191,#1671);
#1071=LINE('',#7195,#1672);
#1072=LINE('',#7197,#1673);
#1073=LINE('',#7198,#1674);
#1074=LINE('',#7202,#1675);
#1075=LINE('',#7204,#1676);
#1076=LINE('',#7206,#1677);
#1077=LINE('',#7207,#1678);
#1078=LINE('',#7209,#1679);
#1079=LINE('',#7210,#1680);
#1080=LINE('',#7213,#1681);
#1081=LINE('',#7215,#1682);
#1082=LINE('',#7216,#1683);
#1083=LINE('',#7219,#1684);
#1084=LINE('',#7221,#1685);
#1085=LINE('',#7222,#1686);
#1086=LINE('',#7225,#1687);
#1087=LINE('',#7226,#1688);
#1088=LINE('',#7229,#1689);
#1089=LINE('',#7230,#1690);
#1090=LINE('',#7232,#1691);
#1091=LINE('',#7237,#1692);
#1092=LINE('',#7239,#1693);
#1093=LINE('',#7241,#1694);
#1094=LINE('',#7242,#1695);
#1095=LINE('',#7246,#1696);
#1096=LINE('',#7247,#1697);
#1097=LINE('',#7248,#1698);
#1098=LINE('',#7251,#1699);
#1099=LINE('',#7253,#1700);
#1100=LINE('',#7255,#1701);
#1101=LINE('',#7257,#1702);
#1102=LINE('',#7259,#1703);
#1103=LINE('',#7263,#1704);
#1104=LINE('',#7267,#1705);
#1105=LINE('',#7268,#1706);
#1106=LINE('',#7273,#1707);
#1107=LINE('',#7277,#1708);
#1108=LINE('',#7279,#1709);
#1109=LINE('',#7281,#1710);
#1110=LINE('',#7282,#1711);
#1111=LINE('',#7284,#1712);
#1112=LINE('',#7286,#1713);
#1113=LINE('',#7287,#1714);
#1114=LINE('',#7290,#1715);
#1115=LINE('',#7292,#1716);
#1116=LINE('',#7294,#1717);
#1117=LINE('',#7301,#1718);
#1118=LINE('',#7304,#1719);
#1119=LINE('',#7307,#1720);
#1120=LINE('',#7309,#1721);
#1121=LINE('',#7310,#1722);
#1122=LINE('',#7315,#1723);
#1123=LINE('',#7319,#1724);
#1124=LINE('',#7321,#1725);
#1125=LINE('',#7322,#1726);
#1126=LINE('',#7326,#1727);
#1127=LINE('',#7328,#1728);
#1128=LINE('',#7330,#1729);
#1129=LINE('',#7331,#1730);
#1130=LINE('',#7333,#1731);
#1131=LINE('',#7334,#1732);
#1132=LINE('',#7337,#1733);
#1133=LINE('',#7339,#1734);
#1134=LINE('',#7340,#1735);
#1135=LINE('',#7343,#1736);
#1136=LINE('',#7345,#1737);
#1137=LINE('',#7346,#1738);
#1138=LINE('',#7349,#1739);
#1139=LINE('',#7350,#1740);
#1140=LINE('',#7353,#1741);
#1141=LINE('',#7354,#1742);
#1142=LINE('',#7356,#1743);
#1143=LINE('',#7361,#1744);
#1144=LINE('',#7363,#1745);
#1145=LINE('',#7365,#1746);
#1146=LINE('',#7366,#1747);
#1147=LINE('',#7370,#1748);
#1148=LINE('',#7371,#1749);
#1149=LINE('',#7372,#1750);
#1150=LINE('',#7375,#1751);
#1151=LINE('',#7377,#1752);
#1152=LINE('',#7379,#1753);
#1153=LINE('',#7381,#1754);
#1154=LINE('',#7383,#1755);
#1155=LINE('',#7387,#1756);
#1156=LINE('',#7391,#1757);
#1157=LINE('',#7392,#1758);
#1158=LINE('',#7397,#1759);
#1159=LINE('',#7401,#1760);
#1160=LINE('',#7403,#1761);
#1161=LINE('',#7405,#1762);
#1162=LINE('',#7406,#1763);
#1163=LINE('',#7408,#1764);
#1164=LINE('',#7410,#1765);
#1165=LINE('',#7411,#1766);
#1166=LINE('',#7414,#1767);
#1167=LINE('',#7416,#1768);
#1168=LINE('',#7418,#1769);
#1169=LINE('',#7423,#1770);
#1170=LINE('',#7425,#1771);
#1171=LINE('',#7427,#1772);
#1172=LINE('',#7428,#1773);
#1173=LINE('',#7431,#1774);
#1174=LINE('',#7433,#1775);
#1175=LINE('',#7434,#1776);
#1176=LINE('',#7436,#1777);
#1177=LINE('',#7437,#1778);
#1178=LINE('',#7443,#1779);
#1179=LINE('',#7445,#1780);
#1180=LINE('',#7447,#1781);
#1181=LINE('',#7448,#1782);
#1182=LINE('',#7451,#1783);
#1183=LINE('',#7453,#1784);
#1184=LINE('',#7454,#1785);
#1185=LINE('',#7456,#1786);
#1186=LINE('',#7457,#1787);
#1187=LINE('',#7463,#1788);
#1188=LINE('',#7465,#1789);
#1189=LINE('',#7467,#1790);
#1190=LINE('',#7468,#1791);
#1191=LINE('',#7471,#1792);
#1192=LINE('',#7473,#1793);
#1193=LINE('',#7474,#1794);
#1194=LINE('',#7476,#1795);
#1195=LINE('',#7477,#1796);
#1196=LINE('',#7485,#1797);
#1197=LINE('',#7488,#1798);
#1198=LINE('',#7491,#1799);
#1199=LINE('',#7493,#1800);
#1200=LINE('',#7494,#1801);
#1201=LINE('',#7500,#1802);
#1202=LINE('',#7503,#1803);
#1203=LINE('',#7505,#1804);
#1204=LINE('',#7506,#1805);
#1205=LINE('',#7510,#1806);
#1206=LINE('',#7512,#1807);
#1207=LINE('',#7514,#1808);
#1208=LINE('',#7515,#1809);
#1209=LINE('',#7517,#1810);
#1210=LINE('',#7518,#1811);
#1211=LINE('',#7521,#1812);
#1212=LINE('',#7523,#1813);
#1213=LINE('',#7524,#1814);
#1214=LINE('',#7527,#1815);
#1215=LINE('',#7529,#1816);
#1216=LINE('',#7530,#1817);
#1217=LINE('',#7533,#1818);
#1218=LINE('',#7534,#1819);
#1219=LINE('',#7537,#1820);
#1220=LINE('',#7538,#1821);
#1221=LINE('',#7540,#1822);
#1222=LINE('',#7545,#1823);
#1223=LINE('',#7547,#1824);
#1224=LINE('',#7549,#1825);
#1225=LINE('',#7550,#1826);
#1226=LINE('',#7554,#1827);
#1227=LINE('',#7555,#1828);
#1228=LINE('',#7556,#1829);
#1229=LINE('',#7561,#1830);
#1230=LINE('',#7565,#1831);
#1231=LINE('',#7567,#1832);
#1232=LINE('',#7569,#1833);
#1233=LINE('',#7571,#1834);
#1234=LINE('',#7572,#1835);
#1235=LINE('',#7575,#1836);
#1236=LINE('',#7576,#1837);
#1237=LINE('',#7579,#1838);
#1238=LINE('',#7581,#1839);
#1239=LINE('',#7583,#1840);
#1240=LINE('',#7585,#1841);
#1241=LINE('',#7589,#1842);
#1242=LINE('',#7592,#1843);
#1243=LINE('',#7594,#1844);
#1244=LINE('',#7595,#1845);
#1245=LINE('',#7598,#1846);
#1246=LINE('',#7600,#1847);
#1247=LINE('',#7602,#1848);
#1248=LINE('',#7609,#1849);
#1249=LINE('',#7612,#1850);
#1250=LINE('',#7615,#1851);
#1251=LINE('',#7617,#1852);
#1252=LINE('',#7618,#1853);
#1253=LINE('',#7624,#1854);
#1254=LINE('',#7627,#1855);
#1255=LINE('',#7629,#1856);
#1256=LINE('',#7630,#1857);
#1257=LINE('',#7634,#1858);
#1258=LINE('',#7636,#1859);
#1259=LINE('',#7638,#1860);
#1260=LINE('',#7639,#1861);
#1261=LINE('',#7641,#1862);
#1262=LINE('',#7642,#1863);
#1263=LINE('',#7645,#1864);
#1264=LINE('',#7647,#1865);
#1265=LINE('',#7648,#1866);
#1266=LINE('',#7651,#1867);
#1267=LINE('',#7653,#1868);
#1268=LINE('',#7654,#1869);
#1269=LINE('',#7657,#1870);
#1270=LINE('',#7658,#1871);
#1271=LINE('',#7661,#1872);
#1272=LINE('',#7662,#1873);
#1273=LINE('',#7664,#1874);
#1274=LINE('',#7669,#1875);
#1275=LINE('',#7671,#1876);
#1276=LINE('',#7673,#1877);
#1277=LINE('',#7674,#1878);
#1278=LINE('',#7678,#1879);
#1279=LINE('',#7679,#1880);
#1280=LINE('',#7680,#1881);
#1281=LINE('',#7685,#1882);
#1282=LINE('',#7689,#1883);
#1283=LINE('',#7691,#1884);
#1284=LINE('',#7693,#1885);
#1285=LINE('',#7695,#1886);
#1286=LINE('',#7696,#1887);
#1287=LINE('',#7699,#1888);
#1288=LINE('',#7700,#1889);
#1289=LINE('',#7703,#1890);
#1290=LINE('',#7705,#1891);
#1291=LINE('',#7707,#1892);
#1292=LINE('',#7709,#1893);
#1293=LINE('',#7713,#1894);
#1294=LINE('',#7716,#1895);
#1295=LINE('',#7718,#1896);
#1296=LINE('',#7719,#1897);
#1297=LINE('',#7722,#1898);
#1298=LINE('',#7724,#1899);
#1299=LINE('',#7726,#1900);
#1300=LINE('',#7731,#1901);
#1301=LINE('',#7733,#1902);
#1302=LINE('',#7735,#1903);
#1303=LINE('',#7736,#1904);
#1304=LINE('',#7739,#1905);
#1305=LINE('',#7741,#1906);
#1306=LINE('',#7742,#1907);
#1307=LINE('',#7745,#1908);
#1308=LINE('',#7747,#1909);
#1309=LINE('',#7748,#1910);
#1310=LINE('',#7751,#1911);
#1311=LINE('',#7753,#1912);
#1312=LINE('',#7754,#1913);
#1313=LINE('',#7757,#1914);
#1314=LINE('',#7759,#1915);
#1315=LINE('',#7760,#1916);
#1316=LINE('',#7763,#1917);
#1317=LINE('',#7765,#1918);
#1318=LINE('',#7766,#1919);
#1319=LINE('',#7769,#1920);
#1320=LINE('',#7771,#1921);
#1321=LINE('',#7772,#1922);
#1322=LINE('',#7774,#1923);
#1323=LINE('',#7775,#1924);
#1324=VECTOR('',#5189,10.);
#1325=VECTOR('',#5190,10.);
#1326=VECTOR('',#5191,10.);
#1327=VECTOR('',#5192,10.);
#1328=VECTOR('',#5195,10.);
#1329=VECTOR('',#5196,10.);
#1330=VECTOR('',#5197,10.);
#1331=VECTOR('',#5200,10.);
#1332=VECTOR('',#5201,10.);
#1333=VECTOR('',#5204,10.);
#1334=VECTOR('',#5205,10.);
#1335=VECTOR('',#5208,10.);
#1336=VECTOR('',#5213,10.);
#1337=VECTOR('',#5214,10.);
#1338=VECTOR('',#5215,10.);
#1339=VECTOR('',#5216,10.);
#1340=VECTOR('',#5219,10.);
#1341=VECTOR('',#5220,10.);
#1342=VECTOR('',#5221,10.);
#1343=VECTOR('',#5224,10.);
#1344=VECTOR('',#5225,10.);
#1345=VECTOR('',#5228,10.);
#1346=VECTOR('',#5229,10.);
#1347=VECTOR('',#5232,10.);
#1348=VECTOR('',#5237,10.);
#1349=VECTOR('',#5238,10.);
#1350=VECTOR('',#5239,10.);
#1351=VECTOR('',#5240,10.);
#1352=VECTOR('',#5243,10.);
#1353=VECTOR('',#5244,10.);
#1354=VECTOR('',#5245,10.);
#1355=VECTOR('',#5248,10.);
#1356=VECTOR('',#5249,10.);
#1357=VECTOR('',#5252,10.);
#1358=VECTOR('',#5253,10.);
#1359=VECTOR('',#5256,10.);
#1360=VECTOR('',#5261,10.);
#1361=VECTOR('',#5262,10.);
#1362=VECTOR('',#5263,10.);
#1363=VECTOR('',#5264,10.);
#1364=VECTOR('',#5267,10.);
#1365=VECTOR('',#5268,10.);
#1366=VECTOR('',#5269,10.);
#1367=VECTOR('',#5272,10.);
#1368=VECTOR('',#5273,10.);
#1369=VECTOR('',#5276,10.);
#1370=VECTOR('',#5277,10.);
#1371=VECTOR('',#5280,10.);
#1372=VECTOR('',#5285,10.);
#1373=VECTOR('',#5286,10.);
#1374=VECTOR('',#5287,10.);
#1375=VECTOR('',#5288,10.);
#1376=VECTOR('',#5291,10.);
#1377=VECTOR('',#5292,10.);
#1378=VECTOR('',#5293,10.);
#1379=VECTOR('',#5296,10.);
#1380=VECTOR('',#5297,10.);
#1381=VECTOR('',#5300,10.);
#1382=VECTOR('',#5301,10.);
#1383=VECTOR('',#5304,10.);
#1384=VECTOR('',#5309,10.);
#1385=VECTOR('',#5310,10.);
#1386=VECTOR('',#5311,10.);
#1387=VECTOR('',#5312,10.);
#1388=VECTOR('',#5315,10.);
#1389=VECTOR('',#5316,10.);
#1390=VECTOR('',#5317,10.);
#1391=VECTOR('',#5320,10.);
#1392=VECTOR('',#5321,10.);
#1393=VECTOR('',#5324,10.);
#1394=VECTOR('',#5325,10.);
#1395=VECTOR('',#5328,10.);
#1396=VECTOR('',#5333,10.);
#1397=VECTOR('',#5334,10.);
#1398=VECTOR('',#5335,10.);
#1399=VECTOR('',#5336,10.);
#1400=VECTOR('',#5339,10.);
#1401=VECTOR('',#5340,10.);
#1402=VECTOR('',#5341,10.);
#1403=VECTOR('',#5344,10.);
#1404=VECTOR('',#5345,10.);
#1405=VECTOR('',#5348,10.);
#1406=VECTOR('',#5349,10.);
#1407=VECTOR('',#5352,10.);
#1408=VECTOR('',#5357,10.);
#1409=VECTOR('',#5358,10.);
#1410=VECTOR('',#5359,10.);
#1411=VECTOR('',#5360,10.);
#1412=VECTOR('',#5361,10.);
#1413=VECTOR('',#5364,10.);
#1414=VECTOR('',#5365,10.);
#1415=VECTOR('',#5366,10.);
#1416=VECTOR('',#5369,10.);
#1417=VECTOR('',#5370,10.);
#1418=VECTOR('',#5371,10.);
#1419=VECTOR('',#5372,10.);
#1420=VECTOR('',#5375,10.);
#1421=VECTOR('',#5376,10.);
#1422=VECTOR('',#5377,10.);
#1423=VECTOR('',#5380,10.);
#1424=VECTOR('',#5383,10.);
#1425=VECTOR('',#5386,10.);
#1426=VECTOR('',#5391,10.);
#1427=VECTOR('',#5392,10.);
#1428=VECTOR('',#5393,10.);
#1429=VECTOR('',#5394,10.);
#1430=VECTOR('',#5397,10.);
#1431=VECTOR('',#5398,10.);
#1432=VECTOR('',#5399,10.);
#1433=VECTOR('',#5402,10.);
#1434=VECTOR('',#5403,10.);
#1435=VECTOR('',#5406,10.);
#1436=VECTOR('',#5407,10.);
#1437=VECTOR('',#5410,10.);
#1438=VECTOR('',#5415,10.);
#1439=VECTOR('',#5416,10.);
#1440=VECTOR('',#5417,10.);
#1441=VECTOR('',#5418,10.);
#1442=VECTOR('',#5421,10.);
#1443=VECTOR('',#5422,10.);
#1444=VECTOR('',#5423,10.);
#1445=VECTOR('',#5426,10.);
#1446=VECTOR('',#5427,10.);
#1447=VECTOR('',#5430,10.);
#1448=VECTOR('',#5431,10.);
#1449=VECTOR('',#5434,10.);
#1450=VECTOR('',#5439,10.);
#1451=VECTOR('',#5440,10.);
#1452=VECTOR('',#5441,10.);
#1453=VECTOR('',#5442,10.);
#1454=VECTOR('',#5445,10.);
#1455=VECTOR('',#5446,10.);
#1456=VECTOR('',#5447,10.);
#1457=VECTOR('',#5450,10.);
#1458=VECTOR('',#5451,10.);
#1459=VECTOR('',#5454,10.);
#1460=VECTOR('',#5455,10.);
#1461=VECTOR('',#5458,10.);
#1462=VECTOR('',#5463,10.);
#1463=VECTOR('',#5464,10.);
#1464=VECTOR('',#5465,10.);
#1465=VECTOR('',#5466,10.);
#1466=VECTOR('',#5469,10.);
#1467=VECTOR('',#5470,10.);
#1468=VECTOR('',#5471,10.);
#1469=VECTOR('',#5474,10.);
#1470=VECTOR('',#5475,10.);
#1471=VECTOR('',#5478,10.);
#1472=VECTOR('',#5479,10.);
#1473=VECTOR('',#5482,10.);
#1474=VECTOR('',#5487,10.);
#1475=VECTOR('',#5488,10.);
#1476=VECTOR('',#5489,10.);
#1477=VECTOR('',#5490,10.);
#1478=VECTOR('',#5493,10.);
#1479=VECTOR('',#5494,10.);
#1480=VECTOR('',#5495,10.);
#1481=VECTOR('',#5498,10.);
#1482=VECTOR('',#5499,10.);
#1483=VECTOR('',#5502,10.);
#1484=VECTOR('',#5503,10.);
#1485=VECTOR('',#5506,10.);
#1486=VECTOR('',#5511,10.);
#1487=VECTOR('',#5512,10.);
#1488=VECTOR('',#5513,10.);
#1489=VECTOR('',#5514,10.);
#1490=VECTOR('',#5517,10.);
#1491=VECTOR('',#5518,10.);
#1492=VECTOR('',#5519,10.);
#1493=VECTOR('',#5522,10.);
#1494=VECTOR('',#5523,10.);
#1495=VECTOR('',#5526,10.);
#1496=VECTOR('',#5527,10.);
#1497=VECTOR('',#5530,10.);
#1498=VECTOR('',#5535,10.);
#1499=VECTOR('',#5536,10.);
#1500=VECTOR('',#5537,10.);
#1501=VECTOR('',#5538,10.);
#1502=VECTOR('',#5541,10.);
#1503=VECTOR('',#5542,10.);
#1504=VECTOR('',#5543,10.);
#1505=VECTOR('',#5546,10.);
#1506=VECTOR('',#5547,10.);
#1507=VECTOR('',#5550,10.);
#1508=VECTOR('',#5551,10.);
#1509=VECTOR('',#5554,10.);
#1510=VECTOR('',#5559,10.);
#1511=VECTOR('',#5560,10.);
#1512=VECTOR('',#5561,10.);
#1513=VECTOR('',#5562,10.);
#1514=VECTOR('',#5565,10.);
#1515=VECTOR('',#5566,10.);
#1516=VECTOR('',#5567,10.);
#1517=VECTOR('',#5570,10.);
#1518=VECTOR('',#5571,10.);
#1519=VECTOR('',#5574,10.);
#1520=VECTOR('',#5575,10.);
#1521=VECTOR('',#5578,10.);
#1522=VECTOR('',#5583,10.);
#1523=VECTOR('',#5584,10.);
#1524=VECTOR('',#5585,10.);
#1525=VECTOR('',#5586,10.);
#1526=VECTOR('',#5589,10.);
#1527=VECTOR('',#5590,10.);
#1528=VECTOR('',#5591,10.);
#1529=VECTOR('',#5594,10.);
#1530=VECTOR('',#5595,10.);
#1531=VECTOR('',#5598,10.);
#1532=VECTOR('',#5599,10.);
#1533=VECTOR('',#5602,10.);
#1534=VECTOR('',#5607,10.);
#1535=VECTOR('',#5608,10.);
#1536=VECTOR('',#5609,10.);
#1537=VECTOR('',#5610,10.);
#1538=VECTOR('',#5613,10.);
#1539=VECTOR('',#5614,10.);
#1540=VECTOR('',#5615,10.);
#1541=VECTOR('',#5618,10.);
#1542=VECTOR('',#5619,10.);
#1543=VECTOR('',#5622,10.);
#1544=VECTOR('',#5623,10.);
#1545=VECTOR('',#5626,10.);
#1546=VECTOR('',#5631,10.);
#1547=VECTOR('',#5632,10.);
#1548=VECTOR('',#5633,10.);
#1549=VECTOR('',#5634,10.);
#1550=VECTOR('',#5637,10.);
#1551=VECTOR('',#5638,10.);
#1552=VECTOR('',#5639,10.);
#1553=VECTOR('',#5642,10.);
#1554=VECTOR('',#5643,10.);
#1555=VECTOR('',#5646,10.);
#1556=VECTOR('',#5647,10.);
#1557=VECTOR('',#5650,10.);
#1558=VECTOR('',#5655,10.);
#1559=VECTOR('',#5656,10.);
#1560=VECTOR('',#5657,10.);
#1561=VECTOR('',#5658,10.);
#1562=VECTOR('',#5659,10.);
#1563=VECTOR('',#5662,10.);
#1564=VECTOR('',#5663,10.);
#1565=VECTOR('',#5664,10.);
#1566=VECTOR('',#5667,10.);
#1567=VECTOR('',#5668,10.);
#1568=VECTOR('',#5669,10.);
#1569=VECTOR('',#5670,10.);
#1570=VECTOR('',#5673,10.);
#1571=VECTOR('',#5674,10.);
#1572=VECTOR('',#5675,10.);
#1573=VECTOR('',#5678,10.);
#1574=VECTOR('',#5681,10.);
#1575=VECTOR('',#5684,10.);
#1576=VECTOR('',#5689,10.);
#1577=VECTOR('',#5690,10.);
#1578=VECTOR('',#5691,10.);
#1579=VECTOR('',#5692,10.);
#1580=VECTOR('',#5693,10.);
#1581=VECTOR('',#5696,10.);
#1582=VECTOR('',#5697,10.);
#1583=VECTOR('',#5698,10.);
#1584=VECTOR('',#5701,10.);
#1585=VECTOR('',#5702,10.);
#1586=VECTOR('',#5703,10.);
#1587=VECTOR('',#5704,10.);
#1588=VECTOR('',#5707,10.);
#1589=VECTOR('',#5708,10.);
#1590=VECTOR('',#5709,10.);
#1591=VECTOR('',#5712,10.);
#1592=VECTOR('',#5715,10.);
#1593=VECTOR('',#5718,10.);
#1594=VECTOR('',#5723,10.);
#1595=VECTOR('',#5724,10.);
#1596=VECTOR('',#5725,10.);
#1597=VECTOR('',#5726,10.);
#1598=VECTOR('',#5729,10.);
#1599=VECTOR('',#5730,10.);
#1600=VECTOR('',#5731,10.);
#1601=VECTOR('',#5734,10.);
#1602=VECTOR('',#5735,10.);
#1603=VECTOR('',#5738,10.);
#1604=VECTOR('',#5739,10.);
#1605=VECTOR('',#5742,10.);
#1606=VECTOR('',#5747,10.);
#1607=VECTOR('',#5748,10.);
#1608=VECTOR('',#5749,10.);
#1609=VECTOR('',#5750,10.);
#1610=VECTOR('',#5753,10.);
#1611=VECTOR('',#5754,10.);
#1612=VECTOR('',#5755,10.);
#1613=VECTOR('',#5758,10.);
#1614=VECTOR('',#5759,10.);
#1615=VECTOR('',#5762,10.);
#1616=VECTOR('',#5763,10.);
#1617=VECTOR('',#5766,10.);
#1618=VECTOR('',#5771,10.);
#1619=VECTOR('',#5772,10.);
#1620=VECTOR('',#5773,10.);
#1621=VECTOR('',#5774,10.);
#1622=VECTOR('',#5777,10.);
#1623=VECTOR('',#5778,10.);
#1624=VECTOR('',#5779,10.);
#1625=VECTOR('',#5782,10.);
#1626=VECTOR('',#5783,10.);
#1627=VECTOR('',#5786,10.);
#1628=VECTOR('',#5787,10.);
#1629=VECTOR('',#5790,10.);
#1630=VECTOR('',#5795,10.);
#1631=VECTOR('',#5796,10.);
#1632=VECTOR('',#5797,10.);
#1633=VECTOR('',#5798,10.);
#1634=VECTOR('',#5801,10.);
#1635=VECTOR('',#5802,10.);
#1636=VECTOR('',#5803,10.);
#1637=VECTOR('',#5806,10.);
#1638=VECTOR('',#5807,10.);
#1639=VECTOR('',#5810,10.);
#1640=VECTOR('',#5811,10.);
#1641=VECTOR('',#5814,10.);
#1642=VECTOR('',#5819,10.);
#1643=VECTOR('',#5820,10.);
#1644=VECTOR('',#5821,10.);
#1645=VECTOR('',#5822,10.);
#1646=VECTOR('',#5825,10.);
#1647=VECTOR('',#5826,10.);
#1648=VECTOR('',#5827,10.);
#1649=VECTOR('',#5830,10.);
#1650=VECTOR('',#5831,10.);
#1651=VECTOR('',#5834,10.);
#1652=VECTOR('',#5835,10.);
#1653=VECTOR('',#5838,10.);
#1654=VECTOR('',#5843,10.);
#1655=VECTOR('',#5844,10.);
#1656=VECTOR('',#5845,10.);
#1657=VECTOR('',#5846,10.);
#1658=VECTOR('',#5849,10.);
#1659=VECTOR('',#5850,10.);
#1660=VECTOR('',#5851,10.);
#1661=VECTOR('',#5854,10.);
#1662=VECTOR('',#5855,10.);
#1663=VECTOR('',#5858,10.);
#1664=VECTOR('',#5859,10.);
#1665=VECTOR('',#5862,10.);
#1666=VECTOR('',#5869,10.);
#1667=VECTOR('',#5872,10.);
#1668=VECTOR('',#5875,10.);
#1669=VECTOR('',#5876,10.);
#1670=VECTOR('',#5877,10.);
#1671=VECTOR('',#5882,10.);
#1672=VECTOR('',#5887,10.);
#1673=VECTOR('',#5888,10.);
#1674=VECTOR('',#5889,10.);
#1675=VECTOR('',#5892,10.);
#1676=VECTOR('',#5893,10.);
#1677=VECTOR('',#5894,10.);
#1678=VECTOR('',#5895,10.);
#1679=VECTOR('',#5898,10.);
#1680=VECTOR('',#5899,10.);
#1681=VECTOR('',#5902,10.);
#1682=VECTOR('',#5903,10.);
#1683=VECTOR('',#5904,10.);
#1684=VECTOR('',#5907,10.);
#1685=VECTOR('',#5908,10.);
#1686=VECTOR('',#5909,10.);
#1687=VECTOR('',#5912,10.);
#1688=VECTOR('',#5913,10.);
#1689=VECTOR('',#5916,10.);
#1690=VECTOR('',#5917,10.);
#1691=VECTOR('',#5920,10.);
#1692=VECTOR('',#5925,10.);
#1693=VECTOR('',#5926,10.);
#1694=VECTOR('',#5927,10.);
#1695=VECTOR('',#5928,10.);
#1696=VECTOR('',#5931,10.);
#1697=VECTOR('',#5932,10.);
#1698=VECTOR('',#5933,10.);
#1699=VECTOR('',#5936,10.);
#1700=VECTOR('',#5937,10.);
#1701=VECTOR('',#5938,10.);
#1702=VECTOR('',#5939,10.);
#1703=VECTOR('',#5940,10.);
#1704=VECTOR('',#5943,10.);
#1705=VECTOR('',#5948,10.);
#1706=VECTOR('',#5949,10.);
#1707=VECTOR('',#5954,10.);
#1708=VECTOR('',#5957,10.);
#1709=VECTOR('',#5958,10.);
#1710=VECTOR('',#5959,10.);
#1711=VECTOR('',#5960,10.);
#1712=VECTOR('',#5963,10.);
#1713=VECTOR('',#5966,10.);
#1714=VECTOR('',#5967,10.);
#1715=VECTOR('',#5972,10.);
#1716=VECTOR('',#5975,10.);
#1717=VECTOR('',#5978,10.);
#1718=VECTOR('',#5985,10.);
#1719=VECTOR('',#5988,10.);
#1720=VECTOR('',#5991,10.);
#1721=VECTOR('',#5992,10.);
#1722=VECTOR('',#5993,10.);
#1723=VECTOR('',#5998,10.);
#1724=VECTOR('',#6003,10.);
#1725=VECTOR('',#6004,10.);
#1726=VECTOR('',#6005,10.);
#1727=VECTOR('',#6008,10.);
#1728=VECTOR('',#6009,10.);
#1729=VECTOR('',#6010,10.);
#1730=VECTOR('',#6011,10.);
#1731=VECTOR('',#6014,10.);
#1732=VECTOR('',#6015,10.);
#1733=VECTOR('',#6018,10.);
#1734=VECTOR('',#6019,10.);
#1735=VECTOR('',#6020,10.);
#1736=VECTOR('',#6023,10.);
#1737=VECTOR('',#6024,10.);
#1738=VECTOR('',#6025,10.);
#1739=VECTOR('',#6028,10.);
#1740=VECTOR('',#6029,10.);
#1741=VECTOR('',#6032,10.);
#1742=VECTOR('',#6033,10.);
#1743=VECTOR('',#6036,10.);
#1744=VECTOR('',#6041,10.);
#1745=VECTOR('',#6042,10.);
#1746=VECTOR('',#6043,10.);
#1747=VECTOR('',#6044,10.);
#1748=VECTOR('',#6047,10.);
#1749=VECTOR('',#6048,10.);
#1750=VECTOR('',#6049,10.);
#1751=VECTOR('',#6052,10.);
#1752=VECTOR('',#6053,10.);
#1753=VECTOR('',#6054,10.);
#1754=VECTOR('',#6055,10.);
#1755=VECTOR('',#6056,10.);
#1756=VECTOR('',#6059,10.);
#1757=VECTOR('',#6064,10.);
#1758=VECTOR('',#6065,10.);
#1759=VECTOR('',#6070,10.);
#1760=VECTOR('',#6073,10.);
#1761=VECTOR('',#6074,10.);
#1762=VECTOR('',#6075,10.);
#1763=VECTOR('',#6076,10.);
#1764=VECTOR('',#6079,10.);
#1765=VECTOR('',#6082,10.);
#1766=VECTOR('',#6083,10.);
#1767=VECTOR('',#6088,10.);
#1768=VECTOR('',#6091,10.);
#1769=VECTOR('',#6094,10.);
#1770=VECTOR('',#6099,10.);
#1771=VECTOR('',#6100,10.);
#1772=VECTOR('',#6101,10.);
#1773=VECTOR('',#6102,10.);
#1774=VECTOR('',#6105,10.);
#1775=VECTOR('',#6106,10.);
#1776=VECTOR('',#6107,10.);
#1777=VECTOR('',#6110,10.);
#1778=VECTOR('',#6111,10.);
#1779=VECTOR('',#6118,10.);
#1780=VECTOR('',#6119,10.);
#1781=VECTOR('',#6120,10.);
#1782=VECTOR('',#6121,10.);
#1783=VECTOR('',#6124,10.);
#1784=VECTOR('',#6125,10.);
#1785=VECTOR('',#6126,10.);
#1786=VECTOR('',#6129,10.);
#1787=VECTOR('',#6130,10.);
#1788=VECTOR('',#6137,10.);
#1789=VECTOR('',#6138,10.);
#1790=VECTOR('',#6139,10.);
#1791=VECTOR('',#6140,10.);
#1792=VECTOR('',#6143,10.);
#1793=VECTOR('',#6144,10.);
#1794=VECTOR('',#6145,10.);
#1795=VECTOR('',#6148,10.);
#1796=VECTOR('',#6149,10.);
#1797=VECTOR('',#6158,10.);
#1798=VECTOR('',#6161,10.);
#1799=VECTOR('',#6164,10.);
#1800=VECTOR('',#6165,10.);
#1801=VECTOR('',#6166,10.);
#1802=VECTOR('',#6173,10.);
#1803=VECTOR('',#6176,10.);
#1804=VECTOR('',#6177,10.);
#1805=VECTOR('',#6178,10.);
#1806=VECTOR('',#6181,10.);
#1807=VECTOR('',#6182,10.);
#1808=VECTOR('',#6183,10.);
#1809=VECTOR('',#6184,10.);
#1810=VECTOR('',#6187,10.);
#1811=VECTOR('',#6188,10.);
#1812=VECTOR('',#6191,10.);
#1813=VECTOR('',#6192,10.);
#1814=VECTOR('',#6193,10.);
#1815=VECTOR('',#6196,10.);
#1816=VECTOR('',#6197,10.);
#1817=VECTOR('',#6198,10.);
#1818=VECTOR('',#6201,10.);
#1819=VECTOR('',#6202,10.);
#1820=VECTOR('',#6205,10.);
#1821=VECTOR('',#6206,10.);
#1822=VECTOR('',#6209,10.);
#1823=VECTOR('',#6214,10.);
#1824=VECTOR('',#6215,10.);
#1825=VECTOR('',#6216,10.);
#1826=VECTOR('',#6217,10.);
#1827=VECTOR('',#6220,10.);
#1828=VECTOR('',#6221,10.);
#1829=VECTOR('',#6222,10.);
#1830=VECTOR('',#6227,10.);
#1831=VECTOR('',#6230,10.);
#1832=VECTOR('',#6231,10.);
#1833=VECTOR('',#6232,10.);
#1834=VECTOR('',#6233,10.);
#1835=VECTOR('',#6234,10.);
#1836=VECTOR('',#6237,10.);
#1837=VECTOR('',#6238,10.);
#1838=VECTOR('',#6241,10.);
#1839=VECTOR('',#6242,10.);
#1840=VECTOR('',#6243,10.);
#1841=VECTOR('',#6244,10.);
#1842=VECTOR('',#6247,10.);
#1843=VECTOR('',#6252,10.);
#1844=VECTOR('',#6255,10.);
#1845=VECTOR('',#6256,10.);
#1846=VECTOR('',#6261,10.);
#1847=VECTOR('',#6264,10.);
#1848=VECTOR('',#6267,10.);
#1849=VECTOR('',#6274,10.);
#1850=VECTOR('',#6277,10.);
#1851=VECTOR('',#6280,10.);
#1852=VECTOR('',#6281,10.);
#1853=VECTOR('',#6282,10.);
#1854=VECTOR('',#6289,10.);
#1855=VECTOR('',#6292,10.);
#1856=VECTOR('',#6293,10.);
#1857=VECTOR('',#6294,10.);
#1858=VECTOR('',#6297,10.);
#1859=VECTOR('',#6298,10.);
#1860=VECTOR('',#6299,10.);
#1861=VECTOR('',#6300,10.);
#1862=VECTOR('',#6303,10.);
#1863=VECTOR('',#6304,10.);
#1864=VECTOR('',#6307,10.);
#1865=VECTOR('',#6308,10.);
#1866=VECTOR('',#6309,10.);
#1867=VECTOR('',#6312,10.);
#1868=VECTOR('',#6313,10.);
#1869=VECTOR('',#6314,10.);
#1870=VECTOR('',#6317,10.);
#1871=VECTOR('',#6318,10.);
#1872=VECTOR('',#6321,10.);
#1873=VECTOR('',#6322,10.);
#1874=VECTOR('',#6325,10.);
#1875=VECTOR('',#6330,10.);
#1876=VECTOR('',#6331,10.);
#1877=VECTOR('',#6332,10.);
#1878=VECTOR('',#6333,10.);
#1879=VECTOR('',#6336,10.);
#1880=VECTOR('',#6337,10.);
#1881=VECTOR('',#6338,10.);
#1882=VECTOR('',#6343,10.);
#1883=VECTOR('',#6346,10.);
#1884=VECTOR('',#6347,10.);
#1885=VECTOR('',#6348,10.);
#1886=VECTOR('',#6349,10.);
#1887=VECTOR('',#6350,10.);
#1888=VECTOR('',#6353,10.);
#1889=VECTOR('',#6354,10.);
#1890=VECTOR('',#6357,10.);
#1891=VECTOR('',#6358,10.);
#1892=VECTOR('',#6359,10.);
#1893=VECTOR('',#6360,10.);
#1894=VECTOR('',#6363,10.);
#1895=VECTOR('',#6368,10.);
#1896=VECTOR('',#6371,10.);
#1897=VECTOR('',#6372,10.);
#1898=VECTOR('',#6377,10.);
#1899=VECTOR('',#6380,10.);
#1900=VECTOR('',#6383,10.);
#1901=VECTOR('',#6388,10.);
#1902=VECTOR('',#6389,10.);
#1903=VECTOR('',#6390,10.);
#1904=VECTOR('',#6391,10.);
#1905=VECTOR('',#6394,10.);
#1906=VECTOR('',#6395,10.);
#1907=VECTOR('',#6396,10.);
#1908=VECTOR('',#6399,10.);
#1909=VECTOR('',#6400,10.);
#1910=VECTOR('',#6401,10.);
#1911=VECTOR('',#6404,10.);
#1912=VECTOR('',#6405,10.);
#1913=VECTOR('',#6406,10.);
#1914=VECTOR('',#6409,10.);
#1915=VECTOR('',#6410,10.);
#1916=VECTOR('',#6411,10.);
#1917=VECTOR('',#6414,10.);
#1918=VECTOR('',#6415,10.);
#1919=VECTOR('',#6416,10.);
#1920=VECTOR('',#6419,10.);
#1921=VECTOR('',#6420,10.);
#1922=VECTOR('',#6421,10.);
#1923=VECTOR('',#6424,10.);
#1924=VECTOR('',#6425,10.);
#1925=VERTEX_POINT('',#6435);
#1926=VERTEX_POINT('',#6436);
#1927=VERTEX_POINT('',#6438);
#1928=VERTEX_POINT('',#6440);
#1929=VERTEX_POINT('',#6444);
#1930=VERTEX_POINT('',#6446);
#1931=VERTEX_POINT('',#6450);
#1932=VERTEX_POINT('',#6454);
#1933=VERTEX_POINT('',#6461);
#1934=VERTEX_POINT('',#6462);
#1935=VERTEX_POINT('',#6464);
#1936=VERTEX_POINT('',#6466);
#1937=VERTEX_POINT('',#6470);
#1938=VERTEX_POINT('',#6472);
#1939=VERTEX_POINT('',#6476);
#1940=VERTEX_POINT('',#6480);
#1941=VERTEX_POINT('',#6487);
#1942=VERTEX_POINT('',#6488);
#1943=VERTEX_POINT('',#6490);
#1944=VERTEX_POINT('',#6492);
#1945=VERTEX_POINT('',#6496);
#1946=VERTEX_POINT('',#6498);
#1947=VERTEX_POINT('',#6502);
#1948=VERTEX_POINT('',#6506);
#1949=VERTEX_POINT('',#6513);
#1950=VERTEX_POINT('',#6514);
#1951=VERTEX_POINT('',#6516);
#1952=VERTEX_POINT('',#6518);
#1953=VERTEX_POINT('',#6522);
#1954=VERTEX_POINT('',#6524);
#1955=VERTEX_POINT('',#6528);
#1956=VERTEX_POINT('',#6532);
#1957=VERTEX_POINT('',#6539);
#1958=VERTEX_POINT('',#6540);
#1959=VERTEX_POINT('',#6542);
#1960=VERTEX_POINT('',#6544);
#1961=VERTEX_POINT('',#6548);
#1962=VERTEX_POINT('',#6550);
#1963=VERTEX_POINT('',#6554);
#1964=VERTEX_POINT('',#6558);
#1965=VERTEX_POINT('',#6565);
#1966=VERTEX_POINT('',#6566);
#1967=VERTEX_POINT('',#6568);
#1968=VERTEX_POINT('',#6570);
#1969=VERTEX_POINT('',#6574);
#1970=VERTEX_POINT('',#6576);
#1971=VERTEX_POINT('',#6580);
#1972=VERTEX_POINT('',#6584);
#1973=VERTEX_POINT('',#6591);
#1974=VERTEX_POINT('',#6592);
#1975=VERTEX_POINT('',#6594);
#1976=VERTEX_POINT('',#6596);
#1977=VERTEX_POINT('',#6600);
#1978=VERTEX_POINT('',#6602);
#1979=VERTEX_POINT('',#6606);
#1980=VERTEX_POINT('',#6610);
#1981=VERTEX_POINT('',#6617);
#1982=VERTEX_POINT('',#6618);
#1983=VERTEX_POINT('',#6620);
#1984=VERTEX_POINT('',#6622);
#1985=VERTEX_POINT('',#6624);
#1986=VERTEX_POINT('',#6628);
#1987=VERTEX_POINT('',#6630);
#1988=VERTEX_POINT('',#6634);
#1989=VERTEX_POINT('',#6636);
#1990=VERTEX_POINT('',#6638);
#1991=VERTEX_POINT('',#6642);
#1992=VERTEX_POINT('',#6644);
#1993=VERTEX_POINT('',#6655);
#1994=VERTEX_POINT('',#6656);
#1995=VERTEX_POINT('',#6658);
#1996=VERTEX_POINT('',#6660);
#1997=VERTEX_POINT('',#6664);
#1998=VERTEX_POINT('',#6666);
#1999=VERTEX_POINT('',#6670);
#2000=VERTEX_POINT('',#6674);
#2001=VERTEX_POINT('',#6681);
#2002=VERTEX_POINT('',#6682);
#2003=VERTEX_POINT('',#6684);
#2004=VERTEX_POINT('',#6686);
#2005=VERTEX_POINT('',#6690);
#2006=VERTEX_POINT('',#6692);
#2007=VERTEX_POINT('',#6696);
#2008=VERTEX_POINT('',#6700);
#2009=VERTEX_POINT('',#6707);
#2010=VERTEX_POINT('',#6708);
#2011=VERTEX_POINT('',#6710);
#2012=VERTEX_POINT('',#6712);
#2013=VERTEX_POINT('',#6716);
#2014=VERTEX_POINT('',#6718);
#2015=VERTEX_POINT('',#6722);
#2016=VERTEX_POINT('',#6726);
#2017=VERTEX_POINT('',#6733);
#2018=VERTEX_POINT('',#6734);
#2019=VERTEX_POINT('',#6736);
#2020=VERTEX_POINT('',#6738);
#2021=VERTEX_POINT('',#6742);
#2022=VERTEX_POINT('',#6744);
#2023=VERTEX_POINT('',#6748);
#2024=VERTEX_POINT('',#6752);
#2025=VERTEX_POINT('',#6759);
#2026=VERTEX_POINT('',#6760);
#2027=VERTEX_POINT('',#6762);
#2028=VERTEX_POINT('',#6764);
#2029=VERTEX_POINT('',#6768);
#2030=VERTEX_POINT('',#6770);
#2031=VERTEX_POINT('',#6774);
#2032=VERTEX_POINT('',#6778);
#2033=VERTEX_POINT('',#6785);
#2034=VERTEX_POINT('',#6786);
#2035=VERTEX_POINT('',#6788);
#2036=VERTEX_POINT('',#6790);
#2037=VERTEX_POINT('',#6794);
#2038=VERTEX_POINT('',#6796);
#2039=VERTEX_POINT('',#6800);
#2040=VERTEX_POINT('',#6804);
#2041=VERTEX_POINT('',#6811);
#2042=VERTEX_POINT('',#6812);
#2043=VERTEX_POINT('',#6814);
#2044=VERTEX_POINT('',#6816);
#2045=VERTEX_POINT('',#6820);
#2046=VERTEX_POINT('',#6822);
#2047=VERTEX_POINT('',#6826);
#2048=VERTEX_POINT('',#6830);
#2049=VERTEX_POINT('',#6837);
#2050=VERTEX_POINT('',#6838);
#2051=VERTEX_POINT('',#6840);
#2052=VERTEX_POINT('',#6842);
#2053=VERTEX_POINT('',#6846);
#2054=VERTEX_POINT('',#6848);
#2055=VERTEX_POINT('',#6852);
#2056=VERTEX_POINT('',#6856);
#2057=VERTEX_POINT('',#6863);
#2058=VERTEX_POINT('',#6864);
#2059=VERTEX_POINT('',#6866);
#2060=VERTEX_POINT('',#6868);
#2061=VERTEX_POINT('',#6872);
#2062=VERTEX_POINT('',#6874);
#2063=VERTEX_POINT('',#6878);
#2064=VERTEX_POINT('',#6882);
#2065=VERTEX_POINT('',#6889);
#2066=VERTEX_POINT('',#6890);
#2067=VERTEX_POINT('',#6892);
#2068=VERTEX_POINT('',#6894);
#2069=VERTEX_POINT('',#6898);
#2070=VERTEX_POINT('',#6900);
#2071=VERTEX_POINT('',#6904);
#2072=VERTEX_POINT('',#6908);
#2073=VERTEX_POINT('',#6915);
#2074=VERTEX_POINT('',#6916);
#2075=VERTEX_POINT('',#6918);
#2076=VERTEX_POINT('',#6920);
#2077=VERTEX_POINT('',#6924);
#2078=VERTEX_POINT('',#6926);
#2079=VERTEX_POINT('',#6930);
#2080=VERTEX_POINT('',#6934);
#2081=VERTEX_POINT('',#6941);
#2082=VERTEX_POINT('',#6942);
#2083=VERTEX_POINT('',#6944);
#2084=VERTEX_POINT('',#6946);
#2085=VERTEX_POINT('',#6948);
#2086=VERTEX_POINT('',#6952);
#2087=VERTEX_POINT('',#6954);
#2088=VERTEX_POINT('',#6958);
#2089=VERTEX_POINT('',#6960);
#2090=VERTEX_POINT('',#6962);
#2091=VERTEX_POINT('',#6966);
#2092=VERTEX_POINT('',#6968);
#2093=VERTEX_POINT('',#6979);
#2094=VERTEX_POINT('',#6980);
#2095=VERTEX_POINT('',#6982);
#2096=VERTEX_POINT('',#6984);
#2097=VERTEX_POINT('',#6986);
#2098=VERTEX_POINT('',#6990);
#2099=VERTEX_POINT('',#6992);
#2100=VERTEX_POINT('',#6996);
#2101=VERTEX_POINT('',#6998);
#2102=VERTEX_POINT('',#7000);
#2103=VERTEX_POINT('',#7004);
#2104=VERTEX_POINT('',#7006);
#2105=VERTEX_POINT('',#7017);
#2106=VERTEX_POINT('',#7018);
#2107=VERTEX_POINT('',#7020);
#2108=VERTEX_POINT('',#7022);
#2109=VERTEX_POINT('',#7026);
#2110=VERTEX_POINT('',#7028);
#2111=VERTEX_POINT('',#7032);
#2112=VERTEX_POINT('',#7036);
#2113=VERTEX_POINT('',#7043);
#2114=VERTEX_POINT('',#7044);
#2115=VERTEX_POINT('',#7046);
#2116=VERTEX_POINT('',#7048);
#2117=VERTEX_POINT('',#7052);
#2118=VERTEX_POINT('',#7054);
#2119=VERTEX_POINT('',#7058);
#2120=VERTEX_POINT('',#7062);
#2121=VERTEX_POINT('',#7069);
#2122=VERTEX_POINT('',#7070);
#2123=VERTEX_POINT('',#7072);
#2124=VERTEX_POINT('',#7074);
#2125=VERTEX_POINT('',#7078);
#2126=VERTEX_POINT('',#7080);
#2127=VERTEX_POINT('',#7084);
#2128=VERTEX_POINT('',#7088);
#2129=VERTEX_POINT('',#7095);
#2130=VERTEX_POINT('',#7096);
#2131=VERTEX_POINT('',#7098);
#2132=VERTEX_POINT('',#7100);
#2133=VERTEX_POINT('',#7104);
#2134=VERTEX_POINT('',#7106);
#2135=VERTEX_POINT('',#7110);
#2136=VERTEX_POINT('',#7114);
#2137=VERTEX_POINT('',#7121);
#2138=VERTEX_POINT('',#7122);
#2139=VERTEX_POINT('',#7124);
#2140=VERTEX_POINT('',#7126);
#2141=VERTEX_POINT('',#7130);
#2142=VERTEX_POINT('',#7132);
#2143=VERTEX_POINT('',#7136);
#2144=VERTEX_POINT('',#7140);
#2145=VERTEX_POINT('',#7147);
#2146=VERTEX_POINT('',#7148);
#2147=VERTEX_POINT('',#7150);
#2148=VERTEX_POINT('',#7152);
#2149=VERTEX_POINT('',#7156);
#2150=VERTEX_POINT('',#7158);
#2151=VERTEX_POINT('',#7162);
#2152=VERTEX_POINT('',#7166);
#2153=VERTEX_POINT('',#7173);
#2154=VERTEX_POINT('',#7174);
#2155=VERTEX_POINT('',#7176);
#2156=VERTEX_POINT('',#7178);
#2157=VERTEX_POINT('',#7182);
#2158=VERTEX_POINT('',#7184);
#2159=VERTEX_POINT('',#7188);
#2160=VERTEX_POINT('',#7190);
#2161=VERTEX_POINT('',#7194);
#2162=VERTEX_POINT('',#7196);
#2163=VERTEX_POINT('',#7200);
#2164=VERTEX_POINT('',#7201);
#2165=VERTEX_POINT('',#7203);
#2166=VERTEX_POINT('',#7205);
#2167=VERTEX_POINT('',#7212);
#2168=VERTEX_POINT('',#7214);
#2169=VERTEX_POINT('',#7218);
#2170=VERTEX_POINT('',#7220);
#2171=VERTEX_POINT('',#7224);
#2172=VERTEX_POINT('',#7228);
#2173=VERTEX_POINT('',#7235);
#2174=VERTEX_POINT('',#7236);
#2175=VERTEX_POINT('',#7238);
#2176=VERTEX_POINT('',#7240);
#2177=VERTEX_POINT('',#7244);
#2178=VERTEX_POINT('',#7245);
#2179=VERTEX_POINT('',#7250);
#2180=VERTEX_POINT('',#7252);
#2181=VERTEX_POINT('',#7254);
#2182=VERTEX_POINT('',#7256);
#2183=VERTEX_POINT('',#7258);
#2184=VERTEX_POINT('',#7260);
#2185=VERTEX_POINT('',#7262);
#2186=VERTEX_POINT('',#7266);
#2187=VERTEX_POINT('',#7270);
#2188=VERTEX_POINT('',#7272);
#2189=VERTEX_POINT('',#7274);
#2190=VERTEX_POINT('',#7276);
#2191=VERTEX_POINT('',#7278);
#2192=VERTEX_POINT('',#7280);
#2193=VERTEX_POINT('',#7297);
#2194=VERTEX_POINT('',#7298);
#2195=VERTEX_POINT('',#7300);
#2196=VERTEX_POINT('',#7302);
#2197=VERTEX_POINT('',#7306);
#2198=VERTEX_POINT('',#7308);
#2199=VERTEX_POINT('',#7312);
#2200=VERTEX_POINT('',#7314);
#2201=VERTEX_POINT('',#7318);
#2202=VERTEX_POINT('',#7320);
#2203=VERTEX_POINT('',#7324);
#2204=VERTEX_POINT('',#7325);
#2205=VERTEX_POINT('',#7327);
#2206=VERTEX_POINT('',#7329);
#2207=VERTEX_POINT('',#7336);
#2208=VERTEX_POINT('',#7338);
#2209=VERTEX_POINT('',#7342);
#2210=VERTEX_POINT('',#7344);
#2211=VERTEX_POINT('',#7348);
#2212=VERTEX_POINT('',#7352);
#2213=VERTEX_POINT('',#7359);
#2214=VERTEX_POINT('',#7360);
#2215=VERTEX_POINT('',#7362);
#2216=VERTEX_POINT('',#7364);
#2217=VERTEX_POINT('',#7368);
#2218=VERTEX_POINT('',#7369);
#2219=VERTEX_POINT('',#7374);
#2220=VERTEX_POINT('',#7376);
#2221=VERTEX_POINT('',#7378);
#2222=VERTEX_POINT('',#7380);
#2223=VERTEX_POINT('',#7382);
#2224=VERTEX_POINT('',#7384);
#2225=VERTEX_POINT('',#7386);
#2226=VERTEX_POINT('',#7390);
#2227=VERTEX_POINT('',#7394);
#2228=VERTEX_POINT('',#7396);
#2229=VERTEX_POINT('',#7398);
#2230=VERTEX_POINT('',#7400);
#2231=VERTEX_POINT('',#7402);
#2232=VERTEX_POINT('',#7404);
#2233=VERTEX_POINT('',#7421);
#2234=VERTEX_POINT('',#7422);
#2235=VERTEX_POINT('',#7424);
#2236=VERTEX_POINT('',#7426);
#2237=VERTEX_POINT('',#7430);
#2238=VERTEX_POINT('',#7432);
#2239=VERTEX_POINT('',#7441);
#2240=VERTEX_POINT('',#7442);
#2241=VERTEX_POINT('',#7444);
#2242=VERTEX_POINT('',#7446);
#2243=VERTEX_POINT('',#7450);
#2244=VERTEX_POINT('',#7452);
#2245=VERTEX_POINT('',#7461);
#2246=VERTEX_POINT('',#7462);
#2247=VERTEX_POINT('',#7464);
#2248=VERTEX_POINT('',#7466);
#2249=VERTEX_POINT('',#7470);
#2250=VERTEX_POINT('',#7472);
#2251=VERTEX_POINT('',#7481);
#2252=VERTEX_POINT('',#7482);
#2253=VERTEX_POINT('',#7484);
#2254=VERTEX_POINT('',#7486);
#2255=VERTEX_POINT('',#7490);
#2256=VERTEX_POINT('',#7492);
#2257=VERTEX_POINT('',#7496);
#2258=VERTEX_POINT('',#7498);
#2259=VERTEX_POINT('',#7502);
#2260=VERTEX_POINT('',#7504);
#2261=VERTEX_POINT('',#7508);
#2262=VERTEX_POINT('',#7509);
#2263=VERTEX_POINT('',#7511);
#2264=VERTEX_POINT('',#7513);
#2265=VERTEX_POINT('',#7520);
#2266=VERTEX_POINT('',#7522);
#2267=VERTEX_POINT('',#7526);
#2268=VERTEX_POINT('',#7528);
#2269=VERTEX_POINT('',#7532);
#2270=VERTEX_POINT('',#7536);
#2271=VERTEX_POINT('',#7543);
#2272=VERTEX_POINT('',#7544);
#2273=VERTEX_POINT('',#7546);
#2274=VERTEX_POINT('',#7548);
#2275=VERTEX_POINT('',#7552);
#2276=VERTEX_POINT('',#7553);
#2277=VERTEX_POINT('',#7558);
#2278=VERTEX_POINT('',#7560);
#2279=VERTEX_POINT('',#7562);
#2280=VERTEX_POINT('',#7564);
#2281=VERTEX_POINT('',#7566);
#2282=VERTEX_POINT('',#7568);
#2283=VERTEX_POINT('',#7570);
#2284=VERTEX_POINT('',#7574);
#2285=VERTEX_POINT('',#7578);
#2286=VERTEX_POINT('',#7580);
#2287=VERTEX_POINT('',#7582);
#2288=VERTEX_POINT('',#7584);
#2289=VERTEX_POINT('',#7586);
#2290=VERTEX_POINT('',#7588);
#2291=VERTEX_POINT('',#7605);
#2292=VERTEX_POINT('',#7606);
#2293=VERTEX_POINT('',#7608);
#2294=VERTEX_POINT('',#7610);
#2295=VERTEX_POINT('',#7614);
#2296=VERTEX_POINT('',#7616);
#2297=VERTEX_POINT('',#7620);
#2298=VERTEX_POINT('',#7622);
#2299=VERTEX_POINT('',#7626);
#2300=VERTEX_POINT('',#7628);
#2301=VERTEX_POINT('',#7632);
#2302=VERTEX_POINT('',#7633);
#2303=VERTEX_POINT('',#7635);
#2304=VERTEX_POINT('',#7637);
#2305=VERTEX_POINT('',#7644);
#2306=VERTEX_POINT('',#7646);
#2307=VERTEX_POINT('',#7650);
#2308=VERTEX_POINT('',#7652);
#2309=VERTEX_POINT('',#7656);
#2310=VERTEX_POINT('',#7660);
#2311=VERTEX_POINT('',#7667);
#2312=VERTEX_POINT('',#7668);
#2313=VERTEX_POINT('',#7670);
#2314=VERTEX_POINT('',#7672);
#2315=VERTEX_POINT('',#7676);
#2316=VERTEX_POINT('',#7677);
#2317=VERTEX_POINT('',#7682);
#2318=VERTEX_POINT('',#7684);
#2319=VERTEX_POINT('',#7686);
#2320=VERTEX_POINT('',#7688);
#2321=VERTEX_POINT('',#7690);
#2322=VERTEX_POINT('',#7692);
#2323=VERTEX_POINT('',#7694);
#2324=VERTEX_POINT('',#7698);
#2325=VERTEX_POINT('',#7702);
#2326=VERTEX_POINT('',#7704);
#2327=VERTEX_POINT('',#7706);
#2328=VERTEX_POINT('',#7708);
#2329=VERTEX_POINT('',#7710);
#2330=VERTEX_POINT('',#7712);
#2331=VERTEX_POINT('',#7729);
#2332=VERTEX_POINT('',#7730);
#2333=VERTEX_POINT('',#7732);
#2334=VERTEX_POINT('',#7734);
#2335=VERTEX_POINT('',#7738);
#2336=VERTEX_POINT('',#7740);
#2337=VERTEX_POINT('',#7744);
#2338=VERTEX_POINT('',#7746);
#2339=VERTEX_POINT('',#7750);
#2340=VERTEX_POINT('',#7752);
#2341=VERTEX_POINT('',#7756);
#2342=VERTEX_POINT('',#7758);
#2343=VERTEX_POINT('',#7762);
#2344=VERTEX_POINT('',#7764);
#2345=VERTEX_POINT('',#7768);
#2346=VERTEX_POINT('',#7770);
#2347=EDGE_CURVE('',#1925,#1926,#723,.T.);
#2348=EDGE_CURVE('',#1927,#1925,#724,.T.);
#2349=EDGE_CURVE('',#1928,#1927,#725,.T.);
#2350=EDGE_CURVE('',#1926,#1928,#726,.T.);
#2351=EDGE_CURVE('',#1929,#1927,#727,.T.);
#2352=EDGE_CURVE('',#1929,#1930,#728,.T.);
#2353=EDGE_CURVE('',#1930,#1928,#729,.T.);
#2354=EDGE_CURVE('',#1925,#1931,#730,.T.);
#2355=EDGE_CURVE('',#1931,#1929,#731,.T.);
#2356=EDGE_CURVE('',#1932,#1931,#732,.T.);
#2357=EDGE_CURVE('',#1930,#1932,#733,.T.);
#2358=EDGE_CURVE('',#1932,#1926,#734,.T.);
#2359=EDGE_CURVE('',#1933,#1934,#735,.T.);
#2360=EDGE_CURVE('',#1935,#1933,#736,.T.);
#2361=EDGE_CURVE('',#1936,#1935,#737,.T.);
#2362=EDGE_CURVE('',#1934,#1936,#738,.T.);
#2363=EDGE_CURVE('',#1937,#1935,#739,.T.);
#2364=EDGE_CURVE('',#1937,#1938,#740,.T.);
#2365=EDGE_CURVE('',#1938,#1936,#741,.T.);
#2366=EDGE_CURVE('',#1933,#1939,#742,.T.);
#2367=EDGE_CURVE('',#1939,#1937,#743,.T.);
#2368=EDGE_CURVE('',#1940,#1939,#744,.T.);
#2369=EDGE_CURVE('',#1938,#1940,#745,.T.);
#2370=EDGE_CURVE('',#1940,#1934,#746,.T.);
#2371=EDGE_CURVE('',#1941,#1942,#747,.T.);
#2372=EDGE_CURVE('',#1943,#1941,#748,.T.);
#2373=EDGE_CURVE('',#1944,#1943,#749,.T.);
#2374=EDGE_CURVE('',#1942,#1944,#750,.T.);
#2375=EDGE_CURVE('',#1945,#1943,#751,.T.);
#2376=EDGE_CURVE('',#1945,#1946,#752,.T.);
#2377=EDGE_CURVE('',#1946,#1944,#753,.T.);
#2378=EDGE_CURVE('',#1941,#1947,#754,.T.);
#2379=EDGE_CURVE('',#1947,#1945,#755,.T.);
#2380=EDGE_CURVE('',#1948,#1947,#756,.T.);
#2381=EDGE_CURVE('',#1946,#1948,#757,.T.);
#2382=EDGE_CURVE('',#1948,#1942,#758,.T.);
#2383=EDGE_CURVE('',#1949,#1950,#759,.T.);
#2384=EDGE_CURVE('',#1951,#1949,#760,.T.);
#2385=EDGE_CURVE('',#1952,#1951,#761,.T.);
#2386=EDGE_CURVE('',#1950,#1952,#762,.T.);
#2387=EDGE_CURVE('',#1953,#1951,#763,.T.);
#2388=EDGE_CURVE('',#1953,#1954,#764,.T.);
#2389=EDGE_CURVE('',#1954,#1952,#765,.T.);
#2390=EDGE_CURVE('',#1949,#1955,#766,.T.);
#2391=EDGE_CURVE('',#1955,#1953,#767,.T.);
#2392=EDGE_CURVE('',#1956,#1955,#768,.T.);
#2393=EDGE_CURVE('',#1954,#1956,#769,.T.);
#2394=EDGE_CURVE('',#1956,#1950,#770,.T.);
#2395=EDGE_CURVE('',#1957,#1958,#771,.T.);
#2396=EDGE_CURVE('',#1959,#1957,#772,.T.);
#2397=EDGE_CURVE('',#1960,#1959,#773,.T.);
#2398=EDGE_CURVE('',#1958,#1960,#774,.T.);
#2399=EDGE_CURVE('',#1959,#1961,#775,.T.);
#2400=EDGE_CURVE('',#1961,#1962,#776,.T.);
#2401=EDGE_CURVE('',#1960,#1962,#777,.T.);
#2402=EDGE_CURVE('',#1957,#1963,#778,.T.);
#2403=EDGE_CURVE('',#1963,#1961,#779,.T.);
#2404=EDGE_CURVE('',#1964,#1963,#780,.T.);
#2405=EDGE_CURVE('',#1962,#1964,#781,.T.);
#2406=EDGE_CURVE('',#1964,#1958,#782,.T.);
#2407=EDGE_CURVE('',#1965,#1966,#783,.T.);
#2408=EDGE_CURVE('',#1967,#1965,#784,.T.);
#2409=EDGE_CURVE('',#1968,#1967,#785,.T.);
#2410=EDGE_CURVE('',#1966,#1968,#786,.T.);
#2411=EDGE_CURVE('',#1967,#1969,#787,.T.);
#2412=EDGE_CURVE('',#1969,#1970,#788,.T.);
#2413=EDGE_CURVE('',#1968,#1970,#789,.T.);
#2414=EDGE_CURVE('',#1965,#1971,#790,.T.);
#2415=EDGE_CURVE('',#1971,#1969,#791,.T.);
#2416=EDGE_CURVE('',#1972,#1971,#792,.T.);
#2417=EDGE_CURVE('',#1970,#1972,#793,.T.);
#2418=EDGE_CURVE('',#1972,#1966,#794,.T.);
#2419=EDGE_CURVE('',#1973,#1974,#795,.T.);
#2420=EDGE_CURVE('',#1975,#1973,#796,.T.);
#2421=EDGE_CURVE('',#1976,#1975,#797,.T.);
#2422=EDGE_CURVE('',#1974,#1976,#798,.T.);
#2423=EDGE_CURVE('',#1975,#1977,#799,.T.);
#2424=EDGE_CURVE('',#1977,#1978,#800,.T.);
#2425=EDGE_CURVE('',#1976,#1978,#801,.T.);
#2426=EDGE_CURVE('',#1973,#1979,#802,.T.);
#2427=EDGE_CURVE('',#1979,#1977,#803,.T.);
#2428=EDGE_CURVE('',#1980,#1979,#804,.T.);
#2429=EDGE_CURVE('',#1978,#1980,#805,.T.);
#2430=EDGE_CURVE('',#1980,#1974,#806,.T.);
#2431=EDGE_CURVE('',#1981,#1982,#807,.T.);
#2432=EDGE_CURVE('',#1983,#1981,#808,.T.);
#2433=EDGE_CURVE('',#1984,#1983,#809,.T.);
#2434=EDGE_CURVE('',#1985,#1984,#810,.T.);
#2435=EDGE_CURVE('',#1982,#1985,#811,.T.);
#2436=EDGE_CURVE('',#1984,#1986,#812,.T.);
#2437=EDGE_CURVE('',#1986,#1987,#813,.T.);
#2438=EDGE_CURVE('',#1985,#1987,#814,.T.);
#2439=EDGE_CURVE('',#1983,#1988,#815,.T.);
#2440=EDGE_CURVE('',#1988,#1989,#816,.T.);
#2441=EDGE_CURVE('',#1990,#1989,#817,.T.);
#2442=EDGE_CURVE('',#1990,#1986,#818,.T.);
#2443=EDGE_CURVE('',#1991,#1990,#819,.T.);
#2444=EDGE_CURVE('',#1992,#1991,#820,.T.);
#2445=EDGE_CURVE('',#1987,#1992,#821,.T.);
#2446=EDGE_CURVE('',#1992,#1982,#822,.T.);
#2447=EDGE_CURVE('',#1988,#1981,#823,.T.);
#2448=EDGE_CURVE('',#1989,#1991,#824,.T.);
#2449=EDGE_CURVE('',#1993,#1994,#825,.T.);
#2450=EDGE_CURVE('',#1995,#1993,#826,.T.);
#2451=EDGE_CURVE('',#1996,#1995,#827,.T.);
#2452=EDGE_CURVE('',#1994,#1996,#828,.T.);
#2453=EDGE_CURVE('',#1995,#1997,#829,.T.);
#2454=EDGE_CURVE('',#1997,#1998,#830,.T.);
#2455=EDGE_CURVE('',#1996,#1998,#831,.T.);
#2456=EDGE_CURVE('',#1993,#1999,#832,.T.);
#2457=EDGE_CURVE('',#1999,#1997,#833,.T.);
#2458=EDGE_CURVE('',#2000,#1999,#834,.T.);
#2459=EDGE_CURVE('',#1998,#2000,#835,.T.);
#2460=EDGE_CURVE('',#2000,#1994,#836,.T.);
#2461=EDGE_CURVE('',#2001,#2002,#837,.T.);
#2462=EDGE_CURVE('',#2003,#2001,#838,.T.);
#2463=EDGE_CURVE('',#2004,#2003,#839,.T.);
#2464=EDGE_CURVE('',#2002,#2004,#840,.T.);
#2465=EDGE_CURVE('',#2005,#2003,#841,.T.);
#2466=EDGE_CURVE('',#2005,#2006,#842,.T.);
#2467=EDGE_CURVE('',#2006,#2004,#843,.T.);
#2468=EDGE_CURVE('',#2001,#2007,#844,.T.);
#2469=EDGE_CURVE('',#2007,#2005,#845,.T.);
#2470=EDGE_CURVE('',#2008,#2007,#846,.T.);
#2471=EDGE_CURVE('',#2006,#2008,#847,.T.);
#2472=EDGE_CURVE('',#2008,#2002,#848,.T.);
#2473=EDGE_CURVE('',#2009,#2010,#849,.T.);
#2474=EDGE_CURVE('',#2011,#2009,#850,.T.);
#2475=EDGE_CURVE('',#2012,#2011,#851,.T.);
#2476=EDGE_CURVE('',#2010,#2012,#852,.T.);
#2477=EDGE_CURVE('',#2013,#2011,#853,.T.);
#2478=EDGE_CURVE('',#2013,#2014,#854,.T.);
#2479=EDGE_CURVE('',#2014,#2012,#855,.T.);
#2480=EDGE_CURVE('',#2009,#2015,#856,.T.);
#2481=EDGE_CURVE('',#2015,#2013,#857,.T.);
#2482=EDGE_CURVE('',#2016,#2015,#858,.T.);
#2483=EDGE_CURVE('',#2014,#2016,#859,.T.);
#2484=EDGE_CURVE('',#2016,#2010,#860,.T.);
#2485=EDGE_CURVE('',#2017,#2018,#861,.T.);
#2486=EDGE_CURVE('',#2019,#2017,#862,.T.);
#2487=EDGE_CURVE('',#2020,#2019,#863,.T.);
#2488=EDGE_CURVE('',#2018,#2020,#864,.T.);
#2489=EDGE_CURVE('',#2021,#2019,#865,.T.);
#2490=EDGE_CURVE('',#2021,#2022,#866,.T.);
#2491=EDGE_CURVE('',#2022,#2020,#867,.T.);
#2492=EDGE_CURVE('',#2017,#2023,#868,.T.);
#2493=EDGE_CURVE('',#2023,#2021,#869,.T.);
#2494=EDGE_CURVE('',#2024,#2023,#870,.T.);
#2495=EDGE_CURVE('',#2022,#2024,#871,.T.);
#2496=EDGE_CURVE('',#2024,#2018,#872,.T.);
#2497=EDGE_CURVE('',#2025,#2026,#873,.T.);
#2498=EDGE_CURVE('',#2027,#2025,#874,.T.);
#2499=EDGE_CURVE('',#2028,#2027,#875,.T.);
#2500=EDGE_CURVE('',#2026,#2028,#876,.T.);
#2501=EDGE_CURVE('',#2029,#2027,#877,.T.);
#2502=EDGE_CURVE('',#2029,#2030,#878,.T.);
#2503=EDGE_CURVE('',#2030,#2028,#879,.T.);
#2504=EDGE_CURVE('',#2025,#2031,#880,.T.);
#2505=EDGE_CURVE('',#2031,#2029,#881,.T.);
#2506=EDGE_CURVE('',#2032,#2031,#882,.T.);
#2507=EDGE_CURVE('',#2030,#2032,#883,.T.);
#2508=EDGE_CURVE('',#2032,#2026,#884,.T.);
#2509=EDGE_CURVE('',#2033,#2034,#885,.T.);
#2510=EDGE_CURVE('',#2035,#2033,#886,.T.);
#2511=EDGE_CURVE('',#2036,#2035,#887,.T.);
#2512=EDGE_CURVE('',#2034,#2036,#888,.T.);
#2513=EDGE_CURVE('',#2035,#2037,#889,.T.);
#2514=EDGE_CURVE('',#2037,#2038,#890,.T.);
#2515=EDGE_CURVE('',#2036,#2038,#891,.T.);
#2516=EDGE_CURVE('',#2033,#2039,#892,.T.);
#2517=EDGE_CURVE('',#2039,#2037,#893,.T.);
#2518=EDGE_CURVE('',#2040,#2039,#894,.T.);
#2519=EDGE_CURVE('',#2038,#2040,#895,.T.);
#2520=EDGE_CURVE('',#2040,#2034,#896,.T.);
#2521=EDGE_CURVE('',#2041,#2042,#897,.T.);
#2522=EDGE_CURVE('',#2043,#2041,#898,.T.);
#2523=EDGE_CURVE('',#2044,#2043,#899,.T.);
#2524=EDGE_CURVE('',#2042,#2044,#900,.T.);
#2525=EDGE_CURVE('',#2043,#2045,#901,.T.);
#2526=EDGE_CURVE('',#2045,#2046,#902,.T.);
#2527=EDGE_CURVE('',#2044,#2046,#903,.T.);
#2528=EDGE_CURVE('',#2041,#2047,#904,.T.);
#2529=EDGE_CURVE('',#2047,#2045,#905,.T.);
#2530=EDGE_CURVE('',#2048,#2047,#906,.T.);
#2531=EDGE_CURVE('',#2046,#2048,#907,.T.);
#2532=EDGE_CURVE('',#2048,#2042,#908,.T.);
#2533=EDGE_CURVE('',#2049,#2050,#909,.T.);
#2534=EDGE_CURVE('',#2051,#2049,#910,.T.);
#2535=EDGE_CURVE('',#2052,#2051,#911,.T.);
#2536=EDGE_CURVE('',#2050,#2052,#912,.T.);
#2537=EDGE_CURVE('',#2051,#2053,#913,.T.);
#2538=EDGE_CURVE('',#2053,#2054,#914,.T.);
#2539=EDGE_CURVE('',#2052,#2054,#915,.T.);
#2540=EDGE_CURVE('',#2049,#2055,#916,.T.);
#2541=EDGE_CURVE('',#2055,#2053,#917,.T.);
#2542=EDGE_CURVE('',#2056,#2055,#918,.T.);
#2543=EDGE_CURVE('',#2054,#2056,#919,.T.);
#2544=EDGE_CURVE('',#2056,#2050,#920,.T.);
#2545=EDGE_CURVE('',#2057,#2058,#921,.T.);
#2546=EDGE_CURVE('',#2059,#2057,#922,.T.);
#2547=EDGE_CURVE('',#2060,#2059,#923,.T.);
#2548=EDGE_CURVE('',#2058,#2060,#924,.T.);
#2549=EDGE_CURVE('',#2059,#2061,#925,.T.);
#2550=EDGE_CURVE('',#2061,#2062,#926,.T.);
#2551=EDGE_CURVE('',#2060,#2062,#927,.T.);
#2552=EDGE_CURVE('',#2057,#2063,#928,.T.);
#2553=EDGE_CURVE('',#2063,#2061,#929,.T.);
#2554=EDGE_CURVE('',#2064,#2063,#930,.T.);
#2555=EDGE_CURVE('',#2062,#2064,#931,.T.);
#2556=EDGE_CURVE('',#2064,#2058,#932,.T.);
#2557=EDGE_CURVE('',#2065,#2066,#933,.T.);
#2558=EDGE_CURVE('',#2067,#2065,#934,.T.);
#2559=EDGE_CURVE('',#2068,#2067,#935,.T.);
#2560=EDGE_CURVE('',#2066,#2068,#936,.T.);
#2561=EDGE_CURVE('',#2067,#2069,#937,.T.);
#2562=EDGE_CURVE('',#2069,#2070,#938,.T.);
#2563=EDGE_CURVE('',#2068,#2070,#939,.T.);
#2564=EDGE_CURVE('',#2065,#2071,#940,.T.);
#2565=EDGE_CURVE('',#2071,#2069,#941,.T.);
#2566=EDGE_CURVE('',#2072,#2071,#942,.T.);
#2567=EDGE_CURVE('',#2070,#2072,#943,.T.);
#2568=EDGE_CURVE('',#2072,#2066,#944,.T.);
#2569=EDGE_CURVE('',#2073,#2074,#945,.T.);
#2570=EDGE_CURVE('',#2075,#2073,#946,.T.);
#2571=EDGE_CURVE('',#2076,#2075,#947,.T.);
#2572=EDGE_CURVE('',#2074,#2076,#948,.T.);
#2573=EDGE_CURVE('',#2075,#2077,#949,.T.);
#2574=EDGE_CURVE('',#2077,#2078,#950,.T.);
#2575=EDGE_CURVE('',#2076,#2078,#951,.T.);
#2576=EDGE_CURVE('',#2073,#2079,#952,.T.);
#2577=EDGE_CURVE('',#2079,#2077,#953,.T.);
#2578=EDGE_CURVE('',#2080,#2079,#954,.T.);
#2579=EDGE_CURVE('',#2078,#2080,#955,.T.);
#2580=EDGE_CURVE('',#2080,#2074,#956,.T.);
#2581=EDGE_CURVE('',#2081,#2082,#957,.T.);
#2582=EDGE_CURVE('',#2083,#2081,#958,.T.);
#2583=EDGE_CURVE('',#2084,#2083,#959,.T.);
#2584=EDGE_CURVE('',#2085,#2084,#960,.T.);
#2585=EDGE_CURVE('',#2082,#2085,#961,.T.);
#2586=EDGE_CURVE('',#2084,#2086,#962,.T.);
#2587=EDGE_CURVE('',#2086,#2087,#963,.T.);
#2588=EDGE_CURVE('',#2085,#2087,#964,.T.);
#2589=EDGE_CURVE('',#2083,#2088,#965,.T.);
#2590=EDGE_CURVE('',#2088,#2089,#966,.T.);
#2591=EDGE_CURVE('',#2090,#2089,#967,.T.);
#2592=EDGE_CURVE('',#2090,#2086,#968,.T.);
#2593=EDGE_CURVE('',#2091,#2090,#969,.T.);
#2594=EDGE_CURVE('',#2092,#2091,#970,.T.);
#2595=EDGE_CURVE('',#2087,#2092,#971,.T.);
#2596=EDGE_CURVE('',#2092,#2082,#972,.T.);
#2597=EDGE_CURVE('',#2088,#2081,#973,.T.);
#2598=EDGE_CURVE('',#2089,#2091,#974,.T.);
#2599=EDGE_CURVE('',#2093,#2094,#975,.T.);
#2600=EDGE_CURVE('',#2095,#2093,#976,.T.);
#2601=EDGE_CURVE('',#2096,#2095,#977,.T.);
#2602=EDGE_CURVE('',#2097,#2096,#978,.T.);
#2603=EDGE_CURVE('',#2094,#2097,#979,.T.);
#2604=EDGE_CURVE('',#2096,#2098,#980,.T.);
#2605=EDGE_CURVE('',#2098,#2099,#981,.T.);
#2606=EDGE_CURVE('',#2097,#2099,#982,.T.);
#2607=EDGE_CURVE('',#2095,#2100,#983,.T.);
#2608=EDGE_CURVE('',#2100,#2101,#984,.T.);
#2609=EDGE_CURVE('',#2102,#2101,#985,.T.);
#2610=EDGE_CURVE('',#2102,#2098,#986,.T.);
#2611=EDGE_CURVE('',#2103,#2102,#987,.T.);
#2612=EDGE_CURVE('',#2104,#2103,#988,.T.);
#2613=EDGE_CURVE('',#2099,#2104,#989,.T.);
#2614=EDGE_CURVE('',#2104,#2094,#990,.T.);
#2615=EDGE_CURVE('',#2100,#2093,#991,.T.);
#2616=EDGE_CURVE('',#2101,#2103,#992,.T.);
#2617=EDGE_CURVE('',#2105,#2106,#993,.T.);
#2618=EDGE_CURVE('',#2107,#2105,#994,.T.);
#2619=EDGE_CURVE('',#2108,#2107,#995,.T.);
#2620=EDGE_CURVE('',#2106,#2108,#996,.T.);
#2621=EDGE_CURVE('',#2107,#2109,#997,.T.);
#2622=EDGE_CURVE('',#2109,#2110,#998,.T.);
#2623=EDGE_CURVE('',#2108,#2110,#999,.T.);
#2624=EDGE_CURVE('',#2105,#2111,#1000,.T.);
#2625=EDGE_CURVE('',#2111,#2109,#1001,.T.);
#2626=EDGE_CURVE('',#2112,#2111,#1002,.T.);
#2627=EDGE_CURVE('',#2110,#2112,#1003,.T.);
#2628=EDGE_CURVE('',#2112,#2106,#1004,.T.);
#2629=EDGE_CURVE('',#2113,#2114,#1005,.T.);
#2630=EDGE_CURVE('',#2115,#2113,#1006,.T.);
#2631=EDGE_CURVE('',#2116,#2115,#1007,.T.);
#2632=EDGE_CURVE('',#2114,#2116,#1008,.T.);
#2633=EDGE_CURVE('',#2115,#2117,#1009,.T.);
#2634=EDGE_CURVE('',#2117,#2118,#1010,.T.);
#2635=EDGE_CURVE('',#2116,#2118,#1011,.T.);
#2636=EDGE_CURVE('',#2113,#2119,#1012,.T.);
#2637=EDGE_CURVE('',#2119,#2117,#1013,.T.);
#2638=EDGE_CURVE('',#2120,#2119,#1014,.T.);
#2639=EDGE_CURVE('',#2118,#2120,#1015,.T.);
#2640=EDGE_CURVE('',#2120,#2114,#1016,.T.);
#2641=EDGE_CURVE('',#2121,#2122,#1017,.T.);
#2642=EDGE_CURVE('',#2123,#2121,#1018,.T.);
#2643=EDGE_CURVE('',#2124,#2123,#1019,.T.);
#2644=EDGE_CURVE('',#2122,#2124,#1020,.T.);
#2645=EDGE_CURVE('',#2125,#2123,#1021,.T.);
#2646=EDGE_CURVE('',#2125,#2126,#1022,.T.);
#2647=EDGE_CURVE('',#2126,#2124,#1023,.T.);
#2648=EDGE_CURVE('',#2121,#2127,#1024,.T.);
#2649=EDGE_CURVE('',#2127,#2125,#1025,.T.);
#2650=EDGE_CURVE('',#2128,#2127,#1026,.T.);
#2651=EDGE_CURVE('',#2126,#2128,#1027,.T.);
#2652=EDGE_CURVE('',#2128,#2122,#1028,.T.);
#2653=EDGE_CURVE('',#2129,#2130,#1029,.T.);
#2654=EDGE_CURVE('',#2131,#2129,#1030,.T.);
#2655=EDGE_CURVE('',#2132,#2131,#1031,.T.);
#2656=EDGE_CURVE('',#2130,#2132,#1032,.T.);
#2657=EDGE_CURVE('',#2133,#2131,#1033,.T.);
#2658=EDGE_CURVE('',#2133,#2134,#1034,.T.);
#2659=EDGE_CURVE('',#2134,#2132,#1035,.T.);
#2660=EDGE_CURVE('',#2129,#2135,#1036,.T.);
#2661=EDGE_CURVE('',#2135,#2133,#1037,.T.);
#2662=EDGE_CURVE('',#2136,#2135,#1038,.T.);
#2663=EDGE_CURVE('',#2134,#2136,#1039,.T.);
#2664=EDGE_CURVE('',#2136,#2130,#1040,.T.);
#2665=EDGE_CURVE('',#2137,#2138,#1041,.T.);
#2666=EDGE_CURVE('',#2139,#2137,#1042,.T.);
#2667=EDGE_CURVE('',#2140,#2139,#1043,.T.);
#2668=EDGE_CURVE('',#2138,#2140,#1044,.T.);
#2669=EDGE_CURVE('',#2141,#2139,#1045,.T.);
#2670=EDGE_CURVE('',#2141,#2142,#1046,.T.);
#2671=EDGE_CURVE('',#2142,#2140,#1047,.T.);
#2672=EDGE_CURVE('',#2137,#2143,#1048,.T.);
#2673=EDGE_CURVE('',#2143,#2141,#1049,.T.);
#2674=EDGE_CURVE('',#2144,#2143,#1050,.T.);
#2675=EDGE_CURVE('',#2142,#2144,#1051,.T.);
#2676=EDGE_CURVE('',#2144,#2138,#1052,.T.);
#2677=EDGE_CURVE('',#2145,#2146,#1053,.T.);
#2678=EDGE_CURVE('',#2147,#2145,#1054,.T.);
#2679=EDGE_CURVE('',#2148,#2147,#1055,.T.);
#2680=EDGE_CURVE('',#2146,#2148,#1056,.T.);
#2681=EDGE_CURVE('',#2149,#2147,#1057,.T.);
#2682=EDGE_CURVE('',#2149,#2150,#1058,.T.);
#2683=EDGE_CURVE('',#2150,#2148,#1059,.T.);
#2684=EDGE_CURVE('',#2145,#2151,#1060,.T.);
#2685=EDGE_CURVE('',#2151,#2149,#1061,.T.);
#2686=EDGE_CURVE('',#2152,#2151,#1062,.T.);
#2687=EDGE_CURVE('',#2150,#2152,#1063,.T.);
#2688=EDGE_CURVE('',#2152,#2146,#1064,.T.);
#2689=EDGE_CURVE('',#2153,#2154,#15,.T.);
#2690=EDGE_CURVE('',#2154,#2155,#1065,.T.);
#2691=EDGE_CURVE('',#2155,#2156,#16,.T.);
#2692=EDGE_CURVE('',#2156,#2153,#1066,.T.);
#2693=EDGE_CURVE('',#2157,#2154,#1067,.T.);
#2694=EDGE_CURVE('',#2158,#2157,#1068,.T.);
#2695=EDGE_CURVE('',#2158,#2155,#1069,.T.);
#2696=EDGE_CURVE('',#2157,#2159,#17,.T.);
#2697=EDGE_CURVE('',#2159,#2160,#1070,.T.);
#2698=EDGE_CURVE('',#2160,#2158,#18,.T.);
#2699=EDGE_CURVE('',#2159,#2161,#1071,.T.);
#2700=EDGE_CURVE('',#2162,#2161,#1072,.T.);
#2701=EDGE_CURVE('',#2160,#2162,#1073,.T.);
#2702=EDGE_CURVE('',#2163,#2164,#1074,.T.);
#2703=EDGE_CURVE('',#2164,#2165,#1075,.T.);
#2704=EDGE_CURVE('',#2166,#2165,#1076,.T.);
#2705=EDGE_CURVE('',#2163,#2166,#1077,.T.);
#2706=EDGE_CURVE('',#2161,#2166,#1078,.T.);
#2707=EDGE_CURVE('',#2165,#2162,#1079,.T.);
#2708=EDGE_CURVE('',#2163,#2167,#1080,.T.);
#2709=EDGE_CURVE('',#2168,#2167,#1081,.T.);
#2710=EDGE_CURVE('',#2164,#2168,#1082,.T.);
#2711=EDGE_CURVE('',#2169,#2168,#1083,.T.);
#2712=EDGE_CURVE('',#2169,#2170,#1084,.T.);
#2713=EDGE_CURVE('',#2156,#2170,#1085,.T.);
#2714=EDGE_CURVE('',#2171,#2167,#1086,.T.);
#2715=EDGE_CURVE('',#2169,#2171,#1087,.T.);
#2716=EDGE_CURVE('',#2172,#2153,#1088,.T.);
#2717=EDGE_CURVE('',#2171,#2172,#1089,.T.);
#2718=EDGE_CURVE('',#2170,#2172,#1090,.T.);
#2719=EDGE_CURVE('',#2173,#2174,#1091,.T.);
#2720=EDGE_CURVE('',#2173,#2175,#1092,.T.);
#2721=EDGE_CURVE('',#2175,#2176,#1093,.T.);
#2722=EDGE_CURVE('',#2176,#2174,#1094,.T.);
#2723=EDGE_CURVE('',#2177,#2178,#1095,.T.);
#2724=EDGE_CURVE('',#2178,#2176,#1096,.T.);
#2725=EDGE_CURVE('',#2177,#2175,#1097,.T.);
#2726=EDGE_CURVE('',#2178,#2179,#1098,.T.);
#2727=EDGE_CURVE('',#2180,#2179,#1099,.T.);
#2728=EDGE_CURVE('',#2180,#2181,#1100,.T.);
#2729=EDGE_CURVE('',#2182,#2181,#1101,.T.);
#2730=EDGE_CURVE('',#2183,#2182,#1102,.T.);
#2731=EDGE_CURVE('',#2184,#2183,#19,.T.);
#2732=EDGE_CURVE('',#2184,#2185,#1103,.T.);
#2733=EDGE_CURVE('',#2174,#2185,#20,.T.);
#2734=EDGE_CURVE('',#2177,#2186,#1104,.T.);
#2735=EDGE_CURVE('',#2186,#2179,#1105,.T.);
#2736=EDGE_CURVE('',#2187,#2173,#21,.T.);
#2737=EDGE_CURVE('',#2188,#2187,#1106,.T.);
#2738=EDGE_CURVE('',#2189,#2188,#22,.T.);
#2739=EDGE_CURVE('',#2189,#2190,#1107,.T.);
#2740=EDGE_CURVE('',#2191,#2190,#1108,.T.);
#2741=EDGE_CURVE('',#2192,#2191,#1109,.T.);
#2742=EDGE_CURVE('',#2192,#2186,#1110,.T.);
#2743=EDGE_CURVE('',#2180,#2192,#1111,.T.);
#2744=EDGE_CURVE('',#2181,#2191,#1112,.T.);
#2745=EDGE_CURVE('',#2190,#2182,#1113,.T.);
#2746=EDGE_CURVE('',#2183,#2189,#1114,.T.);
#2747=EDGE_CURVE('',#2188,#2184,#1115,.T.);
#2748=EDGE_CURVE('',#2185,#2187,#1116,.T.);
#2749=EDGE_CURVE('',#2193,#2194,#23,.T.);
#2750=EDGE_CURVE('',#2194,#2195,#1117,.T.);
#2751=EDGE_CURVE('',#2195,#2196,#24,.T.);
#2752=EDGE_CURVE('',#2196,#2193,#1118,.T.);
#2753=EDGE_CURVE('',#2197,#2194,#1119,.T.);
#2754=EDGE_CURVE('',#2198,#2197,#1120,.T.);
#2755=EDGE_CURVE('',#2198,#2195,#1121,.T.);
#2756=EDGE_CURVE('',#2197,#2199,#25,.T.);
#2757=EDGE_CURVE('',#2199,#2200,#1122,.T.);
#2758=EDGE_CURVE('',#2200,#2198,#26,.T.);
#2759=EDGE_CURVE('',#2199,#2201,#1123,.T.);
#2760=EDGE_CURVE('',#2202,#2201,#1124,.T.);
#2761=EDGE_CURVE('',#2200,#2202,#1125,.T.);
#2762=EDGE_CURVE('',#2203,#2204,#1126,.T.);
#2763=EDGE_CURVE('',#2204,#2205,#1127,.T.);
#2764=EDGE_CURVE('',#2206,#2205,#1128,.T.);
#2765=EDGE_CURVE('',#2203,#2206,#1129,.T.);
#2766=EDGE_CURVE('',#2201,#2206,#1130,.T.);
#2767=EDGE_CURVE('',#2205,#2202,#1131,.T.);
#2768=EDGE_CURVE('',#2203,#2207,#1132,.T.);
#2769=EDGE_CURVE('',#2208,#2207,#1133,.T.);
#2770=EDGE_CURVE('',#2204,#2208,#1134,.T.);
#2771=EDGE_CURVE('',#2209,#2208,#1135,.T.);
#2772=EDGE_CURVE('',#2209,#2210,#1136,.T.);
#2773=EDGE_CURVE('',#2196,#2210,#1137,.T.);
#2774=EDGE_CURVE('',#2211,#2207,#1138,.T.);
#2775=EDGE_CURVE('',#2209,#2211,#1139,.T.);
#2776=EDGE_CURVE('',#2212,#2193,#1140,.T.);
#2777=EDGE_CURVE('',#2211,#2212,#1141,.T.);
#2778=EDGE_CURVE('',#2210,#2212,#1142,.T.);
#2779=EDGE_CURVE('',#2213,#2214,#1143,.T.);
#2780=EDGE_CURVE('',#2213,#2215,#1144,.T.);
#2781=EDGE_CURVE('',#2215,#2216,#1145,.T.);
#2782=EDGE_CURVE('',#2216,#2214,#1146,.T.);
#2783=EDGE_CURVE('',#2217,#2218,#1147,.T.);
#2784=EDGE_CURVE('',#2218,#2216,#1148,.T.);
#2785=EDGE_CURVE('',#2217,#2215,#1149,.T.);
#2786=EDGE_CURVE('',#2218,#2219,#1150,.T.);
#2787=EDGE_CURVE('',#2220,#2219,#1151,.T.);
#2788=EDGE_CURVE('',#2220,#2221,#1152,.T.);
#2789=EDGE_CURVE('',#2222,#2221,#1153,.T.);
#2790=EDGE_CURVE('',#2223,#2222,#1154,.T.);
#2791=EDGE_CURVE('',#2224,#2223,#27,.T.);
#2792=EDGE_CURVE('',#2224,#2225,#1155,.T.);
#2793=EDGE_CURVE('',#2214,#2225,#28,.T.);
#2794=EDGE_CURVE('',#2217,#2226,#1156,.T.);
#2795=EDGE_CURVE('',#2226,#2219,#1157,.T.);
#2796=EDGE_CURVE('',#2227,#2213,#29,.T.);
#2797=EDGE_CURVE('',#2228,#2227,#1158,.T.);
#2798=EDGE_CURVE('',#2229,#2228,#30,.T.);
#2799=EDGE_CURVE('',#2229,#2230,#1159,.T.);
#2800=EDGE_CURVE('',#2231,#2230,#1160,.T.);
#2801=EDGE_CURVE('',#2232,#2231,#1161,.T.);
#2802=EDGE_CURVE('',#2232,#2226,#1162,.T.);
#2803=EDGE_CURVE('',#2220,#2232,#1163,.T.);
#2804=EDGE_CURVE('',#2221,#2231,#1164,.T.);
#2805=EDGE_CURVE('',#2230,#2222,#1165,.T.);
#2806=EDGE_CURVE('',#2223,#2229,#1166,.T.);
#2807=EDGE_CURVE('',#2228,#2224,#1167,.T.);
#2808=EDGE_CURVE('',#2225,#2227,#1168,.T.);
#2809=EDGE_CURVE('',#2233,#2234,#1169,.T.);
#2810=EDGE_CURVE('',#2233,#2235,#1170,.T.);
#2811=EDGE_CURVE('',#2236,#2235,#1171,.T.);
#2812=EDGE_CURVE('',#2234,#2236,#1172,.T.);
#2813=EDGE_CURVE('',#2237,#2234,#1173,.T.);
#2814=EDGE_CURVE('',#2238,#2236,#1174,.T.);
#2815=EDGE_CURVE('',#2237,#2238,#1175,.T.);
#2816=EDGE_CURVE('',#2237,#2233,#1176,.T.);
#2817=EDGE_CURVE('',#2235,#2238,#1177,.T.);
#2818=EDGE_CURVE('',#2239,#2240,#1178,.T.);
#2819=EDGE_CURVE('',#2239,#2241,#1179,.T.);
#2820=EDGE_CURVE('',#2242,#2241,#1180,.T.);
#2821=EDGE_CURVE('',#2240,#2242,#1181,.T.);
#2822=EDGE_CURVE('',#2243,#2240,#1182,.T.);
#2823=EDGE_CURVE('',#2244,#2242,#1183,.T.);
#2824=EDGE_CURVE('',#2243,#2244,#1184,.T.);
#2825=EDGE_CURVE('',#2243,#2239,#1185,.T.);
#2826=EDGE_CURVE('',#2241,#2244,#1186,.T.);
#2827=EDGE_CURVE('',#2245,#2246,#1187,.T.);
#2828=EDGE_CURVE('',#2245,#2247,#1188,.T.);
#2829=EDGE_CURVE('',#2248,#2247,#1189,.T.);
#2830=EDGE_CURVE('',#2246,#2248,#1190,.T.);
#2831=EDGE_CURVE('',#2249,#2246,#1191,.T.);
#2832=EDGE_CURVE('',#2250,#2248,#1192,.T.);
#2833=EDGE_CURVE('',#2249,#2250,#1193,.T.);
#2834=EDGE_CURVE('',#2249,#2245,#1194,.T.);
#2835=EDGE_CURVE('',#2247,#2250,#1195,.T.);
#2836=EDGE_CURVE('',#2251,#2252,#31,.T.);
#2837=EDGE_CURVE('',#2253,#2251,#1196,.T.);
#2838=EDGE_CURVE('',#2254,#2253,#32,.T.);
#2839=EDGE_CURVE('',#2252,#2254,#1197,.T.);
#2840=EDGE_CURVE('',#2255,#2254,#1198,.T.);
#2841=EDGE_CURVE('',#2255,#2256,#1199,.T.);
#2842=EDGE_CURVE('',#2256,#2252,#1200,.T.);
#2843=EDGE_CURVE('',#2256,#2257,#33,.T.);
#2844=EDGE_CURVE('',#2258,#2255,#34,.T.);
#2845=EDGE_CURVE('',#2257,#2258,#1201,.T.);
#2846=EDGE_CURVE('',#2258,#2259,#1202,.T.);
#2847=EDGE_CURVE('',#2259,#2260,#1203,.T.);
#2848=EDGE_CURVE('',#2257,#2260,#1204,.T.);
#2849=EDGE_CURVE('',#2261,#2262,#1205,.T.);
#2850=EDGE_CURVE('',#2261,#2263,#1206,.T.);
#2851=EDGE_CURVE('',#2263,#2264,#1207,.T.);
#2852=EDGE_CURVE('',#2262,#2264,#1208,.T.);
#2853=EDGE_CURVE('',#2260,#2263,#1209,.T.);
#2854=EDGE_CURVE('',#2264,#2259,#1210,.T.);
#2855=EDGE_CURVE('',#2262,#2265,#1211,.T.);
#2856=EDGE_CURVE('',#2265,#2266,#1212,.T.);
#2857=EDGE_CURVE('',#2261,#2266,#1213,.T.);
#2858=EDGE_CURVE('',#2267,#2265,#1214,.T.);
#2859=EDGE_CURVE('',#2253,#2268,#1215,.T.);
#2860=EDGE_CURVE('',#2267,#2268,#1216,.T.);
#2861=EDGE_CURVE('',#2269,#2266,#1217,.T.);
#2862=EDGE_CURVE('',#2267,#2269,#1218,.T.);
#2863=EDGE_CURVE('',#2270,#2251,#1219,.T.);
#2864=EDGE_CURVE('',#2269,#2270,#1220,.T.);
#2865=EDGE_CURVE('',#2268,#2270,#1221,.T.);
#2866=EDGE_CURVE('',#2271,#2272,#1222,.T.);
#2867=EDGE_CURVE('',#2273,#2272,#1223,.T.);
#2868=EDGE_CURVE('',#2274,#2273,#1224,.T.);
#2869=EDGE_CURVE('',#2271,#2274,#1225,.T.);
#2870=EDGE_CURVE('',#2275,#2276,#1226,.T.);
#2871=EDGE_CURVE('',#2275,#2274,#1227,.T.);
#2872=EDGE_CURVE('',#2276,#2273,#1228,.T.);
#2873=EDGE_CURVE('',#2272,#2277,#35,.T.);
#2874=EDGE_CURVE('',#2278,#2277,#1229,.T.);
#2875=EDGE_CURVE('',#2278,#2279,#36,.T.);
#2876=EDGE_CURVE('',#2279,#2280,#1230,.T.);
#2877=EDGE_CURVE('',#2280,#2281,#1231,.T.);
#2878=EDGE_CURVE('',#2282,#2281,#1232,.T.);
#2879=EDGE_CURVE('',#2282,#2283,#1233,.T.);
#2880=EDGE_CURVE('',#2276,#2283,#1234,.T.);
#2881=EDGE_CURVE('',#2284,#2283,#1235,.T.);
#2882=EDGE_CURVE('',#2275,#2284,#1236,.T.);
#2883=EDGE_CURVE('',#2285,#2284,#1237,.T.);
#2884=EDGE_CURVE('',#2285,#2286,#1238,.T.);
#2885=EDGE_CURVE('',#2286,#2287,#1239,.T.);
#2886=EDGE_CURVE('',#2288,#2287,#1240,.T.);
#2887=EDGE_CURVE('',#2288,#2289,#37,.T.);
#2888=EDGE_CURVE('',#2289,#2290,#1241,.T.);
#2889=EDGE_CURVE('',#2290,#2271,#38,.T.);
#2890=EDGE_CURVE('',#2282,#2285,#1242,.T.);
#2891=EDGE_CURVE('',#2287,#2280,#1243,.T.);
#2892=EDGE_CURVE('',#2281,#2286,#1244,.T.);
#2893=EDGE_CURVE('',#2279,#2288,#1245,.T.);
#2894=EDGE_CURVE('',#2289,#2278,#1246,.T.);
#2895=EDGE_CURVE('',#2277,#2290,#1247,.T.);
#2896=EDGE_CURVE('',#2291,#2292,#39,.T.);
#2897=EDGE_CURVE('',#2293,#2291,#1248,.T.);
#2898=EDGE_CURVE('',#2294,#2293,#40,.T.);
#2899=EDGE_CURVE('',#2292,#2294,#1249,.T.);
#2900=EDGE_CURVE('',#2295,#2294,#1250,.T.);
#2901=EDGE_CURVE('',#2295,#2296,#1251,.T.);
#2902=EDGE_CURVE('',#2296,#2292,#1252,.T.);
#2903=EDGE_CURVE('',#2296,#2297,#41,.T.);
#2904=EDGE_CURVE('',#2298,#2295,#42,.T.);
#2905=EDGE_CURVE('',#2297,#2298,#1253,.T.);
#2906=EDGE_CURVE('',#2298,#2299,#1254,.T.);
#2907=EDGE_CURVE('',#2299,#2300,#1255,.T.);
#2908=EDGE_CURVE('',#2297,#2300,#1256,.T.);
#2909=EDGE_CURVE('',#2301,#2302,#1257,.T.);
#2910=EDGE_CURVE('',#2301,#2303,#1258,.T.);
#2911=EDGE_CURVE('',#2303,#2304,#1259,.T.);
#2912=EDGE_CURVE('',#2302,#2304,#1260,.T.);
#2913=EDGE_CURVE('',#2300,#2303,#1261,.T.);
#2914=EDGE_CURVE('',#2304,#2299,#1262,.T.);
#2915=EDGE_CURVE('',#2302,#2305,#1263,.T.);
#2916=EDGE_CURVE('',#2305,#2306,#1264,.T.);
#2917=EDGE_CURVE('',#2301,#2306,#1265,.T.);
#2918=EDGE_CURVE('',#2307,#2305,#1266,.T.);
#2919=EDGE_CURVE('',#2293,#2308,#1267,.T.);
#2920=EDGE_CURVE('',#2307,#2308,#1268,.T.);
#2921=EDGE_CURVE('',#2309,#2306,#1269,.T.);
#2922=EDGE_CURVE('',#2307,#2309,#1270,.T.);
#2923=EDGE_CURVE('',#2310,#2291,#1271,.T.);
#2924=EDGE_CURVE('',#2309,#2310,#1272,.T.);
#2925=EDGE_CURVE('',#2308,#2310,#1273,.T.);
#2926=EDGE_CURVE('',#2311,#2312,#1274,.T.);
#2927=EDGE_CURVE('',#2313,#2312,#1275,.T.);
#2928=EDGE_CURVE('',#2314,#2313,#1276,.T.);
#2929=EDGE_CURVE('',#2311,#2314,#1277,.T.);
#2930=EDGE_CURVE('',#2315,#2316,#1278,.T.);
#2931=EDGE_CURVE('',#2315,#2314,#1279,.T.);
#2932=EDGE_CURVE('',#2316,#2313,#1280,.T.);
#2933=EDGE_CURVE('',#2312,#2317,#43,.T.);
#2934=EDGE_CURVE('',#2318,#2317,#1281,.T.);
#2935=EDGE_CURVE('',#2318,#2319,#44,.T.);
#2936=EDGE_CURVE('',#2319,#2320,#1282,.T.);
#2937=EDGE_CURVE('',#2320,#2321,#1283,.T.);
#2938=EDGE_CURVE('',#2322,#2321,#1284,.T.);
#2939=EDGE_CURVE('',#2322,#2323,#1285,.T.);
#2940=EDGE_CURVE('',#2316,#2323,#1286,.T.);
#2941=EDGE_CURVE('',#2324,#2323,#1287,.T.);
#2942=EDGE_CURVE('',#2315,#2324,#1288,.T.);
#2943=EDGE_CURVE('',#2325,#2324,#1289,.T.);
#2944=EDGE_CURVE('',#2325,#2326,#1290,.T.);
#2945=EDGE_CURVE('',#2326,#2327,#1291,.T.);
#2946=EDGE_CURVE('',#2328,#2327,#1292,.T.);
#2947=EDGE_CURVE('',#2328,#2329,#45,.T.);
#2948=EDGE_CURVE('',#2329,#2330,#1293,.T.);
#2949=EDGE_CURVE('',#2330,#2311,#46,.T.);
#2950=EDGE_CURVE('',#2322,#2325,#1294,.T.);
#2951=EDGE_CURVE('',#2327,#2320,#1295,.T.);
#2952=EDGE_CURVE('',#2321,#2326,#1296,.T.);
#2953=EDGE_CURVE('',#2319,#2328,#1297,.T.);
#2954=EDGE_CURVE('',#2329,#2318,#1298,.T.);
#2955=EDGE_CURVE('',#2317,#2330,#1299,.T.);
#2956=EDGE_CURVE('',#2331,#2332,#1300,.T.);
#2957=EDGE_CURVE('',#2333,#2332,#1301,.T.);
#2958=EDGE_CURVE('',#2334,#2333,#1302,.T.);
#2959=EDGE_CURVE('',#2334,#2331,#1303,.T.);
#2960=EDGE_CURVE('',#2332,#2335,#1304,.T.);
#2961=EDGE_CURVE('',#2336,#2335,#1305,.T.);
#2962=EDGE_CURVE('',#2333,#2336,#1306,.T.);
#2963=EDGE_CURVE('',#2335,#2337,#1307,.T.);
#2964=EDGE_CURVE('',#2338,#2337,#1308,.T.);
#2965=EDGE_CURVE('',#2336,#2338,#1309,.T.);
#2966=EDGE_CURVE('',#2337,#2339,#1310,.T.);
#2967=EDGE_CURVE('',#2340,#2339,#1311,.T.);
#2968=EDGE_CURVE('',#2338,#2340,#1312,.T.);
#2969=EDGE_CURVE('',#2339,#2341,#1313,.T.);
#2970=EDGE_CURVE('',#2342,#2341,#1314,.T.);
#2971=EDGE_CURVE('',#2340,#2342,#1315,.T.);
#2972=EDGE_CURVE('',#2341,#2343,#1316,.T.);
#2973=EDGE_CURVE('',#2344,#2343,#1317,.T.);
#2974=EDGE_CURVE('',#2342,#2344,#1318,.T.);
#2975=EDGE_CURVE('',#2343,#2345,#1319,.T.);
#2976=EDGE_CURVE('',#2346,#2345,#1320,.T.);
#2977=EDGE_CURVE('',#2344,#2346,#1321,.T.);
#2978=EDGE_CURVE('',#2345,#2331,#1322,.T.);
#2979=EDGE_CURVE('',#2346,#2334,#1323,.T.);
#2980=ORIENTED_EDGE('',*,*,#2347,.F.);
#2981=ORIENTED_EDGE('',*,*,#2348,.F.);
#2982=ORIENTED_EDGE('',*,*,#2349,.F.);
#2983=ORIENTED_EDGE('',*,*,#2350,.F.);
#2984=ORIENTED_EDGE('',*,*,#2349,.T.);
#2985=ORIENTED_EDGE('',*,*,#2351,.F.);
#2986=ORIENTED_EDGE('',*,*,#2352,.T.);
#2987=ORIENTED_EDGE('',*,*,#2353,.T.);
#2988=ORIENTED_EDGE('',*,*,#2348,.T.);
#2989=ORIENTED_EDGE('',*,*,#2354,.T.);
#2990=ORIENTED_EDGE('',*,*,#2355,.T.);
#2991=ORIENTED_EDGE('',*,*,#2351,.T.);
#2992=ORIENTED_EDGE('',*,*,#2352,.F.);
#2993=ORIENTED_EDGE('',*,*,#2355,.F.);
#2994=ORIENTED_EDGE('',*,*,#2356,.F.);
#2995=ORIENTED_EDGE('',*,*,#2357,.F.);
#2996=ORIENTED_EDGE('',*,*,#2347,.T.);
#2997=ORIENTED_EDGE('',*,*,#2358,.F.);
#2998=ORIENTED_EDGE('',*,*,#2356,.T.);
#2999=ORIENTED_EDGE('',*,*,#2354,.F.);
#3000=ORIENTED_EDGE('',*,*,#2350,.T.);
#3001=ORIENTED_EDGE('',*,*,#2353,.F.);
#3002=ORIENTED_EDGE('',*,*,#2357,.T.);
#3003=ORIENTED_EDGE('',*,*,#2358,.T.);
#3004=ORIENTED_EDGE('',*,*,#2359,.F.);
#3005=ORIENTED_EDGE('',*,*,#2360,.F.);
#3006=ORIENTED_EDGE('',*,*,#2361,.F.);
#3007=ORIENTED_EDGE('',*,*,#2362,.F.);
#3008=ORIENTED_EDGE('',*,*,#2361,.T.);
#3009=ORIENTED_EDGE('',*,*,#2363,.F.);
#3010=ORIENTED_EDGE('',*,*,#2364,.T.);
#3011=ORIENTED_EDGE('',*,*,#2365,.T.);
#3012=ORIENTED_EDGE('',*,*,#2360,.T.);
#3013=ORIENTED_EDGE('',*,*,#2366,.T.);
#3014=ORIENTED_EDGE('',*,*,#2367,.T.);
#3015=ORIENTED_EDGE('',*,*,#2363,.T.);
#3016=ORIENTED_EDGE('',*,*,#2364,.F.);
#3017=ORIENTED_EDGE('',*,*,#2367,.F.);
#3018=ORIENTED_EDGE('',*,*,#2368,.F.);
#3019=ORIENTED_EDGE('',*,*,#2369,.F.);
#3020=ORIENTED_EDGE('',*,*,#2359,.T.);
#3021=ORIENTED_EDGE('',*,*,#2370,.F.);
#3022=ORIENTED_EDGE('',*,*,#2368,.T.);
#3023=ORIENTED_EDGE('',*,*,#2366,.F.);
#3024=ORIENTED_EDGE('',*,*,#2362,.T.);
#3025=ORIENTED_EDGE('',*,*,#2365,.F.);
#3026=ORIENTED_EDGE('',*,*,#2369,.T.);
#3027=ORIENTED_EDGE('',*,*,#2370,.T.);
#3028=ORIENTED_EDGE('',*,*,#2371,.F.);
#3029=ORIENTED_EDGE('',*,*,#2372,.F.);
#3030=ORIENTED_EDGE('',*,*,#2373,.F.);
#3031=ORIENTED_EDGE('',*,*,#2374,.F.);
#3032=ORIENTED_EDGE('',*,*,#2373,.T.);
#3033=ORIENTED_EDGE('',*,*,#2375,.F.);
#3034=ORIENTED_EDGE('',*,*,#2376,.T.);
#3035=ORIENTED_EDGE('',*,*,#2377,.T.);
#3036=ORIENTED_EDGE('',*,*,#2372,.T.);
#3037=ORIENTED_EDGE('',*,*,#2378,.T.);
#3038=ORIENTED_EDGE('',*,*,#2379,.T.);
#3039=ORIENTED_EDGE('',*,*,#2375,.T.);
#3040=ORIENTED_EDGE('',*,*,#2376,.F.);
#3041=ORIENTED_EDGE('',*,*,#2379,.F.);
#3042=ORIENTED_EDGE('',*,*,#2380,.F.);
#3043=ORIENTED_EDGE('',*,*,#2381,.F.);
#3044=ORIENTED_EDGE('',*,*,#2371,.T.);
#3045=ORIENTED_EDGE('',*,*,#2382,.F.);
#3046=ORIENTED_EDGE('',*,*,#2380,.T.);
#3047=ORIENTED_EDGE('',*,*,#2378,.F.);
#3048=ORIENTED_EDGE('',*,*,#2374,.T.);
#3049=ORIENTED_EDGE('',*,*,#2377,.F.);
#3050=ORIENTED_EDGE('',*,*,#2381,.T.);
#3051=ORIENTED_EDGE('',*,*,#2382,.T.);
#3052=ORIENTED_EDGE('',*,*,#2383,.F.);
#3053=ORIENTED_EDGE('',*,*,#2384,.F.);
#3054=ORIENTED_EDGE('',*,*,#2385,.F.);
#3055=ORIENTED_EDGE('',*,*,#2386,.F.);
#3056=ORIENTED_EDGE('',*,*,#2385,.T.);
#3057=ORIENTED_EDGE('',*,*,#2387,.F.);
#3058=ORIENTED_EDGE('',*,*,#2388,.T.);
#3059=ORIENTED_EDGE('',*,*,#2389,.T.);
#3060=ORIENTED_EDGE('',*,*,#2384,.T.);
#3061=ORIENTED_EDGE('',*,*,#2390,.T.);
#3062=ORIENTED_EDGE('',*,*,#2391,.T.);
#3063=ORIENTED_EDGE('',*,*,#2387,.T.);
#3064=ORIENTED_EDGE('',*,*,#2388,.F.);
#3065=ORIENTED_EDGE('',*,*,#2391,.F.);
#3066=ORIENTED_EDGE('',*,*,#2392,.F.);
#3067=ORIENTED_EDGE('',*,*,#2393,.F.);
#3068=ORIENTED_EDGE('',*,*,#2383,.T.);
#3069=ORIENTED_EDGE('',*,*,#2394,.F.);
#3070=ORIENTED_EDGE('',*,*,#2392,.T.);
#3071=ORIENTED_EDGE('',*,*,#2390,.F.);
#3072=ORIENTED_EDGE('',*,*,#2386,.T.);
#3073=ORIENTED_EDGE('',*,*,#2389,.F.);
#3074=ORIENTED_EDGE('',*,*,#2393,.T.);
#3075=ORIENTED_EDGE('',*,*,#2394,.T.);
#3076=ORIENTED_EDGE('',*,*,#2395,.F.);
#3077=ORIENTED_EDGE('',*,*,#2396,.F.);
#3078=ORIENTED_EDGE('',*,*,#2397,.F.);
#3079=ORIENTED_EDGE('',*,*,#2398,.F.);
#3080=ORIENTED_EDGE('',*,*,#2397,.T.);
#3081=ORIENTED_EDGE('',*,*,#2399,.T.);
#3082=ORIENTED_EDGE('',*,*,#2400,.T.);
#3083=ORIENTED_EDGE('',*,*,#2401,.F.);
#3084=ORIENTED_EDGE('',*,*,#2396,.T.);
#3085=ORIENTED_EDGE('',*,*,#2402,.T.);
#3086=ORIENTED_EDGE('',*,*,#2403,.T.);
#3087=ORIENTED_EDGE('',*,*,#2399,.F.);
#3088=ORIENTED_EDGE('',*,*,#2400,.F.);
#3089=ORIENTED_EDGE('',*,*,#2403,.F.);
#3090=ORIENTED_EDGE('',*,*,#2404,.F.);
#3091=ORIENTED_EDGE('',*,*,#2405,.F.);
#3092=ORIENTED_EDGE('',*,*,#2395,.T.);
#3093=ORIENTED_EDGE('',*,*,#2406,.F.);
#3094=ORIENTED_EDGE('',*,*,#2404,.T.);
#3095=ORIENTED_EDGE('',*,*,#2402,.F.);
#3096=ORIENTED_EDGE('',*,*,#2398,.T.);
#3097=ORIENTED_EDGE('',*,*,#2401,.T.);
#3098=ORIENTED_EDGE('',*,*,#2405,.T.);
#3099=ORIENTED_EDGE('',*,*,#2406,.T.);
#3100=ORIENTED_EDGE('',*,*,#2407,.F.);
#3101=ORIENTED_EDGE('',*,*,#2408,.F.);
#3102=ORIENTED_EDGE('',*,*,#2409,.F.);
#3103=ORIENTED_EDGE('',*,*,#2410,.F.);
#3104=ORIENTED_EDGE('',*,*,#2409,.T.);
#3105=ORIENTED_EDGE('',*,*,#2411,.T.);
#3106=ORIENTED_EDGE('',*,*,#2412,.T.);
#3107=ORIENTED_EDGE('',*,*,#2413,.F.);
#3108=ORIENTED_EDGE('',*,*,#2408,.T.);
#3109=ORIENTED_EDGE('',*,*,#2414,.T.);
#3110=ORIENTED_EDGE('',*,*,#2415,.T.);
#3111=ORIENTED_EDGE('',*,*,#2411,.F.);
#3112=ORIENTED_EDGE('',*,*,#2412,.F.);
#3113=ORIENTED_EDGE('',*,*,#2415,.F.);
#3114=ORIENTED_EDGE('',*,*,#2416,.F.);
#3115=ORIENTED_EDGE('',*,*,#2417,.F.);
#3116=ORIENTED_EDGE('',*,*,#2407,.T.);
#3117=ORIENTED_EDGE('',*,*,#2418,.F.);
#3118=ORIENTED_EDGE('',*,*,#2416,.T.);
#3119=ORIENTED_EDGE('',*,*,#2414,.F.);
#3120=ORIENTED_EDGE('',*,*,#2410,.T.);
#3121=ORIENTED_EDGE('',*,*,#2413,.T.);
#3122=ORIENTED_EDGE('',*,*,#2417,.T.);
#3123=ORIENTED_EDGE('',*,*,#2418,.T.);
#3124=ORIENTED_EDGE('',*,*,#2419,.F.);
#3125=ORIENTED_EDGE('',*,*,#2420,.F.);
#3126=ORIENTED_EDGE('',*,*,#2421,.F.);
#3127=ORIENTED_EDGE('',*,*,#2422,.F.);
#3128=ORIENTED_EDGE('',*,*,#2421,.T.);
#3129=ORIENTED_EDGE('',*,*,#2423,.T.);
#3130=ORIENTED_EDGE('',*,*,#2424,.T.);
#3131=ORIENTED_EDGE('',*,*,#2425,.F.);
#3132=ORIENTED_EDGE('',*,*,#2420,.T.);
#3133=ORIENTED_EDGE('',*,*,#2426,.T.);
#3134=ORIENTED_EDGE('',*,*,#2427,.T.);
#3135=ORIENTED_EDGE('',*,*,#2423,.F.);
#3136=ORIENTED_EDGE('',*,*,#2424,.F.);
#3137=ORIENTED_EDGE('',*,*,#2427,.F.);
#3138=ORIENTED_EDGE('',*,*,#2428,.F.);
#3139=ORIENTED_EDGE('',*,*,#2429,.F.);
#3140=ORIENTED_EDGE('',*,*,#2419,.T.);
#3141=ORIENTED_EDGE('',*,*,#2430,.F.);
#3142=ORIENTED_EDGE('',*,*,#2428,.T.);
#3143=ORIENTED_EDGE('',*,*,#2426,.F.);
#3144=ORIENTED_EDGE('',*,*,#2422,.T.);
#3145=ORIENTED_EDGE('',*,*,#2425,.T.);
#3146=ORIENTED_EDGE('',*,*,#2429,.T.);
#3147=ORIENTED_EDGE('',*,*,#2430,.T.);
#3148=ORIENTED_EDGE('',*,*,#2431,.F.);
#3149=ORIENTED_EDGE('',*,*,#2432,.F.);
#3150=ORIENTED_EDGE('',*,*,#2433,.F.);
#3151=ORIENTED_EDGE('',*,*,#2434,.F.);
#3152=ORIENTED_EDGE('',*,*,#2435,.F.);
#3153=ORIENTED_EDGE('',*,*,#2434,.T.);
#3154=ORIENTED_EDGE('',*,*,#2436,.T.);
#3155=ORIENTED_EDGE('',*,*,#2437,.T.);
#3156=ORIENTED_EDGE('',*,*,#2438,.F.);
#3157=ORIENTED_EDGE('',*,*,#2433,.T.);
#3158=ORIENTED_EDGE('',*,*,#2439,.T.);
#3159=ORIENTED_EDGE('',*,*,#2440,.T.);
#3160=ORIENTED_EDGE('',*,*,#2441,.F.);
#3161=ORIENTED_EDGE('',*,*,#2442,.T.);
#3162=ORIENTED_EDGE('',*,*,#2436,.F.);
#3163=ORIENTED_EDGE('',*,*,#2443,.F.);
#3164=ORIENTED_EDGE('',*,*,#2444,.F.);
#3165=ORIENTED_EDGE('',*,*,#2445,.F.);
#3166=ORIENTED_EDGE('',*,*,#2437,.F.);
#3167=ORIENTED_EDGE('',*,*,#2442,.F.);
#3168=ORIENTED_EDGE('',*,*,#2435,.T.);
#3169=ORIENTED_EDGE('',*,*,#2438,.T.);
#3170=ORIENTED_EDGE('',*,*,#2445,.T.);
#3171=ORIENTED_EDGE('',*,*,#2446,.T.);
#3172=ORIENTED_EDGE('',*,*,#2432,.T.);
#3173=ORIENTED_EDGE('',*,*,#2447,.F.);
#3174=ORIENTED_EDGE('',*,*,#2439,.F.);
#3175=ORIENTED_EDGE('',*,*,#2431,.T.);
#3176=ORIENTED_EDGE('',*,*,#2446,.F.);
#3177=ORIENTED_EDGE('',*,*,#2444,.T.);
#3178=ORIENTED_EDGE('',*,*,#2448,.F.);
#3179=ORIENTED_EDGE('',*,*,#2440,.F.);
#3180=ORIENTED_EDGE('',*,*,#2447,.T.);
#3181=ORIENTED_EDGE('',*,*,#2443,.T.);
#3182=ORIENTED_EDGE('',*,*,#2441,.T.);
#3183=ORIENTED_EDGE('',*,*,#2448,.T.);
#3184=ORIENTED_EDGE('',*,*,#2449,.F.);
#3185=ORIENTED_EDGE('',*,*,#2450,.F.);
#3186=ORIENTED_EDGE('',*,*,#2451,.F.);
#3187=ORIENTED_EDGE('',*,*,#2452,.F.);
#3188=ORIENTED_EDGE('',*,*,#2451,.T.);
#3189=ORIENTED_EDGE('',*,*,#2453,.T.);
#3190=ORIENTED_EDGE('',*,*,#2454,.T.);
#3191=ORIENTED_EDGE('',*,*,#2455,.F.);
#3192=ORIENTED_EDGE('',*,*,#2450,.T.);
#3193=ORIENTED_EDGE('',*,*,#2456,.T.);
#3194=ORIENTED_EDGE('',*,*,#2457,.T.);
#3195=ORIENTED_EDGE('',*,*,#2453,.F.);
#3196=ORIENTED_EDGE('',*,*,#2454,.F.);
#3197=ORIENTED_EDGE('',*,*,#2457,.F.);
#3198=ORIENTED_EDGE('',*,*,#2458,.F.);
#3199=ORIENTED_EDGE('',*,*,#2459,.F.);
#3200=ORIENTED_EDGE('',*,*,#2449,.T.);
#3201=ORIENTED_EDGE('',*,*,#2460,.F.);
#3202=ORIENTED_EDGE('',*,*,#2458,.T.);
#3203=ORIENTED_EDGE('',*,*,#2456,.F.);
#3204=ORIENTED_EDGE('',*,*,#2452,.T.);
#3205=ORIENTED_EDGE('',*,*,#2455,.T.);
#3206=ORIENTED_EDGE('',*,*,#2459,.T.);
#3207=ORIENTED_EDGE('',*,*,#2460,.T.);
#3208=ORIENTED_EDGE('',*,*,#2461,.F.);
#3209=ORIENTED_EDGE('',*,*,#2462,.F.);
#3210=ORIENTED_EDGE('',*,*,#2463,.F.);
#3211=ORIENTED_EDGE('',*,*,#2464,.F.);
#3212=ORIENTED_EDGE('',*,*,#2463,.T.);
#3213=ORIENTED_EDGE('',*,*,#2465,.F.);
#3214=ORIENTED_EDGE('',*,*,#2466,.T.);
#3215=ORIENTED_EDGE('',*,*,#2467,.T.);
#3216=ORIENTED_EDGE('',*,*,#2462,.T.);
#3217=ORIENTED_EDGE('',*,*,#2468,.T.);
#3218=ORIENTED_EDGE('',*,*,#2469,.T.);
#3219=ORIENTED_EDGE('',*,*,#2465,.T.);
#3220=ORIENTED_EDGE('',*,*,#2466,.F.);
#3221=ORIENTED_EDGE('',*,*,#2469,.F.);
#3222=ORIENTED_EDGE('',*,*,#2470,.F.);
#3223=ORIENTED_EDGE('',*,*,#2471,.F.);
#3224=ORIENTED_EDGE('',*,*,#2461,.T.);
#3225=ORIENTED_EDGE('',*,*,#2472,.F.);
#3226=ORIENTED_EDGE('',*,*,#2470,.T.);
#3227=ORIENTED_EDGE('',*,*,#2468,.F.);
#3228=ORIENTED_EDGE('',*,*,#2464,.T.);
#3229=ORIENTED_EDGE('',*,*,#2467,.F.);
#3230=ORIENTED_EDGE('',*,*,#2471,.T.);
#3231=ORIENTED_EDGE('',*,*,#2472,.T.);
#3232=ORIENTED_EDGE('',*,*,#2473,.F.);
#3233=ORIENTED_EDGE('',*,*,#2474,.F.);
#3234=ORIENTED_EDGE('',*,*,#2475,.F.);
#3235=ORIENTED_EDGE('',*,*,#2476,.F.);
#3236=ORIENTED_EDGE('',*,*,#2475,.T.);
#3237=ORIENTED_EDGE('',*,*,#2477,.F.);
#3238=ORIENTED_EDGE('',*,*,#2478,.T.);
#3239=ORIENTED_EDGE('',*,*,#2479,.T.);
#3240=ORIENTED_EDGE('',*,*,#2474,.T.);
#3241=ORIENTED_EDGE('',*,*,#2480,.T.);
#3242=ORIENTED_EDGE('',*,*,#2481,.T.);
#3243=ORIENTED_EDGE('',*,*,#2477,.T.);
#3244=ORIENTED_EDGE('',*,*,#2478,.F.);
#3245=ORIENTED_EDGE('',*,*,#2481,.F.);
#3246=ORIENTED_EDGE('',*,*,#2482,.F.);
#3247=ORIENTED_EDGE('',*,*,#2483,.F.);
#3248=ORIENTED_EDGE('',*,*,#2473,.T.);
#3249=ORIENTED_EDGE('',*,*,#2484,.F.);
#3250=ORIENTED_EDGE('',*,*,#2482,.T.);
#3251=ORIENTED_EDGE('',*,*,#2480,.F.);
#3252=ORIENTED_EDGE('',*,*,#2476,.T.);
#3253=ORIENTED_EDGE('',*,*,#2479,.F.);
#3254=ORIENTED_EDGE('',*,*,#2483,.T.);
#3255=ORIENTED_EDGE('',*,*,#2484,.T.);
#3256=ORIENTED_EDGE('',*,*,#2485,.F.);
#3257=ORIENTED_EDGE('',*,*,#2486,.F.);
#3258=ORIENTED_EDGE('',*,*,#2487,.F.);
#3259=ORIENTED_EDGE('',*,*,#2488,.F.);
#3260=ORIENTED_EDGE('',*,*,#2487,.T.);
#3261=ORIENTED_EDGE('',*,*,#2489,.F.);
#3262=ORIENTED_EDGE('',*,*,#2490,.T.);
#3263=ORIENTED_EDGE('',*,*,#2491,.T.);
#3264=ORIENTED_EDGE('',*,*,#2486,.T.);
#3265=ORIENTED_EDGE('',*,*,#2492,.T.);
#3266=ORIENTED_EDGE('',*,*,#2493,.T.);
#3267=ORIENTED_EDGE('',*,*,#2489,.T.);
#3268=ORIENTED_EDGE('',*,*,#2490,.F.);
#3269=ORIENTED_EDGE('',*,*,#2493,.F.);
#3270=ORIENTED_EDGE('',*,*,#2494,.F.);
#3271=ORIENTED_EDGE('',*,*,#2495,.F.);
#3272=ORIENTED_EDGE('',*,*,#2485,.T.);
#3273=ORIENTED_EDGE('',*,*,#2496,.F.);
#3274=ORIENTED_EDGE('',*,*,#2494,.T.);
#3275=ORIENTED_EDGE('',*,*,#2492,.F.);
#3276=ORIENTED_EDGE('',*,*,#2488,.T.);
#3277=ORIENTED_EDGE('',*,*,#2491,.F.);
#3278=ORIENTED_EDGE('',*,*,#2495,.T.);
#3279=ORIENTED_EDGE('',*,*,#2496,.T.);
#3280=ORIENTED_EDGE('',*,*,#2497,.F.);
#3281=ORIENTED_EDGE('',*,*,#2498,.F.);
#3282=ORIENTED_EDGE('',*,*,#2499,.F.);
#3283=ORIENTED_EDGE('',*,*,#2500,.F.);
#3284=ORIENTED_EDGE('',*,*,#2499,.T.);
#3285=ORIENTED_EDGE('',*,*,#2501,.F.);
#3286=ORIENTED_EDGE('',*,*,#2502,.T.);
#3287=ORIENTED_EDGE('',*,*,#2503,.T.);
#3288=ORIENTED_EDGE('',*,*,#2498,.T.);
#3289=ORIENTED_EDGE('',*,*,#2504,.T.);
#3290=ORIENTED_EDGE('',*,*,#2505,.T.);
#3291=ORIENTED_EDGE('',*,*,#2501,.T.);
#3292=ORIENTED_EDGE('',*,*,#2502,.F.);
#3293=ORIENTED_EDGE('',*,*,#2505,.F.);
#3294=ORIENTED_EDGE('',*,*,#2506,.F.);
#3295=ORIENTED_EDGE('',*,*,#2507,.F.);
#3296=ORIENTED_EDGE('',*,*,#2497,.T.);
#3297=ORIENTED_EDGE('',*,*,#2508,.F.);
#3298=ORIENTED_EDGE('',*,*,#2506,.T.);
#3299=ORIENTED_EDGE('',*,*,#2504,.F.);
#3300=ORIENTED_EDGE('',*,*,#2500,.T.);
#3301=ORIENTED_EDGE('',*,*,#2503,.F.);
#3302=ORIENTED_EDGE('',*,*,#2507,.T.);
#3303=ORIENTED_EDGE('',*,*,#2508,.T.);
#3304=ORIENTED_EDGE('',*,*,#2509,.F.);
#3305=ORIENTED_EDGE('',*,*,#2510,.F.);
#3306=ORIENTED_EDGE('',*,*,#2511,.F.);
#3307=ORIENTED_EDGE('',*,*,#2512,.F.);
#3308=ORIENTED_EDGE('',*,*,#2511,.T.);
#3309=ORIENTED_EDGE('',*,*,#2513,.T.);
#3310=ORIENTED_EDGE('',*,*,#2514,.T.);
#3311=ORIENTED_EDGE('',*,*,#2515,.F.);
#3312=ORIENTED_EDGE('',*,*,#2510,.T.);
#3313=ORIENTED_EDGE('',*,*,#2516,.T.);
#3314=ORIENTED_EDGE('',*,*,#2517,.T.);
#3315=ORIENTED_EDGE('',*,*,#2513,.F.);
#3316=ORIENTED_EDGE('',*,*,#2514,.F.);
#3317=ORIENTED_EDGE('',*,*,#2517,.F.);
#3318=ORIENTED_EDGE('',*,*,#2518,.F.);
#3319=ORIENTED_EDGE('',*,*,#2519,.F.);
#3320=ORIENTED_EDGE('',*,*,#2509,.T.);
#3321=ORIENTED_EDGE('',*,*,#2520,.F.);
#3322=ORIENTED_EDGE('',*,*,#2518,.T.);
#3323=ORIENTED_EDGE('',*,*,#2516,.F.);
#3324=ORIENTED_EDGE('',*,*,#2512,.T.);
#3325=ORIENTED_EDGE('',*,*,#2515,.T.);
#3326=ORIENTED_EDGE('',*,*,#2519,.T.);
#3327=ORIENTED_EDGE('',*,*,#2520,.T.);
#3328=ORIENTED_EDGE('',*,*,#2521,.F.);
#3329=ORIENTED_EDGE('',*,*,#2522,.F.);
#3330=ORIENTED_EDGE('',*,*,#2523,.F.);
#3331=ORIENTED_EDGE('',*,*,#2524,.F.);
#3332=ORIENTED_EDGE('',*,*,#2523,.T.);
#3333=ORIENTED_EDGE('',*,*,#2525,.T.);
#3334=ORIENTED_EDGE('',*,*,#2526,.T.);
#3335=ORIENTED_EDGE('',*,*,#2527,.F.);
#3336=ORIENTED_EDGE('',*,*,#2522,.T.);
#3337=ORIENTED_EDGE('',*,*,#2528,.T.);
#3338=ORIENTED_EDGE('',*,*,#2529,.T.);
#3339=ORIENTED_EDGE('',*,*,#2525,.F.);
#3340=ORIENTED_EDGE('',*,*,#2526,.F.);
#3341=ORIENTED_EDGE('',*,*,#2529,.F.);
#3342=ORIENTED_EDGE('',*,*,#2530,.F.);
#3343=ORIENTED_EDGE('',*,*,#2531,.F.);
#3344=ORIENTED_EDGE('',*,*,#2521,.T.);
#3345=ORIENTED_EDGE('',*,*,#2532,.F.);
#3346=ORIENTED_EDGE('',*,*,#2530,.T.);
#3347=ORIENTED_EDGE('',*,*,#2528,.F.);
#3348=ORIENTED_EDGE('',*,*,#2524,.T.);
#3349=ORIENTED_EDGE('',*,*,#2527,.T.);
#3350=ORIENTED_EDGE('',*,*,#2531,.T.);
#3351=ORIENTED_EDGE('',*,*,#2532,.T.);
#3352=ORIENTED_EDGE('',*,*,#2533,.F.);
#3353=ORIENTED_EDGE('',*,*,#2534,.F.);
#3354=ORIENTED_EDGE('',*,*,#2535,.F.);
#3355=ORIENTED_EDGE('',*,*,#2536,.F.);
#3356=ORIENTED_EDGE('',*,*,#2535,.T.);
#3357=ORIENTED_EDGE('',*,*,#2537,.T.);
#3358=ORIENTED_EDGE('',*,*,#2538,.T.);
#3359=ORIENTED_EDGE('',*,*,#2539,.F.);
#3360=ORIENTED_EDGE('',*,*,#2534,.T.);
#3361=ORIENTED_EDGE('',*,*,#2540,.T.);
#3362=ORIENTED_EDGE('',*,*,#2541,.T.);
#3363=ORIENTED_EDGE('',*,*,#2537,.F.);
#3364=ORIENTED_EDGE('',*,*,#2538,.F.);
#3365=ORIENTED_EDGE('',*,*,#2541,.F.);
#3366=ORIENTED_EDGE('',*,*,#2542,.F.);
#3367=ORIENTED_EDGE('',*,*,#2543,.F.);
#3368=ORIENTED_EDGE('',*,*,#2533,.T.);
#3369=ORIENTED_EDGE('',*,*,#2544,.F.);
#3370=ORIENTED_EDGE('',*,*,#2542,.T.);
#3371=ORIENTED_EDGE('',*,*,#2540,.F.);
#3372=ORIENTED_EDGE('',*,*,#2536,.T.);
#3373=ORIENTED_EDGE('',*,*,#2539,.T.);
#3374=ORIENTED_EDGE('',*,*,#2543,.T.);
#3375=ORIENTED_EDGE('',*,*,#2544,.T.);
#3376=ORIENTED_EDGE('',*,*,#2545,.F.);
#3377=ORIENTED_EDGE('',*,*,#2546,.F.);
#3378=ORIENTED_EDGE('',*,*,#2547,.F.);
#3379=ORIENTED_EDGE('',*,*,#2548,.F.);
#3380=ORIENTED_EDGE('',*,*,#2547,.T.);
#3381=ORIENTED_EDGE('',*,*,#2549,.T.);
#3382=ORIENTED_EDGE('',*,*,#2550,.T.);
#3383=ORIENTED_EDGE('',*,*,#2551,.F.);
#3384=ORIENTED_EDGE('',*,*,#2546,.T.);
#3385=ORIENTED_EDGE('',*,*,#2552,.T.);
#3386=ORIENTED_EDGE('',*,*,#2553,.T.);
#3387=ORIENTED_EDGE('',*,*,#2549,.F.);
#3388=ORIENTED_EDGE('',*,*,#2550,.F.);
#3389=ORIENTED_EDGE('',*,*,#2553,.F.);
#3390=ORIENTED_EDGE('',*,*,#2554,.F.);
#3391=ORIENTED_EDGE('',*,*,#2555,.F.);
#3392=ORIENTED_EDGE('',*,*,#2545,.T.);
#3393=ORIENTED_EDGE('',*,*,#2556,.F.);
#3394=ORIENTED_EDGE('',*,*,#2554,.T.);
#3395=ORIENTED_EDGE('',*,*,#2552,.F.);
#3396=ORIENTED_EDGE('',*,*,#2548,.T.);
#3397=ORIENTED_EDGE('',*,*,#2551,.T.);
#3398=ORIENTED_EDGE('',*,*,#2555,.T.);
#3399=ORIENTED_EDGE('',*,*,#2556,.T.);
#3400=ORIENTED_EDGE('',*,*,#2557,.F.);
#3401=ORIENTED_EDGE('',*,*,#2558,.F.);
#3402=ORIENTED_EDGE('',*,*,#2559,.F.);
#3403=ORIENTED_EDGE('',*,*,#2560,.F.);
#3404=ORIENTED_EDGE('',*,*,#2559,.T.);
#3405=ORIENTED_EDGE('',*,*,#2561,.T.);
#3406=ORIENTED_EDGE('',*,*,#2562,.T.);
#3407=ORIENTED_EDGE('',*,*,#2563,.F.);
#3408=ORIENTED_EDGE('',*,*,#2558,.T.);
#3409=ORIENTED_EDGE('',*,*,#2564,.T.);
#3410=ORIENTED_EDGE('',*,*,#2565,.T.);
#3411=ORIENTED_EDGE('',*,*,#2561,.F.);
#3412=ORIENTED_EDGE('',*,*,#2562,.F.);
#3413=ORIENTED_EDGE('',*,*,#2565,.F.);
#3414=ORIENTED_EDGE('',*,*,#2566,.F.);
#3415=ORIENTED_EDGE('',*,*,#2567,.F.);
#3416=ORIENTED_EDGE('',*,*,#2557,.T.);
#3417=ORIENTED_EDGE('',*,*,#2568,.F.);
#3418=ORIENTED_EDGE('',*,*,#2566,.T.);
#3419=ORIENTED_EDGE('',*,*,#2564,.F.);
#3420=ORIENTED_EDGE('',*,*,#2560,.T.);
#3421=ORIENTED_EDGE('',*,*,#2563,.T.);
#3422=ORIENTED_EDGE('',*,*,#2567,.T.);
#3423=ORIENTED_EDGE('',*,*,#2568,.T.);
#3424=ORIENTED_EDGE('',*,*,#2569,.F.);
#3425=ORIENTED_EDGE('',*,*,#2570,.F.);
#3426=ORIENTED_EDGE('',*,*,#2571,.F.);
#3427=ORIENTED_EDGE('',*,*,#2572,.F.);
#3428=ORIENTED_EDGE('',*,*,#2571,.T.);
#3429=ORIENTED_EDGE('',*,*,#2573,.T.);
#3430=ORIENTED_EDGE('',*,*,#2574,.T.);
#3431=ORIENTED_EDGE('',*,*,#2575,.F.);
#3432=ORIENTED_EDGE('',*,*,#2570,.T.);
#3433=ORIENTED_EDGE('',*,*,#2576,.T.);
#3434=ORIENTED_EDGE('',*,*,#2577,.T.);
#3435=ORIENTED_EDGE('',*,*,#2573,.F.);
#3436=ORIENTED_EDGE('',*,*,#2574,.F.);
#3437=ORIENTED_EDGE('',*,*,#2577,.F.);
#3438=ORIENTED_EDGE('',*,*,#2578,.F.);
#3439=ORIENTED_EDGE('',*,*,#2579,.F.);
#3440=ORIENTED_EDGE('',*,*,#2569,.T.);
#3441=ORIENTED_EDGE('',*,*,#2580,.F.);
#3442=ORIENTED_EDGE('',*,*,#2578,.T.);
#3443=ORIENTED_EDGE('',*,*,#2576,.F.);
#3444=ORIENTED_EDGE('',*,*,#2572,.T.);
#3445=ORIENTED_EDGE('',*,*,#2575,.T.);
#3446=ORIENTED_EDGE('',*,*,#2579,.T.);
#3447=ORIENTED_EDGE('',*,*,#2580,.T.);
#3448=ORIENTED_EDGE('',*,*,#2581,.F.);
#3449=ORIENTED_EDGE('',*,*,#2582,.F.);
#3450=ORIENTED_EDGE('',*,*,#2583,.F.);
#3451=ORIENTED_EDGE('',*,*,#2584,.F.);
#3452=ORIENTED_EDGE('',*,*,#2585,.F.);
#3453=ORIENTED_EDGE('',*,*,#2584,.T.);
#3454=ORIENTED_EDGE('',*,*,#2586,.T.);
#3455=ORIENTED_EDGE('',*,*,#2587,.T.);
#3456=ORIENTED_EDGE('',*,*,#2588,.F.);
#3457=ORIENTED_EDGE('',*,*,#2583,.T.);
#3458=ORIENTED_EDGE('',*,*,#2589,.T.);
#3459=ORIENTED_EDGE('',*,*,#2590,.T.);
#3460=ORIENTED_EDGE('',*,*,#2591,.F.);
#3461=ORIENTED_EDGE('',*,*,#2592,.T.);
#3462=ORIENTED_EDGE('',*,*,#2586,.F.);
#3463=ORIENTED_EDGE('',*,*,#2593,.F.);
#3464=ORIENTED_EDGE('',*,*,#2594,.F.);
#3465=ORIENTED_EDGE('',*,*,#2595,.F.);
#3466=ORIENTED_EDGE('',*,*,#2587,.F.);
#3467=ORIENTED_EDGE('',*,*,#2592,.F.);
#3468=ORIENTED_EDGE('',*,*,#2585,.T.);
#3469=ORIENTED_EDGE('',*,*,#2588,.T.);
#3470=ORIENTED_EDGE('',*,*,#2595,.T.);
#3471=ORIENTED_EDGE('',*,*,#2596,.T.);
#3472=ORIENTED_EDGE('',*,*,#2582,.T.);
#3473=ORIENTED_EDGE('',*,*,#2597,.F.);
#3474=ORIENTED_EDGE('',*,*,#2589,.F.);
#3475=ORIENTED_EDGE('',*,*,#2581,.T.);
#3476=ORIENTED_EDGE('',*,*,#2596,.F.);
#3477=ORIENTED_EDGE('',*,*,#2594,.T.);
#3478=ORIENTED_EDGE('',*,*,#2598,.F.);
#3479=ORIENTED_EDGE('',*,*,#2590,.F.);
#3480=ORIENTED_EDGE('',*,*,#2597,.T.);
#3481=ORIENTED_EDGE('',*,*,#2593,.T.);
#3482=ORIENTED_EDGE('',*,*,#2591,.T.);
#3483=ORIENTED_EDGE('',*,*,#2598,.T.);
#3484=ORIENTED_EDGE('',*,*,#2599,.F.);
#3485=ORIENTED_EDGE('',*,*,#2600,.F.);
#3486=ORIENTED_EDGE('',*,*,#2601,.F.);
#3487=ORIENTED_EDGE('',*,*,#2602,.F.);
#3488=ORIENTED_EDGE('',*,*,#2603,.F.);
#3489=ORIENTED_EDGE('',*,*,#2602,.T.);
#3490=ORIENTED_EDGE('',*,*,#2604,.T.);
#3491=ORIENTED_EDGE('',*,*,#2605,.T.);
#3492=ORIENTED_EDGE('',*,*,#2606,.F.);
#3493=ORIENTED_EDGE('',*,*,#2601,.T.);
#3494=ORIENTED_EDGE('',*,*,#2607,.T.);
#3495=ORIENTED_EDGE('',*,*,#2608,.T.);
#3496=ORIENTED_EDGE('',*,*,#2609,.F.);
#3497=ORIENTED_EDGE('',*,*,#2610,.T.);
#3498=ORIENTED_EDGE('',*,*,#2604,.F.);
#3499=ORIENTED_EDGE('',*,*,#2611,.F.);
#3500=ORIENTED_EDGE('',*,*,#2612,.F.);
#3501=ORIENTED_EDGE('',*,*,#2613,.F.);
#3502=ORIENTED_EDGE('',*,*,#2605,.F.);
#3503=ORIENTED_EDGE('',*,*,#2610,.F.);
#3504=ORIENTED_EDGE('',*,*,#2603,.T.);
#3505=ORIENTED_EDGE('',*,*,#2606,.T.);
#3506=ORIENTED_EDGE('',*,*,#2613,.T.);
#3507=ORIENTED_EDGE('',*,*,#2614,.T.);
#3508=ORIENTED_EDGE('',*,*,#2600,.T.);
#3509=ORIENTED_EDGE('',*,*,#2615,.F.);
#3510=ORIENTED_EDGE('',*,*,#2607,.F.);
#3511=ORIENTED_EDGE('',*,*,#2599,.T.);
#3512=ORIENTED_EDGE('',*,*,#2614,.F.);
#3513=ORIENTED_EDGE('',*,*,#2612,.T.);
#3514=ORIENTED_EDGE('',*,*,#2616,.F.);
#3515=ORIENTED_EDGE('',*,*,#2608,.F.);
#3516=ORIENTED_EDGE('',*,*,#2615,.T.);
#3517=ORIENTED_EDGE('',*,*,#2611,.T.);
#3518=ORIENTED_EDGE('',*,*,#2609,.T.);
#3519=ORIENTED_EDGE('',*,*,#2616,.T.);
#3520=ORIENTED_EDGE('',*,*,#2617,.F.);
#3521=ORIENTED_EDGE('',*,*,#2618,.F.);
#3522=ORIENTED_EDGE('',*,*,#2619,.F.);
#3523=ORIENTED_EDGE('',*,*,#2620,.F.);
#3524=ORIENTED_EDGE('',*,*,#2619,.T.);
#3525=ORIENTED_EDGE('',*,*,#2621,.T.);
#3526=ORIENTED_EDGE('',*,*,#2622,.T.);
#3527=ORIENTED_EDGE('',*,*,#2623,.F.);
#3528=ORIENTED_EDGE('',*,*,#2618,.T.);
#3529=ORIENTED_EDGE('',*,*,#2624,.T.);
#3530=ORIENTED_EDGE('',*,*,#2625,.T.);
#3531=ORIENTED_EDGE('',*,*,#2621,.F.);
#3532=ORIENTED_EDGE('',*,*,#2622,.F.);
#3533=ORIENTED_EDGE('',*,*,#2625,.F.);
#3534=ORIENTED_EDGE('',*,*,#2626,.F.);
#3535=ORIENTED_EDGE('',*,*,#2627,.F.);
#3536=ORIENTED_EDGE('',*,*,#2617,.T.);
#3537=ORIENTED_EDGE('',*,*,#2628,.F.);
#3538=ORIENTED_EDGE('',*,*,#2626,.T.);
#3539=ORIENTED_EDGE('',*,*,#2624,.F.);
#3540=ORIENTED_EDGE('',*,*,#2620,.T.);
#3541=ORIENTED_EDGE('',*,*,#2623,.T.);
#3542=ORIENTED_EDGE('',*,*,#2627,.T.);
#3543=ORIENTED_EDGE('',*,*,#2628,.T.);
#3544=ORIENTED_EDGE('',*,*,#2629,.F.);
#3545=ORIENTED_EDGE('',*,*,#2630,.F.);
#3546=ORIENTED_EDGE('',*,*,#2631,.F.);
#3547=ORIENTED_EDGE('',*,*,#2632,.F.);
#3548=ORIENTED_EDGE('',*,*,#2631,.T.);
#3549=ORIENTED_EDGE('',*,*,#2633,.T.);
#3550=ORIENTED_EDGE('',*,*,#2634,.T.);
#3551=ORIENTED_EDGE('',*,*,#2635,.F.);
#3552=ORIENTED_EDGE('',*,*,#2630,.T.);
#3553=ORIENTED_EDGE('',*,*,#2636,.T.);
#3554=ORIENTED_EDGE('',*,*,#2637,.T.);
#3555=ORIENTED_EDGE('',*,*,#2633,.F.);
#3556=ORIENTED_EDGE('',*,*,#2634,.F.);
#3557=ORIENTED_EDGE('',*,*,#2637,.F.);
#3558=ORIENTED_EDGE('',*,*,#2638,.F.);
#3559=ORIENTED_EDGE('',*,*,#2639,.F.);
#3560=ORIENTED_EDGE('',*,*,#2629,.T.);
#3561=ORIENTED_EDGE('',*,*,#2640,.F.);
#3562=ORIENTED_EDGE('',*,*,#2638,.T.);
#3563=ORIENTED_EDGE('',*,*,#2636,.F.);
#3564=ORIENTED_EDGE('',*,*,#2632,.T.);
#3565=ORIENTED_EDGE('',*,*,#2635,.T.);
#3566=ORIENTED_EDGE('',*,*,#2639,.T.);
#3567=ORIENTED_EDGE('',*,*,#2640,.T.);
#3568=ORIENTED_EDGE('',*,*,#2641,.F.);
#3569=ORIENTED_EDGE('',*,*,#2642,.F.);
#3570=ORIENTED_EDGE('',*,*,#2643,.F.);
#3571=ORIENTED_EDGE('',*,*,#2644,.F.);
#3572=ORIENTED_EDGE('',*,*,#2643,.T.);
#3573=ORIENTED_EDGE('',*,*,#2645,.F.);
#3574=ORIENTED_EDGE('',*,*,#2646,.T.);
#3575=ORIENTED_EDGE('',*,*,#2647,.T.);
#3576=ORIENTED_EDGE('',*,*,#2642,.T.);
#3577=ORIENTED_EDGE('',*,*,#2648,.T.);
#3578=ORIENTED_EDGE('',*,*,#2649,.T.);
#3579=ORIENTED_EDGE('',*,*,#2645,.T.);
#3580=ORIENTED_EDGE('',*,*,#2646,.F.);
#3581=ORIENTED_EDGE('',*,*,#2649,.F.);
#3582=ORIENTED_EDGE('',*,*,#2650,.F.);
#3583=ORIENTED_EDGE('',*,*,#2651,.F.);
#3584=ORIENTED_EDGE('',*,*,#2641,.T.);
#3585=ORIENTED_EDGE('',*,*,#2652,.F.);
#3586=ORIENTED_EDGE('',*,*,#2650,.T.);
#3587=ORIENTED_EDGE('',*,*,#2648,.F.);
#3588=ORIENTED_EDGE('',*,*,#2644,.T.);
#3589=ORIENTED_EDGE('',*,*,#2647,.F.);
#3590=ORIENTED_EDGE('',*,*,#2651,.T.);
#3591=ORIENTED_EDGE('',*,*,#2652,.T.);
#3592=ORIENTED_EDGE('',*,*,#2653,.F.);
#3593=ORIENTED_EDGE('',*,*,#2654,.F.);
#3594=ORIENTED_EDGE('',*,*,#2655,.F.);
#3595=ORIENTED_EDGE('',*,*,#2656,.F.);
#3596=ORIENTED_EDGE('',*,*,#2655,.T.);
#3597=ORIENTED_EDGE('',*,*,#2657,.F.);
#3598=ORIENTED_EDGE('',*,*,#2658,.T.);
#3599=ORIENTED_EDGE('',*,*,#2659,.T.);
#3600=ORIENTED_EDGE('',*,*,#2654,.T.);
#3601=ORIENTED_EDGE('',*,*,#2660,.T.);
#3602=ORIENTED_EDGE('',*,*,#2661,.T.);
#3603=ORIENTED_EDGE('',*,*,#2657,.T.);
#3604=ORIENTED_EDGE('',*,*,#2658,.F.);
#3605=ORIENTED_EDGE('',*,*,#2661,.F.);
#3606=ORIENTED_EDGE('',*,*,#2662,.F.);
#3607=ORIENTED_EDGE('',*,*,#2663,.F.);
#3608=ORIENTED_EDGE('',*,*,#2653,.T.);
#3609=ORIENTED_EDGE('',*,*,#2664,.F.);
#3610=ORIENTED_EDGE('',*,*,#2662,.T.);
#3611=ORIENTED_EDGE('',*,*,#2660,.F.);
#3612=ORIENTED_EDGE('',*,*,#2656,.T.);
#3613=ORIENTED_EDGE('',*,*,#2659,.F.);
#3614=ORIENTED_EDGE('',*,*,#2663,.T.);
#3615=ORIENTED_EDGE('',*,*,#2664,.T.);
#3616=ORIENTED_EDGE('',*,*,#2665,.F.);
#3617=ORIENTED_EDGE('',*,*,#2666,.F.);
#3618=ORIENTED_EDGE('',*,*,#2667,.F.);
#3619=ORIENTED_EDGE('',*,*,#2668,.F.);
#3620=ORIENTED_EDGE('',*,*,#2667,.T.);
#3621=ORIENTED_EDGE('',*,*,#2669,.F.);
#3622=ORIENTED_EDGE('',*,*,#2670,.T.);
#3623=ORIENTED_EDGE('',*,*,#2671,.T.);
#3624=ORIENTED_EDGE('',*,*,#2666,.T.);
#3625=ORIENTED_EDGE('',*,*,#2672,.T.);
#3626=ORIENTED_EDGE('',*,*,#2673,.T.);
#3627=ORIENTED_EDGE('',*,*,#2669,.T.);
#3628=ORIENTED_EDGE('',*,*,#2670,.F.);
#3629=ORIENTED_EDGE('',*,*,#2673,.F.);
#3630=ORIENTED_EDGE('',*,*,#2674,.F.);
#3631=ORIENTED_EDGE('',*,*,#2675,.F.);
#3632=ORIENTED_EDGE('',*,*,#2665,.T.);
#3633=ORIENTED_EDGE('',*,*,#2676,.F.);
#3634=ORIENTED_EDGE('',*,*,#2674,.T.);
#3635=ORIENTED_EDGE('',*,*,#2672,.F.);
#3636=ORIENTED_EDGE('',*,*,#2668,.T.);
#3637=ORIENTED_EDGE('',*,*,#2671,.F.);
#3638=ORIENTED_EDGE('',*,*,#2675,.T.);
#3639=ORIENTED_EDGE('',*,*,#2676,.T.);
#3640=ORIENTED_EDGE('',*,*,#2677,.F.);
#3641=ORIENTED_EDGE('',*,*,#2678,.F.);
#3642=ORIENTED_EDGE('',*,*,#2679,.F.);
#3643=ORIENTED_EDGE('',*,*,#2680,.F.);
#3644=ORIENTED_EDGE('',*,*,#2679,.T.);
#3645=ORIENTED_EDGE('',*,*,#2681,.F.);
#3646=ORIENTED_EDGE('',*,*,#2682,.T.);
#3647=ORIENTED_EDGE('',*,*,#2683,.T.);
#3648=ORIENTED_EDGE('',*,*,#2678,.T.);
#3649=ORIENTED_EDGE('',*,*,#2684,.T.);
#3650=ORIENTED_EDGE('',*,*,#2685,.T.);
#3651=ORIENTED_EDGE('',*,*,#2681,.T.);
#3652=ORIENTED_EDGE('',*,*,#2682,.F.);
#3653=ORIENTED_EDGE('',*,*,#2685,.F.);
#3654=ORIENTED_EDGE('',*,*,#2686,.F.);
#3655=ORIENTED_EDGE('',*,*,#2687,.F.);
#3656=ORIENTED_EDGE('',*,*,#2677,.T.);
#3657=ORIENTED_EDGE('',*,*,#2688,.F.);
#3658=ORIENTED_EDGE('',*,*,#2686,.T.);
#3659=ORIENTED_EDGE('',*,*,#2684,.F.);
#3660=ORIENTED_EDGE('',*,*,#2680,.T.);
#3661=ORIENTED_EDGE('',*,*,#2683,.F.);
#3662=ORIENTED_EDGE('',*,*,#2687,.T.);
#3663=ORIENTED_EDGE('',*,*,#2688,.T.);
#3664=ORIENTED_EDGE('',*,*,#2689,.T.);
#3665=ORIENTED_EDGE('',*,*,#2690,.T.);
#3666=ORIENTED_EDGE('',*,*,#2691,.T.);
#3667=ORIENTED_EDGE('',*,*,#2692,.T.);
#3668=ORIENTED_EDGE('',*,*,#2690,.F.);
#3669=ORIENTED_EDGE('',*,*,#2693,.F.);
#3670=ORIENTED_EDGE('',*,*,#2694,.F.);
#3671=ORIENTED_EDGE('',*,*,#2695,.T.);
#3672=ORIENTED_EDGE('',*,*,#2696,.T.);
#3673=ORIENTED_EDGE('',*,*,#2697,.T.);
#3674=ORIENTED_EDGE('',*,*,#2698,.T.);
#3675=ORIENTED_EDGE('',*,*,#2694,.T.);
#3676=ORIENTED_EDGE('',*,*,#2697,.F.);
#3677=ORIENTED_EDGE('',*,*,#2699,.T.);
#3678=ORIENTED_EDGE('',*,*,#2700,.F.);
#3679=ORIENTED_EDGE('',*,*,#2701,.F.);
#3680=ORIENTED_EDGE('',*,*,#2702,.T.);
#3681=ORIENTED_EDGE('',*,*,#2703,.T.);
#3682=ORIENTED_EDGE('',*,*,#2704,.F.);
#3683=ORIENTED_EDGE('',*,*,#2705,.F.);
#3684=ORIENTED_EDGE('',*,*,#2706,.T.);
#3685=ORIENTED_EDGE('',*,*,#2704,.T.);
#3686=ORIENTED_EDGE('',*,*,#2707,.T.);
#3687=ORIENTED_EDGE('',*,*,#2700,.T.);
#3688=ORIENTED_EDGE('',*,*,#2702,.F.);
#3689=ORIENTED_EDGE('',*,*,#2708,.T.);
#3690=ORIENTED_EDGE('',*,*,#2709,.F.);
#3691=ORIENTED_EDGE('',*,*,#2710,.F.);
#3692=ORIENTED_EDGE('',*,*,#2711,.F.);
#3693=ORIENTED_EDGE('',*,*,#2712,.T.);
#3694=ORIENTED_EDGE('',*,*,#2713,.F.);
#3695=ORIENTED_EDGE('',*,*,#2691,.F.);
#3696=ORIENTED_EDGE('',*,*,#2695,.F.);
#3697=ORIENTED_EDGE('',*,*,#2698,.F.);
#3698=ORIENTED_EDGE('',*,*,#2701,.T.);
#3699=ORIENTED_EDGE('',*,*,#2707,.F.);
#3700=ORIENTED_EDGE('',*,*,#2703,.F.);
#3701=ORIENTED_EDGE('',*,*,#2710,.T.);
#3702=ORIENTED_EDGE('',*,*,#2714,.F.);
#3703=ORIENTED_EDGE('',*,*,#2715,.F.);
#3704=ORIENTED_EDGE('',*,*,#2711,.T.);
#3705=ORIENTED_EDGE('',*,*,#2709,.T.);
#3706=ORIENTED_EDGE('',*,*,#2716,.F.);
#3707=ORIENTED_EDGE('',*,*,#2717,.F.);
#3708=ORIENTED_EDGE('',*,*,#2714,.T.);
#3709=ORIENTED_EDGE('',*,*,#2708,.F.);
#3710=ORIENTED_EDGE('',*,*,#2705,.T.);
#3711=ORIENTED_EDGE('',*,*,#2706,.F.);
#3712=ORIENTED_EDGE('',*,*,#2699,.F.);
#3713=ORIENTED_EDGE('',*,*,#2696,.F.);
#3714=ORIENTED_EDGE('',*,*,#2693,.T.);
#3715=ORIENTED_EDGE('',*,*,#2689,.F.);
#3716=ORIENTED_EDGE('',*,*,#2715,.T.);
#3717=ORIENTED_EDGE('',*,*,#2717,.T.);
#3718=ORIENTED_EDGE('',*,*,#2718,.F.);
#3719=ORIENTED_EDGE('',*,*,#2712,.F.);
#3720=ORIENTED_EDGE('',*,*,#2692,.F.);
#3721=ORIENTED_EDGE('',*,*,#2713,.T.);
#3722=ORIENTED_EDGE('',*,*,#2718,.T.);
#3723=ORIENTED_EDGE('',*,*,#2716,.T.);
#3724=ORIENTED_EDGE('',*,*,#2719,.F.);
#3725=ORIENTED_EDGE('',*,*,#2720,.T.);
#3726=ORIENTED_EDGE('',*,*,#2721,.T.);
#3727=ORIENTED_EDGE('',*,*,#2722,.T.);
#3728=ORIENTED_EDGE('',*,*,#2723,.T.);
#3729=ORIENTED_EDGE('',*,*,#2724,.T.);
#3730=ORIENTED_EDGE('',*,*,#2721,.F.);
#3731=ORIENTED_EDGE('',*,*,#2725,.F.);
#3732=ORIENTED_EDGE('',*,*,#2722,.F.);
#3733=ORIENTED_EDGE('',*,*,#2724,.F.);
#3734=ORIENTED_EDGE('',*,*,#2726,.T.);
#3735=ORIENTED_EDGE('',*,*,#2727,.F.);
#3736=ORIENTED_EDGE('',*,*,#2728,.T.);
#3737=ORIENTED_EDGE('',*,*,#2729,.F.);
#3738=ORIENTED_EDGE('',*,*,#2730,.F.);
#3739=ORIENTED_EDGE('',*,*,#2731,.F.);
#3740=ORIENTED_EDGE('',*,*,#2732,.T.);
#3741=ORIENTED_EDGE('',*,*,#2733,.F.);
#3742=ORIENTED_EDGE('',*,*,#2726,.F.);
#3743=ORIENTED_EDGE('',*,*,#2723,.F.);
#3744=ORIENTED_EDGE('',*,*,#2734,.T.);
#3745=ORIENTED_EDGE('',*,*,#2735,.T.);
#3746=ORIENTED_EDGE('',*,*,#2734,.F.);
#3747=ORIENTED_EDGE('',*,*,#2725,.T.);
#3748=ORIENTED_EDGE('',*,*,#2720,.F.);
#3749=ORIENTED_EDGE('',*,*,#2736,.F.);
#3750=ORIENTED_EDGE('',*,*,#2737,.F.);
#3751=ORIENTED_EDGE('',*,*,#2738,.F.);
#3752=ORIENTED_EDGE('',*,*,#2739,.T.);
#3753=ORIENTED_EDGE('',*,*,#2740,.F.);
#3754=ORIENTED_EDGE('',*,*,#2741,.F.);
#3755=ORIENTED_EDGE('',*,*,#2742,.T.);
#3756=ORIENTED_EDGE('',*,*,#2743,.F.);
#3757=ORIENTED_EDGE('',*,*,#2727,.T.);
#3758=ORIENTED_EDGE('',*,*,#2735,.F.);
#3759=ORIENTED_EDGE('',*,*,#2742,.F.);
#3760=ORIENTED_EDGE('',*,*,#2729,.T.);
#3761=ORIENTED_EDGE('',*,*,#2744,.T.);
#3762=ORIENTED_EDGE('',*,*,#2740,.T.);
#3763=ORIENTED_EDGE('',*,*,#2745,.T.);
#3764=ORIENTED_EDGE('',*,*,#2743,.T.);
#3765=ORIENTED_EDGE('',*,*,#2741,.T.);
#3766=ORIENTED_EDGE('',*,*,#2744,.F.);
#3767=ORIENTED_EDGE('',*,*,#2728,.F.);
#3768=ORIENTED_EDGE('',*,*,#2746,.F.);
#3769=ORIENTED_EDGE('',*,*,#2730,.T.);
#3770=ORIENTED_EDGE('',*,*,#2745,.F.);
#3771=ORIENTED_EDGE('',*,*,#2739,.F.);
#3772=ORIENTED_EDGE('',*,*,#2731,.T.);
#3773=ORIENTED_EDGE('',*,*,#2746,.T.);
#3774=ORIENTED_EDGE('',*,*,#2738,.T.);
#3775=ORIENTED_EDGE('',*,*,#2747,.T.);
#3776=ORIENTED_EDGE('',*,*,#2748,.F.);
#3777=ORIENTED_EDGE('',*,*,#2732,.F.);
#3778=ORIENTED_EDGE('',*,*,#2747,.F.);
#3779=ORIENTED_EDGE('',*,*,#2737,.T.);
#3780=ORIENTED_EDGE('',*,*,#2733,.T.);
#3781=ORIENTED_EDGE('',*,*,#2748,.T.);
#3782=ORIENTED_EDGE('',*,*,#2736,.T.);
#3783=ORIENTED_EDGE('',*,*,#2719,.T.);
#3784=ORIENTED_EDGE('',*,*,#2749,.T.);
#3785=ORIENTED_EDGE('',*,*,#2750,.T.);
#3786=ORIENTED_EDGE('',*,*,#2751,.T.);
#3787=ORIENTED_EDGE('',*,*,#2752,.T.);
#3788=ORIENTED_EDGE('',*,*,#2750,.F.);
#3789=ORIENTED_EDGE('',*,*,#2753,.F.);
#3790=ORIENTED_EDGE('',*,*,#2754,.F.);
#3791=ORIENTED_EDGE('',*,*,#2755,.T.);
#3792=ORIENTED_EDGE('',*,*,#2756,.T.);
#3793=ORIENTED_EDGE('',*,*,#2757,.T.);
#3794=ORIENTED_EDGE('',*,*,#2758,.T.);
#3795=ORIENTED_EDGE('',*,*,#2754,.T.);
#3796=ORIENTED_EDGE('',*,*,#2757,.F.);
#3797=ORIENTED_EDGE('',*,*,#2759,.T.);
#3798=ORIENTED_EDGE('',*,*,#2760,.F.);
#3799=ORIENTED_EDGE('',*,*,#2761,.F.);
#3800=ORIENTED_EDGE('',*,*,#2762,.T.);
#3801=ORIENTED_EDGE('',*,*,#2763,.T.);
#3802=ORIENTED_EDGE('',*,*,#2764,.F.);
#3803=ORIENTED_EDGE('',*,*,#2765,.F.);
#3804=ORIENTED_EDGE('',*,*,#2766,.T.);
#3805=ORIENTED_EDGE('',*,*,#2764,.T.);
#3806=ORIENTED_EDGE('',*,*,#2767,.T.);
#3807=ORIENTED_EDGE('',*,*,#2760,.T.);
#3808=ORIENTED_EDGE('',*,*,#2762,.F.);
#3809=ORIENTED_EDGE('',*,*,#2768,.T.);
#3810=ORIENTED_EDGE('',*,*,#2769,.F.);
#3811=ORIENTED_EDGE('',*,*,#2770,.F.);
#3812=ORIENTED_EDGE('',*,*,#2771,.F.);
#3813=ORIENTED_EDGE('',*,*,#2772,.T.);
#3814=ORIENTED_EDGE('',*,*,#2773,.F.);
#3815=ORIENTED_EDGE('',*,*,#2751,.F.);
#3816=ORIENTED_EDGE('',*,*,#2755,.F.);
#3817=ORIENTED_EDGE('',*,*,#2758,.F.);
#3818=ORIENTED_EDGE('',*,*,#2761,.T.);
#3819=ORIENTED_EDGE('',*,*,#2767,.F.);
#3820=ORIENTED_EDGE('',*,*,#2763,.F.);
#3821=ORIENTED_EDGE('',*,*,#2770,.T.);
#3822=ORIENTED_EDGE('',*,*,#2774,.F.);
#3823=ORIENTED_EDGE('',*,*,#2775,.F.);
#3824=ORIENTED_EDGE('',*,*,#2771,.T.);
#3825=ORIENTED_EDGE('',*,*,#2769,.T.);
#3826=ORIENTED_EDGE('',*,*,#2776,.F.);
#3827=ORIENTED_EDGE('',*,*,#2777,.F.);
#3828=ORIENTED_EDGE('',*,*,#2774,.T.);
#3829=ORIENTED_EDGE('',*,*,#2768,.F.);
#3830=ORIENTED_EDGE('',*,*,#2765,.T.);
#3831=ORIENTED_EDGE('',*,*,#2766,.F.);
#3832=ORIENTED_EDGE('',*,*,#2759,.F.);
#3833=ORIENTED_EDGE('',*,*,#2756,.F.);
#3834=ORIENTED_EDGE('',*,*,#2753,.T.);
#3835=ORIENTED_EDGE('',*,*,#2749,.F.);
#3836=ORIENTED_EDGE('',*,*,#2775,.T.);
#3837=ORIENTED_EDGE('',*,*,#2777,.T.);
#3838=ORIENTED_EDGE('',*,*,#2778,.F.);
#3839=ORIENTED_EDGE('',*,*,#2772,.F.);
#3840=ORIENTED_EDGE('',*,*,#2752,.F.);
#3841=ORIENTED_EDGE('',*,*,#2773,.T.);
#3842=ORIENTED_EDGE('',*,*,#2778,.T.);
#3843=ORIENTED_EDGE('',*,*,#2776,.T.);
#3844=ORIENTED_EDGE('',*,*,#2779,.F.);
#3845=ORIENTED_EDGE('',*,*,#2780,.T.);
#3846=ORIENTED_EDGE('',*,*,#2781,.T.);
#3847=ORIENTED_EDGE('',*,*,#2782,.T.);
#3848=ORIENTED_EDGE('',*,*,#2783,.T.);
#3849=ORIENTED_EDGE('',*,*,#2784,.T.);
#3850=ORIENTED_EDGE('',*,*,#2781,.F.);
#3851=ORIENTED_EDGE('',*,*,#2785,.F.);
#3852=ORIENTED_EDGE('',*,*,#2782,.F.);
#3853=ORIENTED_EDGE('',*,*,#2784,.F.);
#3854=ORIENTED_EDGE('',*,*,#2786,.T.);
#3855=ORIENTED_EDGE('',*,*,#2787,.F.);
#3856=ORIENTED_EDGE('',*,*,#2788,.T.);
#3857=ORIENTED_EDGE('',*,*,#2789,.F.);
#3858=ORIENTED_EDGE('',*,*,#2790,.F.);
#3859=ORIENTED_EDGE('',*,*,#2791,.F.);
#3860=ORIENTED_EDGE('',*,*,#2792,.T.);
#3861=ORIENTED_EDGE('',*,*,#2793,.F.);
#3862=ORIENTED_EDGE('',*,*,#2786,.F.);
#3863=ORIENTED_EDGE('',*,*,#2783,.F.);
#3864=ORIENTED_EDGE('',*,*,#2794,.T.);
#3865=ORIENTED_EDGE('',*,*,#2795,.T.);
#3866=ORIENTED_EDGE('',*,*,#2794,.F.);
#3867=ORIENTED_EDGE('',*,*,#2785,.T.);
#3868=ORIENTED_EDGE('',*,*,#2780,.F.);
#3869=ORIENTED_EDGE('',*,*,#2796,.F.);
#3870=ORIENTED_EDGE('',*,*,#2797,.F.);
#3871=ORIENTED_EDGE('',*,*,#2798,.F.);
#3872=ORIENTED_EDGE('',*,*,#2799,.T.);
#3873=ORIENTED_EDGE('',*,*,#2800,.F.);
#3874=ORIENTED_EDGE('',*,*,#2801,.F.);
#3875=ORIENTED_EDGE('',*,*,#2802,.T.);
#3876=ORIENTED_EDGE('',*,*,#2803,.F.);
#3877=ORIENTED_EDGE('',*,*,#2787,.T.);
#3878=ORIENTED_EDGE('',*,*,#2795,.F.);
#3879=ORIENTED_EDGE('',*,*,#2802,.F.);
#3880=ORIENTED_EDGE('',*,*,#2789,.T.);
#3881=ORIENTED_EDGE('',*,*,#2804,.T.);
#3882=ORIENTED_EDGE('',*,*,#2800,.T.);
#3883=ORIENTED_EDGE('',*,*,#2805,.T.);
#3884=ORIENTED_EDGE('',*,*,#2803,.T.);
#3885=ORIENTED_EDGE('',*,*,#2801,.T.);
#3886=ORIENTED_EDGE('',*,*,#2804,.F.);
#3887=ORIENTED_EDGE('',*,*,#2788,.F.);
#3888=ORIENTED_EDGE('',*,*,#2806,.F.);
#3889=ORIENTED_EDGE('',*,*,#2790,.T.);
#3890=ORIENTED_EDGE('',*,*,#2805,.F.);
#3891=ORIENTED_EDGE('',*,*,#2799,.F.);
#3892=ORIENTED_EDGE('',*,*,#2791,.T.);
#3893=ORIENTED_EDGE('',*,*,#2806,.T.);
#3894=ORIENTED_EDGE('',*,*,#2798,.T.);
#3895=ORIENTED_EDGE('',*,*,#2807,.T.);
#3896=ORIENTED_EDGE('',*,*,#2808,.F.);
#3897=ORIENTED_EDGE('',*,*,#2792,.F.);
#3898=ORIENTED_EDGE('',*,*,#2807,.F.);
#3899=ORIENTED_EDGE('',*,*,#2797,.T.);
#3900=ORIENTED_EDGE('',*,*,#2793,.T.);
#3901=ORIENTED_EDGE('',*,*,#2808,.T.);
#3902=ORIENTED_EDGE('',*,*,#2796,.T.);
#3903=ORIENTED_EDGE('',*,*,#2779,.T.);
#3904=ORIENTED_EDGE('',*,*,#2809,.F.);
#3905=ORIENTED_EDGE('',*,*,#2810,.T.);
#3906=ORIENTED_EDGE('',*,*,#2811,.F.);
#3907=ORIENTED_EDGE('',*,*,#2812,.F.);
#3908=ORIENTED_EDGE('',*,*,#2813,.T.);
#3909=ORIENTED_EDGE('',*,*,#2812,.T.);
#3910=ORIENTED_EDGE('',*,*,#2814,.F.);
#3911=ORIENTED_EDGE('',*,*,#2815,.F.);
#3912=ORIENTED_EDGE('',*,*,#2816,.F.);
#3913=ORIENTED_EDGE('',*,*,#2815,.T.);
#3914=ORIENTED_EDGE('',*,*,#2817,.F.);
#3915=ORIENTED_EDGE('',*,*,#2810,.F.);
#3916=ORIENTED_EDGE('',*,*,#2816,.T.);
#3917=ORIENTED_EDGE('',*,*,#2809,.T.);
#3918=ORIENTED_EDGE('',*,*,#2813,.F.);
#3919=ORIENTED_EDGE('',*,*,#2817,.T.);
#3920=ORIENTED_EDGE('',*,*,#2814,.T.);
#3921=ORIENTED_EDGE('',*,*,#2811,.T.);
#3922=ORIENTED_EDGE('',*,*,#2818,.F.);
#3923=ORIENTED_EDGE('',*,*,#2819,.T.);
#3924=ORIENTED_EDGE('',*,*,#2820,.F.);
#3925=ORIENTED_EDGE('',*,*,#2821,.F.);
#3926=ORIENTED_EDGE('',*,*,#2822,.T.);
#3927=ORIENTED_EDGE('',*,*,#2821,.T.);
#3928=ORIENTED_EDGE('',*,*,#2823,.F.);
#3929=ORIENTED_EDGE('',*,*,#2824,.F.);
#3930=ORIENTED_EDGE('',*,*,#2825,.F.);
#3931=ORIENTED_EDGE('',*,*,#2824,.T.);
#3932=ORIENTED_EDGE('',*,*,#2826,.F.);
#3933=ORIENTED_EDGE('',*,*,#2819,.F.);
#3934=ORIENTED_EDGE('',*,*,#2825,.T.);
#3935=ORIENTED_EDGE('',*,*,#2818,.T.);
#3936=ORIENTED_EDGE('',*,*,#2822,.F.);
#3937=ORIENTED_EDGE('',*,*,#2826,.T.);
#3938=ORIENTED_EDGE('',*,*,#2823,.T.);
#3939=ORIENTED_EDGE('',*,*,#2820,.T.);
#3940=ORIENTED_EDGE('',*,*,#2827,.F.);
#3941=ORIENTED_EDGE('',*,*,#2828,.T.);
#3942=ORIENTED_EDGE('',*,*,#2829,.F.);
#3943=ORIENTED_EDGE('',*,*,#2830,.F.);
#3944=ORIENTED_EDGE('',*,*,#2831,.T.);
#3945=ORIENTED_EDGE('',*,*,#2830,.T.);
#3946=ORIENTED_EDGE('',*,*,#2832,.F.);
#3947=ORIENTED_EDGE('',*,*,#2833,.F.);
#3948=ORIENTED_EDGE('',*,*,#2834,.F.);
#3949=ORIENTED_EDGE('',*,*,#2833,.T.);
#3950=ORIENTED_EDGE('',*,*,#2835,.F.);
#3951=ORIENTED_EDGE('',*,*,#2828,.F.);
#3952=ORIENTED_EDGE('',*,*,#2834,.T.);
#3953=ORIENTED_EDGE('',*,*,#2827,.T.);
#3954=ORIENTED_EDGE('',*,*,#2831,.F.);
#3955=ORIENTED_EDGE('',*,*,#2835,.T.);
#3956=ORIENTED_EDGE('',*,*,#2832,.T.);
#3957=ORIENTED_EDGE('',*,*,#2829,.T.);
#3958=ORIENTED_EDGE('',*,*,#2836,.F.);
#3959=ORIENTED_EDGE('',*,*,#2837,.F.);
#3960=ORIENTED_EDGE('',*,*,#2838,.F.);
#3961=ORIENTED_EDGE('',*,*,#2839,.F.);
#3962=ORIENTED_EDGE('',*,*,#2839,.T.);
#3963=ORIENTED_EDGE('',*,*,#2840,.F.);
#3964=ORIENTED_EDGE('',*,*,#2841,.T.);
#3965=ORIENTED_EDGE('',*,*,#2842,.T.);
#3966=ORIENTED_EDGE('',*,*,#2843,.F.);
#3967=ORIENTED_EDGE('',*,*,#2841,.F.);
#3968=ORIENTED_EDGE('',*,*,#2844,.F.);
#3969=ORIENTED_EDGE('',*,*,#2845,.F.);
#3970=ORIENTED_EDGE('',*,*,#2845,.T.);
#3971=ORIENTED_EDGE('',*,*,#2846,.T.);
#3972=ORIENTED_EDGE('',*,*,#2847,.T.);
#3973=ORIENTED_EDGE('',*,*,#2848,.F.);
#3974=ORIENTED_EDGE('',*,*,#2849,.F.);
#3975=ORIENTED_EDGE('',*,*,#2850,.T.);
#3976=ORIENTED_EDGE('',*,*,#2851,.T.);
#3977=ORIENTED_EDGE('',*,*,#2852,.F.);
#3978=ORIENTED_EDGE('',*,*,#2853,.F.);
#3979=ORIENTED_EDGE('',*,*,#2847,.F.);
#3980=ORIENTED_EDGE('',*,*,#2854,.F.);
#3981=ORIENTED_EDGE('',*,*,#2851,.F.);
#3982=ORIENTED_EDGE('',*,*,#2849,.T.);
#3983=ORIENTED_EDGE('',*,*,#2855,.T.);
#3984=ORIENTED_EDGE('',*,*,#2856,.T.);
#3985=ORIENTED_EDGE('',*,*,#2857,.F.);
#3986=ORIENTED_EDGE('',*,*,#2858,.T.);
#3987=ORIENTED_EDGE('',*,*,#2855,.F.);
#3988=ORIENTED_EDGE('',*,*,#2852,.T.);
#3989=ORIENTED_EDGE('',*,*,#2854,.T.);
#3990=ORIENTED_EDGE('',*,*,#2846,.F.);
#3991=ORIENTED_EDGE('',*,*,#2844,.T.);
#3992=ORIENTED_EDGE('',*,*,#2840,.T.);
#3993=ORIENTED_EDGE('',*,*,#2838,.T.);
#3994=ORIENTED_EDGE('',*,*,#2859,.T.);
#3995=ORIENTED_EDGE('',*,*,#2860,.F.);
#3996=ORIENTED_EDGE('',*,*,#2861,.T.);
#3997=ORIENTED_EDGE('',*,*,#2856,.F.);
#3998=ORIENTED_EDGE('',*,*,#2858,.F.);
#3999=ORIENTED_EDGE('',*,*,#2862,.T.);
#4000=ORIENTED_EDGE('',*,*,#2863,.T.);
#4001=ORIENTED_EDGE('',*,*,#2836,.T.);
#4002=ORIENTED_EDGE('',*,*,#2842,.F.);
#4003=ORIENTED_EDGE('',*,*,#2843,.T.);
#4004=ORIENTED_EDGE('',*,*,#2848,.T.);
#4005=ORIENTED_EDGE('',*,*,#2853,.T.);
#4006=ORIENTED_EDGE('',*,*,#2850,.F.);
#4007=ORIENTED_EDGE('',*,*,#2857,.T.);
#4008=ORIENTED_EDGE('',*,*,#2861,.F.);
#4009=ORIENTED_EDGE('',*,*,#2864,.T.);
#4010=ORIENTED_EDGE('',*,*,#2862,.F.);
#4011=ORIENTED_EDGE('',*,*,#2860,.T.);
#4012=ORIENTED_EDGE('',*,*,#2865,.T.);
#4013=ORIENTED_EDGE('',*,*,#2864,.F.);
#4014=ORIENTED_EDGE('',*,*,#2837,.T.);
#4015=ORIENTED_EDGE('',*,*,#2863,.F.);
#4016=ORIENTED_EDGE('',*,*,#2865,.F.);
#4017=ORIENTED_EDGE('',*,*,#2859,.F.);
#4018=ORIENTED_EDGE('',*,*,#2866,.T.);
#4019=ORIENTED_EDGE('',*,*,#2867,.F.);
#4020=ORIENTED_EDGE('',*,*,#2868,.F.);
#4021=ORIENTED_EDGE('',*,*,#2869,.F.);
#4022=ORIENTED_EDGE('',*,*,#2870,.F.);
#4023=ORIENTED_EDGE('',*,*,#2871,.T.);
#4024=ORIENTED_EDGE('',*,*,#2868,.T.);
#4025=ORIENTED_EDGE('',*,*,#2872,.F.);
#4026=ORIENTED_EDGE('',*,*,#2867,.T.);
#4027=ORIENTED_EDGE('',*,*,#2873,.T.);
#4028=ORIENTED_EDGE('',*,*,#2874,.F.);
#4029=ORIENTED_EDGE('',*,*,#2875,.T.);
#4030=ORIENTED_EDGE('',*,*,#2876,.T.);
#4031=ORIENTED_EDGE('',*,*,#2877,.T.);
#4032=ORIENTED_EDGE('',*,*,#2878,.F.);
#4033=ORIENTED_EDGE('',*,*,#2879,.T.);
#4034=ORIENTED_EDGE('',*,*,#2880,.F.);
#4035=ORIENTED_EDGE('',*,*,#2872,.T.);
#4036=ORIENTED_EDGE('',*,*,#2880,.T.);
#4037=ORIENTED_EDGE('',*,*,#2881,.F.);
#4038=ORIENTED_EDGE('',*,*,#2882,.F.);
#4039=ORIENTED_EDGE('',*,*,#2870,.T.);
#4040=ORIENTED_EDGE('',*,*,#2882,.T.);
#4041=ORIENTED_EDGE('',*,*,#2883,.F.);
#4042=ORIENTED_EDGE('',*,*,#2884,.T.);
#4043=ORIENTED_EDGE('',*,*,#2885,.T.);
#4044=ORIENTED_EDGE('',*,*,#2886,.F.);
#4045=ORIENTED_EDGE('',*,*,#2887,.T.);
#4046=ORIENTED_EDGE('',*,*,#2888,.T.);
#4047=ORIENTED_EDGE('',*,*,#2889,.T.);
#4048=ORIENTED_EDGE('',*,*,#2869,.T.);
#4049=ORIENTED_EDGE('',*,*,#2871,.F.);
#4050=ORIENTED_EDGE('',*,*,#2890,.T.);
#4051=ORIENTED_EDGE('',*,*,#2883,.T.);
#4052=ORIENTED_EDGE('',*,*,#2881,.T.);
#4053=ORIENTED_EDGE('',*,*,#2879,.F.);
#4054=ORIENTED_EDGE('',*,*,#2877,.F.);
#4055=ORIENTED_EDGE('',*,*,#2891,.F.);
#4056=ORIENTED_EDGE('',*,*,#2885,.F.);
#4057=ORIENTED_EDGE('',*,*,#2892,.F.);
#4058=ORIENTED_EDGE('',*,*,#2890,.F.);
#4059=ORIENTED_EDGE('',*,*,#2878,.T.);
#4060=ORIENTED_EDGE('',*,*,#2892,.T.);
#4061=ORIENTED_EDGE('',*,*,#2884,.F.);
#4062=ORIENTED_EDGE('',*,*,#2893,.T.);
#4063=ORIENTED_EDGE('',*,*,#2886,.T.);
#4064=ORIENTED_EDGE('',*,*,#2891,.T.);
#4065=ORIENTED_EDGE('',*,*,#2876,.F.);
#4066=ORIENTED_EDGE('',*,*,#2875,.F.);
#4067=ORIENTED_EDGE('',*,*,#2894,.F.);
#4068=ORIENTED_EDGE('',*,*,#2887,.F.);
#4069=ORIENTED_EDGE('',*,*,#2893,.F.);
#4070=ORIENTED_EDGE('',*,*,#2895,.T.);
#4071=ORIENTED_EDGE('',*,*,#2888,.F.);
#4072=ORIENTED_EDGE('',*,*,#2894,.T.);
#4073=ORIENTED_EDGE('',*,*,#2874,.T.);
#4074=ORIENTED_EDGE('',*,*,#2873,.F.);
#4075=ORIENTED_EDGE('',*,*,#2866,.F.);
#4076=ORIENTED_EDGE('',*,*,#2889,.F.);
#4077=ORIENTED_EDGE('',*,*,#2895,.F.);
#4078=ORIENTED_EDGE('',*,*,#2896,.F.);
#4079=ORIENTED_EDGE('',*,*,#2897,.F.);
#4080=ORIENTED_EDGE('',*,*,#2898,.F.);
#4081=ORIENTED_EDGE('',*,*,#2899,.F.);
#4082=ORIENTED_EDGE('',*,*,#2899,.T.);
#4083=ORIENTED_EDGE('',*,*,#2900,.F.);
#4084=ORIENTED_EDGE('',*,*,#2901,.T.);
#4085=ORIENTED_EDGE('',*,*,#2902,.T.);
#4086=ORIENTED_EDGE('',*,*,#2903,.F.);
#4087=ORIENTED_EDGE('',*,*,#2901,.F.);
#4088=ORIENTED_EDGE('',*,*,#2904,.F.);
#4089=ORIENTED_EDGE('',*,*,#2905,.F.);
#4090=ORIENTED_EDGE('',*,*,#2905,.T.);
#4091=ORIENTED_EDGE('',*,*,#2906,.T.);
#4092=ORIENTED_EDGE('',*,*,#2907,.T.);
#4093=ORIENTED_EDGE('',*,*,#2908,.F.);
#4094=ORIENTED_EDGE('',*,*,#2909,.F.);
#4095=ORIENTED_EDGE('',*,*,#2910,.T.);
#4096=ORIENTED_EDGE('',*,*,#2911,.T.);
#4097=ORIENTED_EDGE('',*,*,#2912,.F.);
#4098=ORIENTED_EDGE('',*,*,#2913,.F.);
#4099=ORIENTED_EDGE('',*,*,#2907,.F.);
#4100=ORIENTED_EDGE('',*,*,#2914,.F.);
#4101=ORIENTED_EDGE('',*,*,#2911,.F.);
#4102=ORIENTED_EDGE('',*,*,#2909,.T.);
#4103=ORIENTED_EDGE('',*,*,#2915,.T.);
#4104=ORIENTED_EDGE('',*,*,#2916,.T.);
#4105=ORIENTED_EDGE('',*,*,#2917,.F.);
#4106=ORIENTED_EDGE('',*,*,#2918,.T.);
#4107=ORIENTED_EDGE('',*,*,#2915,.F.);
#4108=ORIENTED_EDGE('',*,*,#2912,.T.);
#4109=ORIENTED_EDGE('',*,*,#2914,.T.);
#4110=ORIENTED_EDGE('',*,*,#2906,.F.);
#4111=ORIENTED_EDGE('',*,*,#2904,.T.);
#4112=ORIENTED_EDGE('',*,*,#2900,.T.);
#4113=ORIENTED_EDGE('',*,*,#2898,.T.);
#4114=ORIENTED_EDGE('',*,*,#2919,.T.);
#4115=ORIENTED_EDGE('',*,*,#2920,.F.);
#4116=ORIENTED_EDGE('',*,*,#2921,.T.);
#4117=ORIENTED_EDGE('',*,*,#2916,.F.);
#4118=ORIENTED_EDGE('',*,*,#2918,.F.);
#4119=ORIENTED_EDGE('',*,*,#2922,.T.);
#4120=ORIENTED_EDGE('',*,*,#2923,.T.);
#4121=ORIENTED_EDGE('',*,*,#2896,.T.);
#4122=ORIENTED_EDGE('',*,*,#2902,.F.);
#4123=ORIENTED_EDGE('',*,*,#2903,.T.);
#4124=ORIENTED_EDGE('',*,*,#2908,.T.);
#4125=ORIENTED_EDGE('',*,*,#2913,.T.);
#4126=ORIENTED_EDGE('',*,*,#2910,.F.);
#4127=ORIENTED_EDGE('',*,*,#2917,.T.);
#4128=ORIENTED_EDGE('',*,*,#2921,.F.);
#4129=ORIENTED_EDGE('',*,*,#2924,.T.);
#4130=ORIENTED_EDGE('',*,*,#2922,.F.);
#4131=ORIENTED_EDGE('',*,*,#2920,.T.);
#4132=ORIENTED_EDGE('',*,*,#2925,.T.);
#4133=ORIENTED_EDGE('',*,*,#2924,.F.);
#4134=ORIENTED_EDGE('',*,*,#2897,.T.);
#4135=ORIENTED_EDGE('',*,*,#2923,.F.);
#4136=ORIENTED_EDGE('',*,*,#2925,.F.);
#4137=ORIENTED_EDGE('',*,*,#2919,.F.);
#4138=ORIENTED_EDGE('',*,*,#2926,.T.);
#4139=ORIENTED_EDGE('',*,*,#2927,.F.);
#4140=ORIENTED_EDGE('',*,*,#2928,.F.);
#4141=ORIENTED_EDGE('',*,*,#2929,.F.);
#4142=ORIENTED_EDGE('',*,*,#2930,.F.);
#4143=ORIENTED_EDGE('',*,*,#2931,.T.);
#4144=ORIENTED_EDGE('',*,*,#2928,.T.);
#4145=ORIENTED_EDGE('',*,*,#2932,.F.);
#4146=ORIENTED_EDGE('',*,*,#2927,.T.);
#4147=ORIENTED_EDGE('',*,*,#2933,.T.);
#4148=ORIENTED_EDGE('',*,*,#2934,.F.);
#4149=ORIENTED_EDGE('',*,*,#2935,.T.);
#4150=ORIENTED_EDGE('',*,*,#2936,.T.);
#4151=ORIENTED_EDGE('',*,*,#2937,.T.);
#4152=ORIENTED_EDGE('',*,*,#2938,.F.);
#4153=ORIENTED_EDGE('',*,*,#2939,.T.);
#4154=ORIENTED_EDGE('',*,*,#2940,.F.);
#4155=ORIENTED_EDGE('',*,*,#2932,.T.);
#4156=ORIENTED_EDGE('',*,*,#2940,.T.);
#4157=ORIENTED_EDGE('',*,*,#2941,.F.);
#4158=ORIENTED_EDGE('',*,*,#2942,.F.);
#4159=ORIENTED_EDGE('',*,*,#2930,.T.);
#4160=ORIENTED_EDGE('',*,*,#2942,.T.);
#4161=ORIENTED_EDGE('',*,*,#2943,.F.);
#4162=ORIENTED_EDGE('',*,*,#2944,.T.);
#4163=ORIENTED_EDGE('',*,*,#2945,.T.);
#4164=ORIENTED_EDGE('',*,*,#2946,.F.);
#4165=ORIENTED_EDGE('',*,*,#2947,.T.);
#4166=ORIENTED_EDGE('',*,*,#2948,.T.);
#4167=ORIENTED_EDGE('',*,*,#2949,.T.);
#4168=ORIENTED_EDGE('',*,*,#2929,.T.);
#4169=ORIENTED_EDGE('',*,*,#2931,.F.);
#4170=ORIENTED_EDGE('',*,*,#2950,.T.);
#4171=ORIENTED_EDGE('',*,*,#2943,.T.);
#4172=ORIENTED_EDGE('',*,*,#2941,.T.);
#4173=ORIENTED_EDGE('',*,*,#2939,.F.);
#4174=ORIENTED_EDGE('',*,*,#2937,.F.);
#4175=ORIENTED_EDGE('',*,*,#2951,.F.);
#4176=ORIENTED_EDGE('',*,*,#2945,.F.);
#4177=ORIENTED_EDGE('',*,*,#2952,.F.);
#4178=ORIENTED_EDGE('',*,*,#2950,.F.);
#4179=ORIENTED_EDGE('',*,*,#2938,.T.);
#4180=ORIENTED_EDGE('',*,*,#2952,.T.);
#4181=ORIENTED_EDGE('',*,*,#2944,.F.);
#4182=ORIENTED_EDGE('',*,*,#2953,.T.);
#4183=ORIENTED_EDGE('',*,*,#2946,.T.);
#4184=ORIENTED_EDGE('',*,*,#2951,.T.);
#4185=ORIENTED_EDGE('',*,*,#2936,.F.);
#4186=ORIENTED_EDGE('',*,*,#2935,.F.);
#4187=ORIENTED_EDGE('',*,*,#2954,.F.);
#4188=ORIENTED_EDGE('',*,*,#2947,.F.);
#4189=ORIENTED_EDGE('',*,*,#2953,.F.);
#4190=ORIENTED_EDGE('',*,*,#2955,.T.);
#4191=ORIENTED_EDGE('',*,*,#2948,.F.);
#4192=ORIENTED_EDGE('',*,*,#2954,.T.);
#4193=ORIENTED_EDGE('',*,*,#2934,.T.);
#4194=ORIENTED_EDGE('',*,*,#2933,.F.);
#4195=ORIENTED_EDGE('',*,*,#2926,.F.);
#4196=ORIENTED_EDGE('',*,*,#2949,.F.);
#4197=ORIENTED_EDGE('',*,*,#2955,.F.);
#4198=ORIENTED_EDGE('',*,*,#2956,.T.);
#4199=ORIENTED_EDGE('',*,*,#2957,.F.);
#4200=ORIENTED_EDGE('',*,*,#2958,.F.);
#4201=ORIENTED_EDGE('',*,*,#2959,.T.);
#4202=ORIENTED_EDGE('',*,*,#2960,.T.);
#4203=ORIENTED_EDGE('',*,*,#2961,.F.);
#4204=ORIENTED_EDGE('',*,*,#2962,.F.);
#4205=ORIENTED_EDGE('',*,*,#2957,.T.);
#4206=ORIENTED_EDGE('',*,*,#2963,.T.);
#4207=ORIENTED_EDGE('',*,*,#2964,.F.);
#4208=ORIENTED_EDGE('',*,*,#2965,.F.);
#4209=ORIENTED_EDGE('',*,*,#2961,.T.);
#4210=ORIENTED_EDGE('',*,*,#2966,.T.);
#4211=ORIENTED_EDGE('',*,*,#2967,.F.);
#4212=ORIENTED_EDGE('',*,*,#2968,.F.);
#4213=ORIENTED_EDGE('',*,*,#2964,.T.);
#4214=ORIENTED_EDGE('',*,*,#2969,.T.);
#4215=ORIENTED_EDGE('',*,*,#2970,.F.);
#4216=ORIENTED_EDGE('',*,*,#2971,.F.);
#4217=ORIENTED_EDGE('',*,*,#2967,.T.);
#4218=ORIENTED_EDGE('',*,*,#2972,.T.);
#4219=ORIENTED_EDGE('',*,*,#2973,.F.);
#4220=ORIENTED_EDGE('',*,*,#2974,.F.);
#4221=ORIENTED_EDGE('',*,*,#2970,.T.);
#4222=ORIENTED_EDGE('',*,*,#2975,.T.);
#4223=ORIENTED_EDGE('',*,*,#2976,.F.);
#4224=ORIENTED_EDGE('',*,*,#2977,.F.);
#4225=ORIENTED_EDGE('',*,*,#2973,.T.);
#4226=ORIENTED_EDGE('',*,*,#2978,.T.);
#4227=ORIENTED_EDGE('',*,*,#2959,.F.);
#4228=ORIENTED_EDGE('',*,*,#2979,.F.);
#4229=ORIENTED_EDGE('',*,*,#2976,.T.);
#4230=ORIENTED_EDGE('',*,*,#2968,.T.);
#4231=ORIENTED_EDGE('',*,*,#2971,.T.);
#4232=ORIENTED_EDGE('',*,*,#2974,.T.);
#4233=ORIENTED_EDGE('',*,*,#2977,.T.);
#4234=ORIENTED_EDGE('',*,*,#2979,.T.);
#4235=ORIENTED_EDGE('',*,*,#2958,.T.);
#4236=ORIENTED_EDGE('',*,*,#2962,.T.);
#4237=ORIENTED_EDGE('',*,*,#2965,.T.);
#4238=ORIENTED_EDGE('',*,*,#2969,.F.);
#4239=ORIENTED_EDGE('',*,*,#2966,.F.);
#4240=ORIENTED_EDGE('',*,*,#2963,.F.);
#4241=ORIENTED_EDGE('',*,*,#2960,.F.);
#4242=ORIENTED_EDGE('',*,*,#2956,.F.);
#4243=ORIENTED_EDGE('',*,*,#2978,.F.);
#4244=ORIENTED_EDGE('',*,*,#2975,.F.);
#4245=ORIENTED_EDGE('',*,*,#2972,.F.);
#4246=PLANE('',#4861);
#4247=PLANE('',#4862);
#4248=PLANE('',#4863);
#4249=PLANE('',#4864);
#4250=PLANE('',#4865);
#4251=PLANE('',#4866);
#4252=PLANE('',#4867);
#4253=PLANE('',#4868);
#4254=PLANE('',#4869);
#4255=PLANE('',#4870);
#4256=PLANE('',#4871);
#4257=PLANE('',#4872);
#4258=PLANE('',#4873);
#4259=PLANE('',#4874);
#4260=PLANE('',#4875);
#4261=PLANE('',#4876);
#4262=PLANE('',#4877);
#4263=PLANE('',#4878);
#4264=PLANE('',#4879);
#4265=PLANE('',#4880);
#4266=PLANE('',#4881);
#4267=PLANE('',#4882);
#4268=PLANE('',#4883);
#4269=PLANE('',#4884);
#4270=PLANE('',#4885);
#4271=PLANE('',#4886);
#4272=PLANE('',#4887);
#4273=PLANE('',#4888);
#4274=PLANE('',#4889);
#4275=PLANE('',#4890);
#4276=PLANE('',#4891);
#4277=PLANE('',#4892);
#4278=PLANE('',#4893);
#4279=PLANE('',#4894);
#4280=PLANE('',#4895);
#4281=PLANE('',#4896);
#4282=PLANE('',#4897);
#4283=PLANE('',#4898);
#4284=PLANE('',#4899);
#4285=PLANE('',#4900);
#4286=PLANE('',#4901);
#4287=PLANE('',#4902);
#4288=PLANE('',#4903);
#4289=PLANE('',#4904);
#4290=PLANE('',#4905);
#4291=PLANE('',#4906);
#4292=PLANE('',#4907);
#4293=PLANE('',#4908);
#4294=PLANE('',#4909);
#4295=PLANE('',#4910);
#4296=PLANE('',#4911);
#4297=PLANE('',#4912);
#4298=PLANE('',#4913);
#4299=PLANE('',#4914);
#4300=PLANE('',#4915);
#4301=PLANE('',#4916);
#4302=PLANE('',#4917);
#4303=PLANE('',#4918);
#4304=PLANE('',#4919);
#4305=PLANE('',#4920);
#4306=PLANE('',#4921);
#4307=PLANE('',#4922);
#4308=PLANE('',#4923);
#4309=PLANE('',#4924);
#4310=PLANE('',#4925);
#4311=PLANE('',#4926);
#4312=PLANE('',#4927);
#4313=PLANE('',#4928);
#4314=PLANE('',#4929);
#4315=PLANE('',#4930);
#4316=PLANE('',#4931);
#4317=PLANE('',#4932);
#4318=PLANE('',#4933);
#4319=PLANE('',#4934);
#4320=PLANE('',#4935);
#4321=PLANE('',#4936);
#4322=PLANE('',#4937);
#4323=PLANE('',#4938);
#4324=PLANE('',#4939);
#4325=PLANE('',#4940);
#4326=PLANE('',#4941);
#4327=PLANE('',#4942);
#4328=PLANE('',#4943);
#4329=PLANE('',#4944);
#4330=PLANE('',#4945);
#4331=PLANE('',#4946);
#4332=PLANE('',#4947);
#4333=PLANE('',#4948);
#4334=PLANE('',#4949);
#4335=PLANE('',#4950);
#4336=PLANE('',#4951);
#4337=PLANE('',#4952);
#4338=PLANE('',#4953);
#4339=PLANE('',#4954);
#4340=PLANE('',#4955);
#4341=PLANE('',#4956);
#4342=PLANE('',#4957);
#4343=PLANE('',#4958);
#4344=PLANE('',#4959);
#4345=PLANE('',#4960);
#4346=PLANE('',#4961);
#4347=PLANE('',#4962);
#4348=PLANE('',#4963);
#4349=PLANE('',#4964);
#4350=PLANE('',#4965);
#4351=PLANE('',#4966);
#4352=PLANE('',#4967);
#4353=PLANE('',#4968);
#4354=PLANE('',#4969);
#4355=PLANE('',#4970);
#4356=PLANE('',#4971);
#4357=PLANE('',#4972);
#4358=PLANE('',#4973);
#4359=PLANE('',#4974);
#4360=PLANE('',#4975);
#4361=PLANE('',#4976);
#4362=PLANE('',#4977);
#4363=PLANE('',#4978);
#4364=PLANE('',#4979);
#4365=PLANE('',#4980);
#4366=PLANE('',#4981);
#4367=PLANE('',#4982);
#4368=PLANE('',#4983);
#4369=PLANE('',#4984);
#4370=PLANE('',#4985);
#4371=PLANE('',#4986);
#4372=PLANE('',#4987);
#4373=PLANE('',#4988);
#4374=PLANE('',#4989);
#4375=PLANE('',#4990);
#4376=PLANE('',#4991);
#4377=PLANE('',#4992);
#4378=PLANE('',#4993);
#4379=PLANE('',#4994);
#4380=PLANE('',#4995);
#4381=PLANE('',#4996);
#4382=PLANE('',#4997);
#4383=PLANE('',#4998);
#4384=PLANE('',#4999);
#4385=PLANE('',#5000);
#4386=PLANE('',#5001);
#4387=PLANE('',#5002);
#4388=PLANE('',#5003);
#4389=PLANE('',#5004);
#4390=PLANE('',#5005);
#4391=PLANE('',#5006);
#4392=PLANE('',#5007);
#4393=PLANE('',#5008);
#4394=PLANE('',#5009);
#4395=PLANE('',#5010);
#4396=PLANE('',#5011);
#4397=PLANE('',#5012);
#4398=PLANE('',#5013);
#4399=PLANE('',#5014);
#4400=PLANE('',#5015);
#4401=PLANE('',#5016);
#4402=PLANE('',#5017);
#4403=PLANE('',#5018);
#4404=PLANE('',#5019);
#4405=PLANE('',#5020);
#4406=PLANE('',#5021);
#4407=PLANE('',#5022);
#4408=PLANE('',#5023);
#4409=PLANE('',#5024);
#4410=PLANE('',#5025);
#4411=PLANE('',#5026);
#4412=PLANE('',#5027);
#4413=PLANE('',#5028);
#4414=PLANE('',#5032);
#4415=PLANE('',#5036);
#4416=PLANE('',#5037);
#4417=PLANE('',#5038);
#4418=PLANE('',#5039);
#4419=PLANE('',#5040);
#4420=PLANE('',#5041);
#4421=PLANE('',#5042);
#4422=PLANE('',#5043);
#4423=PLANE('',#5044);
#4424=PLANE('',#5045);
#4425=PLANE('',#5046);
#4426=PLANE('',#5047);
#4427=PLANE('',#5050);
#4428=PLANE('',#5051);
#4429=PLANE('',#5054);
#4430=PLANE('',#5055);
#4431=PLANE('',#5056);
#4432=PLANE('',#5057);
#4433=PLANE('',#5059);
#4434=PLANE('',#5064);
#4435=PLANE('',#5068);
#4436=PLANE('',#5069);
#4437=PLANE('',#5070);
#4438=PLANE('',#5071);
#4439=PLANE('',#5072);
#4440=PLANE('',#5073);
#4441=PLANE('',#5074);
#4442=PLANE('',#5075);
#4443=PLANE('',#5076);
#4444=PLANE('',#5077);
#4445=PLANE('',#5078);
#4446=PLANE('',#5079);
#4447=PLANE('',#5082);
#4448=PLANE('',#5083);
#4449=PLANE('',#5086);
#4450=PLANE('',#5087);
#4451=PLANE('',#5088);
#4452=PLANE('',#5089);
#4453=PLANE('',#5091);
#4454=PLANE('',#5093);
#4455=PLANE('',#5094);
#4456=PLANE('',#5095);
#4457=PLANE('',#5096);
#4458=PLANE('',#5097);
#4459=PLANE('',#5098);
#4460=PLANE('',#5099);
#4461=PLANE('',#5100);
#4462=PLANE('',#5101);
#4463=PLANE('',#5102);
#4464=PLANE('',#5103);
#4465=PLANE('',#5104);
#4466=PLANE('',#5105);
#4467=PLANE('',#5106);
#4468=PLANE('',#5107);
#4469=PLANE('',#5111);
#4470=PLANE('',#5115);
#4471=PLANE('',#5116);
#4472=PLANE('',#5117);
#4473=PLANE('',#5118);
#4474=PLANE('',#5119);
#4475=PLANE('',#5120);
#4476=PLANE('',#5121);
#4477=PLANE('',#5122);
#4478=PLANE('',#5123);
#4479=PLANE('',#5124);
#4480=PLANE('',#5125);
#4481=PLANE('',#5126);
#4482=PLANE('',#5129);
#4483=PLANE('',#5130);
#4484=PLANE('',#5133);
#4485=PLANE('',#5134);
#4486=PLANE('',#5135);
#4487=PLANE('',#5136);
#4488=PLANE('',#5138);
#4489=PLANE('',#5143);
#4490=PLANE('',#5147);
#4491=PLANE('',#5148);
#4492=PLANE('',#5149);
#4493=PLANE('',#5150);
#4494=PLANE('',#5151);
#4495=PLANE('',#5152);
#4496=PLANE('',#5153);
#4497=PLANE('',#5154);
#4498=PLANE('',#5155);
#4499=PLANE('',#5156);
#4500=PLANE('',#5157);
#4501=PLANE('',#5158);
#4502=PLANE('',#5161);
#4503=PLANE('',#5162);
#4504=PLANE('',#5165);
#4505=PLANE('',#5166);
#4506=PLANE('',#5167);
#4507=PLANE('',#5168);
#4508=PLANE('',#5170);
#4509=PLANE('',#5172);
#4510=PLANE('',#5173);
#4511=PLANE('',#5174);
#4512=PLANE('',#5175);
#4513=PLANE('',#5176);
#4514=PLANE('',#5177);
#4515=PLANE('',#5178);
#4516=PLANE('',#5179);
#4517=PLANE('',#5180);
#4518=PLANE('',#5181);
#4519=ADVANCED_FACE('',(#145),#4246,.F.);
#4520=ADVANCED_FACE('',(#146),#4247,.T.);
#4521=ADVANCED_FACE('',(#147),#4248,.T.);
#4522=ADVANCED_FACE('',(#148),#4249,.F.);
#4523=ADVANCED_FACE('',(#149),#4250,.T.);
#4524=ADVANCED_FACE('',(#150),#4251,.F.);
#4525=ADVANCED_FACE('',(#151),#4252,.F.);
#4526=ADVANCED_FACE('',(#152),#4253,.T.);
#4527=ADVANCED_FACE('',(#153),#4254,.T.);
#4528=ADVANCED_FACE('',(#154),#4255,.F.);
#4529=ADVANCED_FACE('',(#155),#4256,.T.);
#4530=ADVANCED_FACE('',(#156),#4257,.F.);
#4531=ADVANCED_FACE('',(#157),#4258,.F.);
#4532=ADVANCED_FACE('',(#158),#4259,.T.);
#4533=ADVANCED_FACE('',(#159),#4260,.T.);
#4534=ADVANCED_FACE('',(#160),#4261,.F.);
#4535=ADVANCED_FACE('',(#161),#4262,.T.);
#4536=ADVANCED_FACE('',(#162),#4263,.F.);
#4537=ADVANCED_FACE('',(#163),#4264,.F.);
#4538=ADVANCED_FACE('',(#164),#4265,.T.);
#4539=ADVANCED_FACE('',(#165),#4266,.T.);
#4540=ADVANCED_FACE('',(#166),#4267,.F.);
#4541=ADVANCED_FACE('',(#167),#4268,.T.);
#4542=ADVANCED_FACE('',(#168),#4269,.F.);
#4543=ADVANCED_FACE('',(#169),#4270,.F.);
#4544=ADVANCED_FACE('',(#170),#4271,.T.);
#4545=ADVANCED_FACE('',(#171),#4272,.F.);
#4546=ADVANCED_FACE('',(#172),#4273,.F.);
#4547=ADVANCED_FACE('',(#173),#4274,.T.);
#4548=ADVANCED_FACE('',(#174),#4275,.T.);
#4549=ADVANCED_FACE('',(#175),#4276,.F.);
#4550=ADVANCED_FACE('',(#176),#4277,.T.);
#4551=ADVANCED_FACE('',(#177),#4278,.F.);
#4552=ADVANCED_FACE('',(#178),#4279,.F.);
#4553=ADVANCED_FACE('',(#179),#4280,.T.);
#4554=ADVANCED_FACE('',(#180),#4281,.T.);
#4555=ADVANCED_FACE('',(#181),#4282,.F.);
#4556=ADVANCED_FACE('',(#182),#4283,.T.);
#4557=ADVANCED_FACE('',(#183),#4284,.F.);
#4558=ADVANCED_FACE('',(#184),#4285,.F.);
#4559=ADVANCED_FACE('',(#185),#4286,.T.);
#4560=ADVANCED_FACE('',(#186),#4287,.T.);
#4561=ADVANCED_FACE('',(#187),#4288,.F.);
#4562=ADVANCED_FACE('',(#188),#4289,.T.);
#4563=ADVANCED_FACE('',(#189),#4290,.F.);
#4564=ADVANCED_FACE('',(#190),#4291,.F.);
#4565=ADVANCED_FACE('',(#191),#4292,.T.);
#4566=ADVANCED_FACE('',(#192),#4293,.T.);
#4567=ADVANCED_FACE('',(#193),#4294,.T.);
#4568=ADVANCED_FACE('',(#194),#4295,.T.);
#4569=ADVANCED_FACE('',(#195),#4296,.F.);
#4570=ADVANCED_FACE('',(#196),#4297,.T.);
#4571=ADVANCED_FACE('',(#197),#4298,.F.);
#4572=ADVANCED_FACE('',(#198),#4299,.F.);
#4573=ADVANCED_FACE('',(#199),#4300,.T.);
#4574=ADVANCED_FACE('',(#200),#4301,.T.);
#4575=ADVANCED_FACE('',(#201),#4302,.F.);
#4576=ADVANCED_FACE('',(#202),#4303,.T.);
#4577=ADVANCED_FACE('',(#203),#4304,.T.);
#4578=ADVANCED_FACE('',(#204),#4305,.F.);
#4579=ADVANCED_FACE('',(#205),#4306,.T.);
#4580=ADVANCED_FACE('',(#206),#4307,.F.);
#4581=ADVANCED_FACE('',(#207),#4308,.F.);
#4582=ADVANCED_FACE('',(#208),#4309,.T.);
#4583=ADVANCED_FACE('',(#209),#4310,.T.);
#4584=ADVANCED_FACE('',(#210),#4311,.F.);
#4585=ADVANCED_FACE('',(#211),#4312,.T.);
#4586=ADVANCED_FACE('',(#212),#4313,.F.);
#4587=ADVANCED_FACE('',(#213),#4314,.F.);
#4588=ADVANCED_FACE('',(#214),#4315,.T.);
#4589=ADVANCED_FACE('',(#215),#4316,.T.);
#4590=ADVANCED_FACE('',(#216),#4317,.F.);
#4591=ADVANCED_FACE('',(#217),#4318,.T.);
#4592=ADVANCED_FACE('',(#218),#4319,.F.);
#4593=ADVANCED_FACE('',(#219),#4320,.F.);
#4594=ADVANCED_FACE('',(#220),#4321,.T.);
#4595=ADVANCED_FACE('',(#221),#4322,.T.);
#4596=ADVANCED_FACE('',(#222),#4323,.F.);
#4597=ADVANCED_FACE('',(#223),#4324,.T.);
#4598=ADVANCED_FACE('',(#224),#4325,.F.);
#4599=ADVANCED_FACE('',(#225),#4326,.F.);
#4600=ADVANCED_FACE('',(#226),#4327,.T.);
#4601=ADVANCED_FACE('',(#227),#4328,.F.);
#4602=ADVANCED_FACE('',(#228),#4329,.F.);
#4603=ADVANCED_FACE('',(#229),#4330,.T.);
#4604=ADVANCED_FACE('',(#230),#4331,.T.);
#4605=ADVANCED_FACE('',(#231),#4332,.F.);
#4606=ADVANCED_FACE('',(#232),#4333,.T.);
#4607=ADVANCED_FACE('',(#233),#4334,.F.);
#4608=ADVANCED_FACE('',(#234),#4335,.F.);
#4609=ADVANCED_FACE('',(#235),#4336,.T.);
#4610=ADVANCED_FACE('',(#236),#4337,.T.);
#4611=ADVANCED_FACE('',(#237),#4338,.F.);
#4612=ADVANCED_FACE('',(#238),#4339,.T.);
#4613=ADVANCED_FACE('',(#239),#4340,.F.);
#4614=ADVANCED_FACE('',(#240),#4341,.F.);
#4615=ADVANCED_FACE('',(#241),#4342,.T.);
#4616=ADVANCED_FACE('',(#242),#4343,.T.);
#4617=ADVANCED_FACE('',(#243),#4344,.F.);
#4618=ADVANCED_FACE('',(#244),#4345,.T.);
#4619=ADVANCED_FACE('',(#245),#4346,.F.);
#4620=ADVANCED_FACE('',(#246),#4347,.F.);
#4621=ADVANCED_FACE('',(#247),#4348,.T.);
#4622=ADVANCED_FACE('',(#248),#4349,.T.);
#4623=ADVANCED_FACE('',(#249),#4350,.F.);
#4624=ADVANCED_FACE('',(#250),#4351,.T.);
#4625=ADVANCED_FACE('',(#251),#4352,.F.);
#4626=ADVANCED_FACE('',(#252),#4353,.F.);
#4627=ADVANCED_FACE('',(#253),#4354,.T.);
#4628=ADVANCED_FACE('',(#254),#4355,.T.);
#4629=ADVANCED_FACE('',(#255),#4356,.F.);
#4630=ADVANCED_FACE('',(#256),#4357,.T.);
#4631=ADVANCED_FACE('',(#257),#4358,.F.);
#4632=ADVANCED_FACE('',(#258),#4359,.F.);
#4633=ADVANCED_FACE('',(#259),#4360,.T.);
#4634=ADVANCED_FACE('',(#260),#4361,.T.);
#4635=ADVANCED_FACE('',(#261),#4362,.F.);
#4636=ADVANCED_FACE('',(#262),#4363,.T.);
#4637=ADVANCED_FACE('',(#263),#4364,.F.);
#4638=ADVANCED_FACE('',(#264),#4365,.F.);
#4639=ADVANCED_FACE('',(#265),#4366,.T.);
#4640=ADVANCED_FACE('',(#266),#4367,.T.);
#4641=ADVANCED_FACE('',(#267),#4368,.T.);
#4642=ADVANCED_FACE('',(#268),#4369,.T.);
#4643=ADVANCED_FACE('',(#269),#4370,.F.);
#4644=ADVANCED_FACE('',(#270),#4371,.T.);
#4645=ADVANCED_FACE('',(#271),#4372,.F.);
#4646=ADVANCED_FACE('',(#272),#4373,.F.);
#4647=ADVANCED_FACE('',(#273),#4374,.T.);
#4648=ADVANCED_FACE('',(#274),#4375,.T.);
#4649=ADVANCED_FACE('',(#275),#4376,.T.);
#4650=ADVANCED_FACE('',(#276),#4377,.T.);
#4651=ADVANCED_FACE('',(#277),#4378,.F.);
#4652=ADVANCED_FACE('',(#278),#4379,.T.);
#4653=ADVANCED_FACE('',(#279),#4380,.F.);
#4654=ADVANCED_FACE('',(#280),#4381,.F.);
#4655=ADVANCED_FACE('',(#281),#4382,.T.);
#4656=ADVANCED_FACE('',(#282),#4383,.T.);
#4657=ADVANCED_FACE('',(#283),#4384,.F.);
#4658=ADVANCED_FACE('',(#284),#4385,.T.);
#4659=ADVANCED_FACE('',(#285),#4386,.F.);
#4660=ADVANCED_FACE('',(#286),#4387,.F.);
#4661=ADVANCED_FACE('',(#287),#4388,.T.);
#4662=ADVANCED_FACE('',(#288),#4389,.T.);
#4663=ADVANCED_FACE('',(#289),#4390,.F.);
#4664=ADVANCED_FACE('',(#290),#4391,.T.);
#4665=ADVANCED_FACE('',(#291),#4392,.T.);
#4666=ADVANCED_FACE('',(#292),#4393,.F.);
#4667=ADVANCED_FACE('',(#293),#4394,.T.);
#4668=ADVANCED_FACE('',(#294),#4395,.F.);
#4669=ADVANCED_FACE('',(#295),#4396,.F.);
#4670=ADVANCED_FACE('',(#296),#4397,.T.);
#4671=ADVANCED_FACE('',(#297),#4398,.T.);
#4672=ADVANCED_FACE('',(#298),#4399,.F.);
#4673=ADVANCED_FACE('',(#299),#4400,.T.);
#4674=ADVANCED_FACE('',(#300),#4401,.F.);
#4675=ADVANCED_FACE('',(#301),#4402,.F.);
#4676=ADVANCED_FACE('',(#302),#4403,.T.);
#4677=ADVANCED_FACE('',(#303),#4404,.T.);
#4678=ADVANCED_FACE('',(#304),#4405,.F.);
#4679=ADVANCED_FACE('',(#305),#4406,.T.);
#4680=ADVANCED_FACE('',(#306),#4407,.F.);
#4681=ADVANCED_FACE('',(#307),#4408,.F.);
#4682=ADVANCED_FACE('',(#308),#4409,.T.);
#4683=ADVANCED_FACE('',(#309),#4410,.T.);
#4684=ADVANCED_FACE('',(#310),#4411,.F.);
#4685=ADVANCED_FACE('',(#311),#4412,.T.);
#4686=ADVANCED_FACE('',(#312),#4413,.F.);
#4687=ADVANCED_FACE('',(#313),#47,.F.);
#4688=ADVANCED_FACE('',(#314),#4414,.T.);
#4689=ADVANCED_FACE('',(#315),#48,.F.);
#4690=ADVANCED_FACE('',(#316),#4415,.T.);
#4691=ADVANCED_FACE('',(#317),#4416,.T.);
#4692=ADVANCED_FACE('',(#318),#4417,.T.);
#4693=ADVANCED_FACE('',(#319),#4418,.T.);
#4694=ADVANCED_FACE('',(#320),#4419,.T.);
#4695=ADVANCED_FACE('',(#321),#4420,.T.);
#4696=ADVANCED_FACE('',(#322),#4421,.T.);
#4697=ADVANCED_FACE('',(#323),#4422,.T.);
#4698=ADVANCED_FACE('',(#324),#4423,.T.);
#4699=ADVANCED_FACE('',(#325),#4424,.T.);
#4700=ADVANCED_FACE('',(#326),#4425,.T.);
#4701=ADVANCED_FACE('',(#327),#4426,.T.);
#4702=ADVANCED_FACE('',(#328),#4427,.T.);
#4703=ADVANCED_FACE('',(#329),#4428,.T.);
#4704=ADVANCED_FACE('',(#330),#4429,.T.);
#4705=ADVANCED_FACE('',(#331),#4430,.T.);
#4706=ADVANCED_FACE('',(#332),#4431,.T.);
#4707=ADVANCED_FACE('',(#333),#4432,.T.);
#4708=ADVANCED_FACE('',(#334),#49,.F.);
#4709=ADVANCED_FACE('',(#335),#4433,.T.);
#4710=ADVANCED_FACE('',(#336),#50,.F.);
#4711=ADVANCED_FACE('',(#337),#51,.F.);
#4712=ADVANCED_FACE('',(#338),#4434,.T.);
#4713=ADVANCED_FACE('',(#339),#52,.F.);
#4714=ADVANCED_FACE('',(#340),#4435,.T.);
#4715=ADVANCED_FACE('',(#341),#4436,.T.);
#4716=ADVANCED_FACE('',(#342),#4437,.T.);
#4717=ADVANCED_FACE('',(#343),#4438,.T.);
#4718=ADVANCED_FACE('',(#344),#4439,.T.);
#4719=ADVANCED_FACE('',(#345),#4440,.T.);
#4720=ADVANCED_FACE('',(#346),#4441,.T.);
#4721=ADVANCED_FACE('',(#347),#4442,.T.);
#4722=ADVANCED_FACE('',(#348),#4443,.T.);
#4723=ADVANCED_FACE('',(#349),#4444,.T.);
#4724=ADVANCED_FACE('',(#350),#4445,.T.);
#4725=ADVANCED_FACE('',(#351),#4446,.T.);
#4726=ADVANCED_FACE('',(#352),#4447,.T.);
#4727=ADVANCED_FACE('',(#353),#4448,.T.);
#4728=ADVANCED_FACE('',(#354),#4449,.T.);
#4729=ADVANCED_FACE('',(#355),#4450,.T.);
#4730=ADVANCED_FACE('',(#356),#4451,.T.);
#4731=ADVANCED_FACE('',(#357),#4452,.T.);
#4732=ADVANCED_FACE('',(#358),#53,.F.);
#4733=ADVANCED_FACE('',(#359),#4453,.T.);
#4734=ADVANCED_FACE('',(#360),#54,.F.);
#4735=ADVANCED_FACE('',(#361),#4454,.T.);
#4736=ADVANCED_FACE('',(#362),#4455,.T.);
#4737=ADVANCED_FACE('',(#363),#4456,.T.);
#4738=ADVANCED_FACE('',(#364),#4457,.T.);
#4739=ADVANCED_FACE('',(#365),#4458,.T.);
#4740=ADVANCED_FACE('',(#366),#4459,.T.);
#4741=ADVANCED_FACE('',(#367),#4460,.T.);
#4742=ADVANCED_FACE('',(#368),#4461,.T.);
#4743=ADVANCED_FACE('',(#369),#4462,.T.);
#4744=ADVANCED_FACE('',(#370),#4463,.T.);
#4745=ADVANCED_FACE('',(#371),#4464,.T.);
#4746=ADVANCED_FACE('',(#372),#4465,.T.);
#4747=ADVANCED_FACE('',(#373),#4466,.T.);
#4748=ADVANCED_FACE('',(#374),#4467,.T.);
#4749=ADVANCED_FACE('',(#375),#4468,.T.);
#4750=ADVANCED_FACE('',(#376),#55,.F.);
#4751=ADVANCED_FACE('',(#377),#4469,.F.);
#4752=ADVANCED_FACE('',(#378),#56,.F.);
#4753=ADVANCED_FACE('',(#379),#4470,.F.);
#4754=ADVANCED_FACE('',(#380),#4471,.F.);
#4755=ADVANCED_FACE('',(#381),#4472,.F.);
#4756=ADVANCED_FACE('',(#382),#4473,.F.);
#4757=ADVANCED_FACE('',(#383),#4474,.F.);
#4758=ADVANCED_FACE('',(#384),#4475,.F.);
#4759=ADVANCED_FACE('',(#385),#4476,.F.);
#4760=ADVANCED_FACE('',(#386),#4477,.F.);
#4761=ADVANCED_FACE('',(#387),#4478,.F.);
#4762=ADVANCED_FACE('',(#388),#4479,.F.);
#4763=ADVANCED_FACE('',(#389),#4480,.F.);
#4764=ADVANCED_FACE('',(#390),#4481,.F.);
#4765=ADVANCED_FACE('',(#391),#4482,.F.);
#4766=ADVANCED_FACE('',(#392),#4483,.F.);
#4767=ADVANCED_FACE('',(#393),#4484,.F.);
#4768=ADVANCED_FACE('',(#394),#4485,.F.);
#4769=ADVANCED_FACE('',(#395),#4486,.F.);
#4770=ADVANCED_FACE('',(#396),#4487,.F.);
#4771=ADVANCED_FACE('',(#397),#57,.F.);
#4772=ADVANCED_FACE('',(#398),#4488,.F.);
#4773=ADVANCED_FACE('',(#399),#58,.F.);
#4774=ADVANCED_FACE('',(#400),#59,.F.);
#4775=ADVANCED_FACE('',(#401),#4489,.F.);
#4776=ADVANCED_FACE('',(#402),#60,.F.);
#4777=ADVANCED_FACE('',(#403),#4490,.F.);
#4778=ADVANCED_FACE('',(#404),#4491,.F.);
#4779=ADVANCED_FACE('',(#405),#4492,.F.);
#4780=ADVANCED_FACE('',(#406),#4493,.F.);
#4781=ADVANCED_FACE('',(#407),#4494,.F.);
#4782=ADVANCED_FACE('',(#408),#4495,.F.);
#4783=ADVANCED_FACE('',(#409),#4496,.F.);
#4784=ADVANCED_FACE('',(#410),#4497,.F.);
#4785=ADVANCED_FACE('',(#411),#4498,.F.);
#4786=ADVANCED_FACE('',(#412),#4499,.F.);
#4787=ADVANCED_FACE('',(#413),#4500,.F.);
#4788=ADVANCED_FACE('',(#414),#4501,.F.);
#4789=ADVANCED_FACE('',(#415),#4502,.F.);
#4790=ADVANCED_FACE('',(#416),#4503,.F.);
#4791=ADVANCED_FACE('',(#417),#4504,.F.);
#4792=ADVANCED_FACE('',(#418),#4505,.F.);
#4793=ADVANCED_FACE('',(#419),#4506,.F.);
#4794=ADVANCED_FACE('',(#420),#4507,.F.);
#4795=ADVANCED_FACE('',(#421),#61,.F.);
#4796=ADVANCED_FACE('',(#422),#4508,.F.);
#4797=ADVANCED_FACE('',(#423),#62,.F.);
#4798=ADVANCED_FACE('',(#424),#4509,.T.);
#4799=ADVANCED_FACE('',(#425),#4510,.T.);
#4800=ADVANCED_FACE('',(#426),#4511,.T.);
#4801=ADVANCED_FACE('',(#427),#4512,.T.);
#4802=ADVANCED_FACE('',(#428),#4513,.T.);
#4803=ADVANCED_FACE('',(#429),#4514,.T.);
#4804=ADVANCED_FACE('',(#430),#4515,.T.);
#4805=ADVANCED_FACE('',(#431),#4516,.T.);
#4806=ADVANCED_FACE('',(#432),#4517,.T.);
#4807=ADVANCED_FACE('',(#433),#4518,.T.);
#4808=CLOSED_SHELL('',(#4519,#4520,#4521,#4522,#4523,#4524));
#4809=CLOSED_SHELL('',(#4525,#4526,#4527,#4528,#4529,#4530));
#4810=CLOSED_SHELL('',(#4531,#4532,#4533,#4534,#4535,#4536));
#4811=CLOSED_SHELL('',(#4537,#4538,#4539,#4540,#4541,#4542));
#4812=CLOSED_SHELL('',(#4543,#4544,#4545,#4546,#4547,#4548));
#4813=CLOSED_SHELL('',(#4549,#4550,#4551,#4552,#4553,#4554));
#4814=CLOSED_SHELL('',(#4555,#4556,#4557,#4558,#4559,#4560));
#4815=CLOSED_SHELL('',(#4561,#4562,#4563,#4564,#4565,#4566,#4567,#4568));
#4816=CLOSED_SHELL('',(#4569,#4570,#4571,#4572,#4573,#4574));
#4817=CLOSED_SHELL('',(#4575,#4576,#4577,#4578,#4579,#4580));
#4818=CLOSED_SHELL('',(#4581,#4582,#4583,#4584,#4585,#4586));
#4819=CLOSED_SHELL('',(#4587,#4588,#4589,#4590,#4591,#4592));
#4820=CLOSED_SHELL('',(#4593,#4594,#4595,#4596,#4597,#4598));
#4821=CLOSED_SHELL('',(#4599,#4600,#4601,#4602,#4603,#4604));
#4822=CLOSED_SHELL('',(#4605,#4606,#4607,#4608,#4609,#4610));
#4823=CLOSED_SHELL('',(#4611,#4612,#4613,#4614,#4615,#4616));
#4824=CLOSED_SHELL('',(#4617,#4618,#4619,#4620,#4621,#4622));
#4825=CLOSED_SHELL('',(#4623,#4624,#4625,#4626,#4627,#4628));
#4826=CLOSED_SHELL('',(#4629,#4630,#4631,#4632,#4633,#4634));
#4827=CLOSED_SHELL('',(#4635,#4636,#4637,#4638,#4639,#4640,#4641,#4642));
#4828=CLOSED_SHELL('',(#4643,#4644,#4645,#4646,#4647,#4648,#4649,#4650));
#4829=CLOSED_SHELL('',(#4651,#4652,#4653,#4654,#4655,#4656));
#4830=CLOSED_SHELL('',(#4657,#4658,#4659,#4660,#4661,#4662));
#4831=CLOSED_SHELL('',(#4663,#4664,#4665,#4666,#4667,#4668));
#4832=CLOSED_SHELL('',(#4669,#4670,#4671,#4672,#4673,#4674));
#4833=CLOSED_SHELL('',(#4675,#4676,#4677,#4678,#4679,#4680));
#4834=CLOSED_SHELL('',(#4681,#4682,#4683,#4684,#4685,#4686));
#4835=CLOSED_SHELL('',(#4687,#4688,#4689,#4690,#4691,#4692,#4693,#4694,
#4695,#4696,#4697,#4698));
#4836=CLOSED_SHELL('',(#4699,#4700,#4701,#4702,#4703,#4704,#4705,#4706,
#4707,#4708,#4709,#4710));
#4837=CLOSED_SHELL('',(#4711,#4712,#4713,#4714,#4715,#4716,#4717,#4718,
#4719,#4720,#4721,#4722));
#4838=CLOSED_SHELL('',(#4723,#4724,#4725,#4726,#4727,#4728,#4729,#4730,
#4731,#4732,#4733,#4734));
#4839=CLOSED_SHELL('',(#4735,#4736,#4737,#4738,#4739));
#4840=CLOSED_SHELL('',(#4740,#4741,#4742,#4743,#4744));
#4841=CLOSED_SHELL('',(#4745,#4746,#4747,#4748,#4749));
#4842=CLOSED_SHELL('',(#4750,#4751,#4752,#4753,#4754,#4755,#4756,#4757,
#4758,#4759,#4760,#4761));
#4843=CLOSED_SHELL('',(#4762,#4763,#4764,#4765,#4766,#4767,#4768,#4769,
#4770,#4771,#4772,#4773));
#4844=CLOSED_SHELL('',(#4774,#4775,#4776,#4777,#4778,#4779,#4780,#4781,
#4782,#4783,#4784,#4785));
#4845=CLOSED_SHELL('',(#4786,#4787,#4788,#4789,#4790,#4791,#4792,#4793,
#4794,#4795,#4796,#4797));
#4846=CLOSED_SHELL('',(#4798,#4799,#4800,#4801,#4802,#4803,#4804,#4805,
#4806,#4807));
#4847=DERIVED_UNIT_ELEMENT(#4849,1.);
#4848=DERIVED_UNIT_ELEMENT(#7786,-3.);
#4849=(
MASS_UNIT()
NAMED_UNIT(*)
SI_UNIT(.KILO.,.GRAM.)
);
#4850=DERIVED_UNIT((#4847,#4848));
#4851=MEASURE_REPRESENTATION_ITEM('density measure',
POSITIVE_RATIO_MEASURE(7850.),#4850);
#4852=PROPERTY_DEFINITION_REPRESENTATION(#4857,#4854);
#4853=PROPERTY_DEFINITION_REPRESENTATION(#4858,#4855);
#4854=REPRESENTATION('material name',(#4856),#7783);
#4855=REPRESENTATION('density',(#4851),#7783);
#4856=DESCRIPTIVE_REPRESENTATION_ITEM('Steel','Steel');
#4857=PROPERTY_DEFINITION('material property','material name',#7798);
#4858=PROPERTY_DEFINITION('material property','density of part',#7798);
#4859=AXIS2_PLACEMENT_3D('',#6432,#5183,#5184);
#4860=AXIS2_PLACEMENT_3D('',#6433,#5185,#5186);
#4861=AXIS2_PLACEMENT_3D('',#6434,#5187,#5188);
#4862=AXIS2_PLACEMENT_3D('',#6443,#5193,#5194);
#4863=AXIS2_PLACEMENT_3D('',#6449,#5198,#5199);
#4864=AXIS2_PLACEMENT_3D('',#6453,#5202,#5203);
#4865=AXIS2_PLACEMENT_3D('',#6457,#5206,#5207);
#4866=AXIS2_PLACEMENT_3D('',#6459,#5209,#5210);
#4867=AXIS2_PLACEMENT_3D('',#6460,#5211,#5212);
#4868=AXIS2_PLACEMENT_3D('',#6469,#5217,#5218);
#4869=AXIS2_PLACEMENT_3D('',#6475,#5222,#5223);
#4870=AXIS2_PLACEMENT_3D('',#6479,#5226,#5227);
#4871=AXIS2_PLACEMENT_3D('',#6483,#5230,#5231);
#4872=AXIS2_PLACEMENT_3D('',#6485,#5233,#5234);
#4873=AXIS2_PLACEMENT_3D('',#6486,#5235,#5236);
#4874=AXIS2_PLACEMENT_3D('',#6495,#5241,#5242);
#4875=AXIS2_PLACEMENT_3D('',#6501,#5246,#5247);
#4876=AXIS2_PLACEMENT_3D('',#6505,#5250,#5251);
#4877=AXIS2_PLACEMENT_3D('',#6509,#5254,#5255);
#4878=AXIS2_PLACEMENT_3D('',#6511,#5257,#5258);
#4879=AXIS2_PLACEMENT_3D('',#6512,#5259,#5260);
#4880=AXIS2_PLACEMENT_3D('',#6521,#5265,#5266);
#4881=AXIS2_PLACEMENT_3D('',#6527,#5270,#5271);
#4882=AXIS2_PLACEMENT_3D('',#6531,#5274,#5275);
#4883=AXIS2_PLACEMENT_3D('',#6535,#5278,#5279);
#4884=AXIS2_PLACEMENT_3D('',#6537,#5281,#5282);
#4885=AXIS2_PLACEMENT_3D('',#6538,#5283,#5284);
#4886=AXIS2_PLACEMENT_3D('',#6547,#5289,#5290);
#4887=AXIS2_PLACEMENT_3D('',#6553,#5294,#5295);
#4888=AXIS2_PLACEMENT_3D('',#6557,#5298,#5299);
#4889=AXIS2_PLACEMENT_3D('',#6561,#5302,#5303);
#4890=AXIS2_PLACEMENT_3D('',#6563,#5305,#5306);
#4891=AXIS2_PLACEMENT_3D('',#6564,#5307,#5308);
#4892=AXIS2_PLACEMENT_3D('',#6573,#5313,#5314);
#4893=AXIS2_PLACEMENT_3D('',#6579,#5318,#5319);
#4894=AXIS2_PLACEMENT_3D('',#6583,#5322,#5323);
#4895=AXIS2_PLACEMENT_3D('',#6587,#5326,#5327);
#4896=AXIS2_PLACEMENT_3D('',#6589,#5329,#5330);
#4897=AXIS2_PLACEMENT_3D('',#6590,#5331,#5332);
#4898=AXIS2_PLACEMENT_3D('',#6599,#5337,#5338);
#4899=AXIS2_PLACEMENT_3D('',#6605,#5342,#5343);
#4900=AXIS2_PLACEMENT_3D('',#6609,#5346,#5347);
#4901=AXIS2_PLACEMENT_3D('',#6613,#5350,#5351);
#4902=AXIS2_PLACEMENT_3D('',#6615,#5353,#5354);
#4903=AXIS2_PLACEMENT_3D('',#6616,#5355,#5356);
#4904=AXIS2_PLACEMENT_3D('',#6627,#5362,#5363);
#4905=AXIS2_PLACEMENT_3D('',#6633,#5367,#5368);
#4906=AXIS2_PLACEMENT_3D('',#6641,#5373,#5374);
#4907=AXIS2_PLACEMENT_3D('',#6647,#5378,#5379);
#4908=AXIS2_PLACEMENT_3D('',#6649,#5381,#5382);
#4909=AXIS2_PLACEMENT_3D('',#6651,#5384,#5385);
#4910=AXIS2_PLACEMENT_3D('',#6653,#5387,#5388);
#4911=AXIS2_PLACEMENT_3D('',#6654,#5389,#5390);
#4912=AXIS2_PLACEMENT_3D('',#6663,#5395,#5396);
#4913=AXIS2_PLACEMENT_3D('',#6669,#5400,#5401);
#4914=AXIS2_PLACEMENT_3D('',#6673,#5404,#5405);
#4915=AXIS2_PLACEMENT_3D('',#6677,#5408,#5409);
#4916=AXIS2_PLACEMENT_3D('',#6679,#5411,#5412);
#4917=AXIS2_PLACEMENT_3D('',#6680,#5413,#5414);
#4918=AXIS2_PLACEMENT_3D('',#6689,#5419,#5420);
#4919=AXIS2_PLACEMENT_3D('',#6695,#5424,#5425);
#4920=AXIS2_PLACEMENT_3D('',#6699,#5428,#5429);
#4921=AXIS2_PLACEMENT_3D('',#6703,#5432,#5433);
#4922=AXIS2_PLACEMENT_3D('',#6705,#5435,#5436);
#4923=AXIS2_PLACEMENT_3D('',#6706,#5437,#5438);
#4924=AXIS2_PLACEMENT_3D('',#6715,#5443,#5444);
#4925=AXIS2_PLACEMENT_3D('',#6721,#5448,#5449);
#4926=AXIS2_PLACEMENT_3D('',#6725,#5452,#5453);
#4927=AXIS2_PLACEMENT_3D('',#6729,#5456,#5457);
#4928=AXIS2_PLACEMENT_3D('',#6731,#5459,#5460);
#4929=AXIS2_PLACEMENT_3D('',#6732,#5461,#5462);
#4930=AXIS2_PLACEMENT_3D('',#6741,#5467,#5468);
#4931=AXIS2_PLACEMENT_3D('',#6747,#5472,#5473);
#4932=AXIS2_PLACEMENT_3D('',#6751,#5476,#5477);
#4933=AXIS2_PLACEMENT_3D('',#6755,#5480,#5481);
#4934=AXIS2_PLACEMENT_3D('',#6757,#5483,#5484);
#4935=AXIS2_PLACEMENT_3D('',#6758,#5485,#5486);
#4936=AXIS2_PLACEMENT_3D('',#6767,#5491,#5492);
#4937=AXIS2_PLACEMENT_3D('',#6773,#5496,#5497);
#4938=AXIS2_PLACEMENT_3D('',#6777,#5500,#5501);
#4939=AXIS2_PLACEMENT_3D('',#6781,#5504,#5505);
#4940=AXIS2_PLACEMENT_3D('',#6783,#5507,#5508);
#4941=AXIS2_PLACEMENT_3D('',#6784,#5509,#5510);
#4942=AXIS2_PLACEMENT_3D('',#6793,#5515,#5516);
#4943=AXIS2_PLACEMENT_3D('',#6799,#5520,#5521);
#4944=AXIS2_PLACEMENT_3D('',#6803,#5524,#5525);
#4945=AXIS2_PLACEMENT_3D('',#6807,#5528,#5529);
#4946=AXIS2_PLACEMENT_3D('',#6809,#5531,#5532);
#4947=AXIS2_PLACEMENT_3D('',#6810,#5533,#5534);
#4948=AXIS2_PLACEMENT_3D('',#6819,#5539,#5540);
#4949=AXIS2_PLACEMENT_3D('',#6825,#5544,#5545);
#4950=AXIS2_PLACEMENT_3D('',#6829,#5548,#5549);
#4951=AXIS2_PLACEMENT_3D('',#6833,#5552,#5553);
#4952=AXIS2_PLACEMENT_3D('',#6835,#5555,#5556);
#4953=AXIS2_PLACEMENT_3D('',#6836,#5557,#5558);
#4954=AXIS2_PLACEMENT_3D('',#6845,#5563,#5564);
#4955=AXIS2_PLACEMENT_3D('',#6851,#5568,#5569);
#4956=AXIS2_PLACEMENT_3D('',#6855,#5572,#5573);
#4957=AXIS2_PLACEMENT_3D('',#6859,#5576,#5577);
#4958=AXIS2_PLACEMENT_3D('',#6861,#5579,#5580);
#4959=AXIS2_PLACEMENT_3D('',#6862,#5581,#5582);
#4960=AXIS2_PLACEMENT_3D('',#6871,#5587,#5588);
#4961=AXIS2_PLACEMENT_3D('',#6877,#5592,#5593);
#4962=AXIS2_PLACEMENT_3D('',#6881,#5596,#5597);
#4963=AXIS2_PLACEMENT_3D('',#6885,#5600,#5601);
#4964=AXIS2_PLACEMENT_3D('',#6887,#5603,#5604);
#4965=AXIS2_PLACEMENT_3D('',#6888,#5605,#5606);
#4966=AXIS2_PLACEMENT_3D('',#6897,#5611,#5612);
#4967=AXIS2_PLACEMENT_3D('',#6903,#5616,#5617);
#4968=AXIS2_PLACEMENT_3D('',#6907,#5620,#5621);
#4969=AXIS2_PLACEMENT_3D('',#6911,#5624,#5625);
#4970=AXIS2_PLACEMENT_3D('',#6913,#5627,#5628);
#4971=AXIS2_PLACEMENT_3D('',#6914,#5629,#5630);
#4972=AXIS2_PLACEMENT_3D('',#6923,#5635,#5636);
#4973=AXIS2_PLACEMENT_3D('',#6929,#5640,#5641);
#4974=AXIS2_PLACEMENT_3D('',#6933,#5644,#5645);
#4975=AXIS2_PLACEMENT_3D('',#6937,#5648,#5649);
#4976=AXIS2_PLACEMENT_3D('',#6939,#5651,#5652);
#4977=AXIS2_PLACEMENT_3D('',#6940,#5653,#5654);
#4978=AXIS2_PLACEMENT_3D('',#6951,#5660,#5661);
#4979=AXIS2_PLACEMENT_3D('',#6957,#5665,#5666);
#4980=AXIS2_PLACEMENT_3D('',#6965,#5671,#5672);
#4981=AXIS2_PLACEMENT_3D('',#6971,#5676,#5677);
#4982=AXIS2_PLACEMENT_3D('',#6973,#5679,#5680);
#4983=AXIS2_PLACEMENT_3D('',#6975,#5682,#5683);
#4984=AXIS2_PLACEMENT_3D('',#6977,#5685,#5686);
#4985=AXIS2_PLACEMENT_3D('',#6978,#5687,#5688);
#4986=AXIS2_PLACEMENT_3D('',#6989,#5694,#5695);
#4987=AXIS2_PLACEMENT_3D('',#6995,#5699,#5700);
#4988=AXIS2_PLACEMENT_3D('',#7003,#5705,#5706);
#4989=AXIS2_PLACEMENT_3D('',#7009,#5710,#5711);
#4990=AXIS2_PLACEMENT_3D('',#7011,#5713,#5714);
#4991=AXIS2_PLACEMENT_3D('',#7013,#5716,#5717);
#4992=AXIS2_PLACEMENT_3D('',#7015,#5719,#5720);
#4993=AXIS2_PLACEMENT_3D('',#7016,#5721,#5722);
#4994=AXIS2_PLACEMENT_3D('',#7025,#5727,#5728);
#4995=AXIS2_PLACEMENT_3D('',#7031,#5732,#5733);
#4996=AXIS2_PLACEMENT_3D('',#7035,#5736,#5737);
#4997=AXIS2_PLACEMENT_3D('',#7039,#5740,#5741);
#4998=AXIS2_PLACEMENT_3D('',#7041,#5743,#5744);
#4999=AXIS2_PLACEMENT_3D('',#7042,#5745,#5746);
#5000=AXIS2_PLACEMENT_3D('',#7051,#5751,#5752);
#5001=AXIS2_PLACEMENT_3D('',#7057,#5756,#5757);
#5002=AXIS2_PLACEMENT_3D('',#7061,#5760,#5761);
#5003=AXIS2_PLACEMENT_3D('',#7065,#5764,#5765);
#5004=AXIS2_PLACEMENT_3D('',#7067,#5767,#5768);
#5005=AXIS2_PLACEMENT_3D('',#7068,#5769,#5770);
#5006=AXIS2_PLACEMENT_3D('',#7077,#5775,#5776);
#5007=AXIS2_PLACEMENT_3D('',#7083,#5780,#5781);
#5008=AXIS2_PLACEMENT_3D('',#7087,#5784,#5785);
#5009=AXIS2_PLACEMENT_3D('',#7091,#5788,#5789);
#5010=AXIS2_PLACEMENT_3D('',#7093,#5791,#5792);
#5011=AXIS2_PLACEMENT_3D('',#7094,#5793,#5794);
#5012=AXIS2_PLACEMENT_3D('',#7103,#5799,#5800);
#5013=AXIS2_PLACEMENT_3D('',#7109,#5804,#5805);
#5014=AXIS2_PLACEMENT_3D('',#7113,#5808,#5809);
#5015=AXIS2_PLACEMENT_3D('',#7117,#5812,#5813);
#5016=AXIS2_PLACEMENT_3D('',#7119,#5815,#5816);
#5017=AXIS2_PLACEMENT_3D('',#7120,#5817,#5818);
#5018=AXIS2_PLACEMENT_3D('',#7129,#5823,#5824);
#5019=AXIS2_PLACEMENT_3D('',#7135,#5828,#5829);
#5020=AXIS2_PLACEMENT_3D('',#7139,#5832,#5833);
#5021=AXIS2_PLACEMENT_3D('',#7143,#5836,#5837);
#5022=AXIS2_PLACEMENT_3D('',#7145,#5839,#5840);
#5023=AXIS2_PLACEMENT_3D('',#7146,#5841,#5842);
#5024=AXIS2_PLACEMENT_3D('',#7155,#5847,#5848);
#5025=AXIS2_PLACEMENT_3D('',#7161,#5852,#5853);
#5026=AXIS2_PLACEMENT_3D('',#7165,#5856,#5857);
#5027=AXIS2_PLACEMENT_3D('',#7169,#5860,#5861);
#5028=AXIS2_PLACEMENT_3D('',#7171,#5863,#5864);
#5029=AXIS2_PLACEMENT_3D('',#7172,#5865,#5866);
#5030=AXIS2_PLACEMENT_3D('',#7175,#5867,#5868);
#5031=AXIS2_PLACEMENT_3D('',#7179,#5870,#5871);
#5032=AXIS2_PLACEMENT_3D('',#7181,#5873,#5874);
#5033=AXIS2_PLACEMENT_3D('',#7187,#5878,#5879);
#5034=AXIS2_PLACEMENT_3D('',#7189,#5880,#5881);
#5035=AXIS2_PLACEMENT_3D('',#7192,#5883,#5884);
#5036=AXIS2_PLACEMENT_3D('',#7193,#5885,#5886);
#5037=AXIS2_PLACEMENT_3D('',#7199,#5890,#5891);
#5038=AXIS2_PLACEMENT_3D('',#7208,#5896,#5897);
#5039=AXIS2_PLACEMENT_3D('',#7211,#5900,#5901);
#5040=AXIS2_PLACEMENT_3D('',#7217,#5905,#5906);
#5041=AXIS2_PLACEMENT_3D('',#7223,#5910,#5911);
#5042=AXIS2_PLACEMENT_3D('',#7227,#5914,#5915);
#5043=AXIS2_PLACEMENT_3D('',#7231,#5918,#5919);
#5044=AXIS2_PLACEMENT_3D('',#7233,#5921,#5922);
#5045=AXIS2_PLACEMENT_3D('',#7234,#5923,#5924);
#5046=AXIS2_PLACEMENT_3D('',#7243,#5929,#5930);
#5047=AXIS2_PLACEMENT_3D('',#7249,#5934,#5935);
#5048=AXIS2_PLACEMENT_3D('',#7261,#5941,#5942);
#5049=AXIS2_PLACEMENT_3D('',#7264,#5944,#5945);
#5050=AXIS2_PLACEMENT_3D('',#7265,#5946,#5947);
#5051=AXIS2_PLACEMENT_3D('',#7269,#5950,#5951);
#5052=AXIS2_PLACEMENT_3D('',#7271,#5952,#5953);
#5053=AXIS2_PLACEMENT_3D('',#7275,#5955,#5956);
#5054=AXIS2_PLACEMENT_3D('',#7283,#5961,#5962);
#5055=AXIS2_PLACEMENT_3D('',#7285,#5964,#5965);
#5056=AXIS2_PLACEMENT_3D('',#7288,#5968,#5969);
#5057=AXIS2_PLACEMENT_3D('',#7289,#5970,#5971);
#5058=AXIS2_PLACEMENT_3D('',#7291,#5973,#5974);
#5059=AXIS2_PLACEMENT_3D('',#7293,#5976,#5977);
#5060=AXIS2_PLACEMENT_3D('',#7295,#5979,#5980);
#5061=AXIS2_PLACEMENT_3D('',#7296,#5981,#5982);
#5062=AXIS2_PLACEMENT_3D('',#7299,#5983,#5984);
#5063=AXIS2_PLACEMENT_3D('',#7303,#5986,#5987);
#5064=AXIS2_PLACEMENT_3D('',#7305,#5989,#5990);
#5065=AXIS2_PLACEMENT_3D('',#7311,#5994,#5995);
#5066=AXIS2_PLACEMENT_3D('',#7313,#5996,#5997);
#5067=AXIS2_PLACEMENT_3D('',#7316,#5999,#6000);
#5068=AXIS2_PLACEMENT_3D('',#7317,#6001,#6002);
#5069=AXIS2_PLACEMENT_3D('',#7323,#6006,#6007);
#5070=AXIS2_PLACEMENT_3D('',#7332,#6012,#6013);
#5071=AXIS2_PLACEMENT_3D('',#7335,#6016,#6017);
#5072=AXIS2_PLACEMENT_3D('',#7341,#6021,#6022);
#5073=AXIS2_PLACEMENT_3D('',#7347,#6026,#6027);
#5074=AXIS2_PLACEMENT_3D('',#7351,#6030,#6031);
#5075=AXIS2_PLACEMENT_3D('',#7355,#6034,#6035);
#5076=AXIS2_PLACEMENT_3D('',#7357,#6037,#6038);
#5077=AXIS2_PLACEMENT_3D('',#7358,#6039,#6040);
#5078=AXIS2_PLACEMENT_3D('',#7367,#6045,#6046);
#5079=AXIS2_PLACEMENT_3D('',#7373,#6050,#6051);
#5080=AXIS2_PLACEMENT_3D('',#7385,#6057,#6058);
#5081=AXIS2_PLACEMENT_3D('',#7388,#6060,#6061);
#5082=AXIS2_PLACEMENT_3D('',#7389,#6062,#6063);
#5083=AXIS2_PLACEMENT_3D('',#7393,#6066,#6067);
#5084=AXIS2_PLACEMENT_3D('',#7395,#6068,#6069);
#5085=AXIS2_PLACEMENT_3D('',#7399,#6071,#6072);
#5086=AXIS2_PLACEMENT_3D('',#7407,#6077,#6078);
#5087=AXIS2_PLACEMENT_3D('',#7409,#6080,#6081);
#5088=AXIS2_PLACEMENT_3D('',#7412,#6084,#6085);
#5089=AXIS2_PLACEMENT_3D('',#7413,#6086,#6087);
#5090=AXIS2_PLACEMENT_3D('',#7415,#6089,#6090);
#5091=AXIS2_PLACEMENT_3D('',#7417,#6092,#6093);
#5092=AXIS2_PLACEMENT_3D('',#7419,#6095,#6096);
#5093=AXIS2_PLACEMENT_3D('',#7420,#6097,#6098);
#5094=AXIS2_PLACEMENT_3D('',#7429,#6103,#6104);
#5095=AXIS2_PLACEMENT_3D('',#7435,#6108,#6109);
#5096=AXIS2_PLACEMENT_3D('',#7438,#6112,#6113);
#5097=AXIS2_PLACEMENT_3D('',#7439,#6114,#6115);
#5098=AXIS2_PLACEMENT_3D('',#7440,#6116,#6117);
#5099=AXIS2_PLACEMENT_3D('',#7449,#6122,#6123);
#5100=AXIS2_PLACEMENT_3D('',#7455,#6127,#6128);
#5101=AXIS2_PLACEMENT_3D('',#7458,#6131,#6132);
#5102=AXIS2_PLACEMENT_3D('',#7459,#6133,#6134);
#5103=AXIS2_PLACEMENT_3D('',#7460,#6135,#6136);
#5104=AXIS2_PLACEMENT_3D('',#7469,#6141,#6142);
#5105=AXIS2_PLACEMENT_3D('',#7475,#6146,#6147);
#5106=AXIS2_PLACEMENT_3D('',#7478,#6150,#6151);
#5107=AXIS2_PLACEMENT_3D('',#7479,#6152,#6153);
#5108=AXIS2_PLACEMENT_3D('',#7480,#6154,#6155);
#5109=AXIS2_PLACEMENT_3D('',#7483,#6156,#6157);
#5110=AXIS2_PLACEMENT_3D('',#7487,#6159,#6160);
#5111=AXIS2_PLACEMENT_3D('',#7489,#6162,#6163);
#5112=AXIS2_PLACEMENT_3D('',#7495,#6167,#6168);
#5113=AXIS2_PLACEMENT_3D('',#7497,#6169,#6170);
#5114=AXIS2_PLACEMENT_3D('',#7499,#6171,#6172);
#5115=AXIS2_PLACEMENT_3D('',#7501,#6174,#6175);
#5116=AXIS2_PLACEMENT_3D('',#7507,#6179,#6180);
#5117=AXIS2_PLACEMENT_3D('',#7516,#6185,#6186);
#5118=AXIS2_PLACEMENT_3D('',#7519,#6189,#6190);
#5119=AXIS2_PLACEMENT_3D('',#7525,#6194,#6195);
#5120=AXIS2_PLACEMENT_3D('',#7531,#6199,#6200);
#5121=AXIS2_PLACEMENT_3D('',#7535,#6203,#6204);
#5122=AXIS2_PLACEMENT_3D('',#7539,#6207,#6208);
#5123=AXIS2_PLACEMENT_3D('',#7541,#6210,#6211);
#5124=AXIS2_PLACEMENT_3D('',#7542,#6212,#6213);
#5125=AXIS2_PLACEMENT_3D('',#7551,#6218,#6219);
#5126=AXIS2_PLACEMENT_3D('',#7557,#6223,#6224);
#5127=AXIS2_PLACEMENT_3D('',#7559,#6225,#6226);
#5128=AXIS2_PLACEMENT_3D('',#7563,#6228,#6229);
#5129=AXIS2_PLACEMENT_3D('',#7573,#6235,#6236);
#5130=AXIS2_PLACEMENT_3D('',#7577,#6239,#6240);
#5131=AXIS2_PLACEMENT_3D('',#7587,#6245,#6246);
#5132=AXIS2_PLACEMENT_3D('',#7590,#6248,#6249);
#5133=AXIS2_PLACEMENT_3D('',#7591,#6250,#6251);
#5134=AXIS2_PLACEMENT_3D('',#7593,#6253,#6254);
#5135=AXIS2_PLACEMENT_3D('',#7596,#6257,#6258);
#5136=AXIS2_PLACEMENT_3D('',#7597,#6259,#6260);
#5137=AXIS2_PLACEMENT_3D('',#7599,#6262,#6263);
#5138=AXIS2_PLACEMENT_3D('',#7601,#6265,#6266);
#5139=AXIS2_PLACEMENT_3D('',#7603,#6268,#6269);
#5140=AXIS2_PLACEMENT_3D('',#7604,#6270,#6271);
#5141=AXIS2_PLACEMENT_3D('',#7607,#6272,#6273);
#5142=AXIS2_PLACEMENT_3D('',#7611,#6275,#6276);
#5143=AXIS2_PLACEMENT_3D('',#7613,#6278,#6279);
#5144=AXIS2_PLACEMENT_3D('',#7619,#6283,#6284);
#5145=AXIS2_PLACEMENT_3D('',#7621,#6285,#6286);
#5146=AXIS2_PLACEMENT_3D('',#7623,#6287,#6288);
#5147=AXIS2_PLACEMENT_3D('',#7625,#6290,#6291);
#5148=AXIS2_PLACEMENT_3D('',#7631,#6295,#6296);
#5149=AXIS2_PLACEMENT_3D('',#7640,#6301,#6302);
#5150=AXIS2_PLACEMENT_3D('',#7643,#6305,#6306);
#5151=AXIS2_PLACEMENT_3D('',#7649,#6310,#6311);
#5152=AXIS2_PLACEMENT_3D('',#7655,#6315,#6316);
#5153=AXIS2_PLACEMENT_3D('',#7659,#6319,#6320);
#5154=AXIS2_PLACEMENT_3D('',#7663,#6323,#6324);
#5155=AXIS2_PLACEMENT_3D('',#7665,#6326,#6327);
#5156=AXIS2_PLACEMENT_3D('',#7666,#6328,#6329);
#5157=AXIS2_PLACEMENT_3D('',#7675,#6334,#6335);
#5158=AXIS2_PLACEMENT_3D('',#7681,#6339,#6340);
#5159=AXIS2_PLACEMENT_3D('',#7683,#6341,#6342);
#5160=AXIS2_PLACEMENT_3D('',#7687,#6344,#6345);
#5161=AXIS2_PLACEMENT_3D('',#7697,#6351,#6352);
#5162=AXIS2_PLACEMENT_3D('',#7701,#6355,#6356);
#5163=AXIS2_PLACEMENT_3D('',#7711,#6361,#6362);
#5164=AXIS2_PLACEMENT_3D('',#7714,#6364,#6365);
#5165=AXIS2_PLACEMENT_3D('',#7715,#6366,#6367);
#5166=AXIS2_PLACEMENT_3D('',#7717,#6369,#6370);
#5167=AXIS2_PLACEMENT_3D('',#7720,#6373,#6374);
#5168=AXIS2_PLACEMENT_3D('',#7721,#6375,#6376);
#5169=AXIS2_PLACEMENT_3D('',#7723,#6378,#6379);
#5170=AXIS2_PLACEMENT_3D('',#7725,#6381,#6382);
#5171=AXIS2_PLACEMENT_3D('',#7727,#6384,#6385);
#5172=AXIS2_PLACEMENT_3D('',#7728,#6386,#6387);
#5173=AXIS2_PLACEMENT_3D('',#7737,#6392,#6393);
#5174=AXIS2_PLACEMENT_3D('',#7743,#6397,#6398);
#5175=AXIS2_PLACEMENT_3D('',#7749,#6402,#6403);
#5176=AXIS2_PLACEMENT_3D('',#7755,#6407,#6408);
#5177=AXIS2_PLACEMENT_3D('',#7761,#6412,#6413);
#5178=AXIS2_PLACEMENT_3D('',#7767,#6417,#6418);
#5179=AXIS2_PLACEMENT_3D('',#7773,#6422,#6423);
#5180=AXIS2_PLACEMENT_3D('',#7776,#6426,#6427);
#5181=AXIS2_PLACEMENT_3D('',#7777,#6428,#6429);
#5182=AXIS2_PLACEMENT_3D('',#7778,#6430,#6431);
#5183=DIRECTION('axis',(0.,0.,1.));
#5184=DIRECTION('refdir',(1.,0.,0.));
#5185=DIRECTION('axis',(0.,0.,1.));
#5186=DIRECTION('refdir',(1.,0.,0.));
#5187=DIRECTION('center_axis',(0.923879532511346,0.382683432364946,1.68922497695252E-13));
#5188=DIRECTION('ref_axis',(-0.382683432364946,0.923879532511346,0.));
#5189=DIRECTION('',(0.281084637713793,-0.678598344543965,0.678598344548154));
#5190=DIRECTION('',(-0.281084637715653,0.678598344547856,0.678598344543493));
#5191=DIRECTION('',(-0.281084637713793,0.678598344543965,-0.678598344548154));
#5192=DIRECTION('',(0.281084637714821,-0.678598344545847,-0.678598344545847));
#5193=DIRECTION('center_axis',(0.500000000001608,-0.500000000001608,-0.707106781184274));
#5194=DIRECTION('ref_axis',(-0.707106781186548,-0.707106781186548,-4.32978028117747E-17));
#5195=DIRECTION('',(-0.707106781186548,-0.707106781186548,-4.32978028117747E-17));
#5196=DIRECTION('',(0.67859834454383,-0.281084637714,0.678598344548204));
#5197=DIRECTION('',(-0.707106781186548,-0.707106781186548,-4.32978028117747E-17));
#5198=DIRECTION('center_axis',(-0.499999999998392,0.499999999998392,-0.707106781188821));
#5199=DIRECTION('ref_axis',(-0.707106781186548,-0.707106781186548,0.));
#5200=DIRECTION('',(0.707106781186548,0.707106781186547,-3.4793265536117E-16));
#5201=DIRECTION('',(0.678598344547857,-0.281084637715652,-0.678598344543492));
#5202=DIRECTION('center_axis',(-0.382683432365098,-0.923879532511283,-1.07979514265246E-14));
#5203=DIRECTION('ref_axis',(0.923879532511283,-0.382683432365098,0.));
#5204=DIRECTION('',(-0.67859834454383,0.281084637714,-0.678598344548204));
#5205=DIRECTION('',(-0.678598344545847,0.28108463771482,0.678598344545847));
#5206=DIRECTION('center_axis',(-0.500000000001607,0.500000000001608,0.707106781184274));
#5207=DIRECTION('ref_axis',(0.707106781186548,0.707106781186547,-3.47932655361169E-16));
#5208=DIRECTION('',(-0.707106781186548,-0.707106781186547,3.47932655361169E-16));
#5209=DIRECTION('center_axis',(-0.5,0.5,-0.707106781186547));
#5210=DIRECTION('ref_axis',(-0.5,0.5,0.707106781186548));
#5211=DIRECTION('center_axis',(0.923879532511346,0.382683432364946,1.68922497695252E-13));
#5212=DIRECTION('ref_axis',(-0.382683432364946,0.923879532511346,0.));
#5213=DIRECTION('',(0.281084637713793,-0.678598344543965,0.678598344548154));
#5214=DIRECTION('',(-0.281084637715653,0.678598344547856,0.678598344543493));
#5215=DIRECTION('',(-0.281084637713793,0.678598344543965,-0.678598344548154));
#5216=DIRECTION('',(0.281084637714821,-0.678598344545847,-0.678598344545847));
#5217=DIRECTION('center_axis',(0.500000000001607,-0.500000000001608,-0.707106781184274));
#5218=DIRECTION('ref_axis',(-0.707106781186548,-0.707106781186547,3.55457035734009E-16));
#5219=DIRECTION('',(-0.707106781186548,-0.707106781186547,3.5545703573401E-16));
#5220=DIRECTION('',(0.67859834454383,-0.281084637714,0.678598344548204));
#5221=DIRECTION('',(-0.707106781186548,-0.707106781186547,3.55457035734009E-16));
#5222=DIRECTION('center_axis',(-0.499999999998392,0.499999999998392,-0.707106781188821));
#5223=DIRECTION('ref_axis',(-0.707106781186548,-0.707106781186548,0.));
#5224=DIRECTION('',(0.707106781186548,0.707106781186547,-3.3627810405355E-16));
#5225=DIRECTION('',(0.678598344547857,-0.281084637715652,-0.678598344543492));
#5226=DIRECTION('center_axis',(-0.382683432365098,-0.923879532511283,-1.07979514265246E-14));
#5227=DIRECTION('ref_axis',(0.923879532511283,-0.382683432365098,0.));
#5228=DIRECTION('',(-0.67859834454383,0.281084637714,-0.678598344548204));
#5229=DIRECTION('',(-0.678598344545847,0.28108463771482,0.678598344545847));
#5230=DIRECTION('center_axis',(-0.500000000001607,0.500000000001608,0.707106781184274));
#5231=DIRECTION('ref_axis',(0.707106781186548,0.707106781186547,-3.3627810405355E-16));
#5232=DIRECTION('',(-0.707106781186548,-0.707106781186547,3.3627810405355E-16));
#5233=DIRECTION('center_axis',(-0.5,0.5,-0.707106781186547));
#5234=DIRECTION('ref_axis',(-0.5,0.5,0.707106781186548));
#5235=DIRECTION('center_axis',(0.923879532511346,0.382683432364946,1.68922497695252E-13));
#5236=DIRECTION('ref_axis',(-0.382683432364946,0.923879532511346,0.));
#5237=DIRECTION('',(0.281084637713975,-0.678598344544405,0.678598344547639));
#5238=DIRECTION('',(-0.281084637715471,0.678598344547417,0.678598344544008));
#5239=DIRECTION('',(-0.281084637713975,0.678598344544405,-0.678598344547639));
#5240=DIRECTION('',(0.281084637714821,-0.678598344545847,-0.678598344545847));
#5241=DIRECTION('center_axis',(0.500000000001256,-0.500000000001256,-0.707106781184771));
#5242=DIRECTION('ref_axis',(-0.707106781186548,-0.707106781186548,-4.32978028117747E-17));
#5243=DIRECTION('',(-0.707106781186548,-0.707106781186548,-4.32978028117747E-17));
#5244=DIRECTION('',(0.678598344544269,-0.281084637714182,0.678598344547689));
#5245=DIRECTION('',(-0.707106781186548,-0.707106781186548,-4.32978028117747E-17));
#5246=DIRECTION('center_axis',(-0.499999999998744,0.499999999998744,-0.707106781188324));
#5247=DIRECTION('ref_axis',(-0.707106781186548,-0.707106781186548,0.));
#5248=DIRECTION('',(0.707106781186548,0.707106781186548,4.32978028117747E-17));
#5249=DIRECTION('',(0.678598344547417,-0.28108463771547,-0.678598344544007));
#5250=DIRECTION('center_axis',(-0.382683432365098,-0.923879532511283,-1.07979514265246E-14));
#5251=DIRECTION('ref_axis',(0.923879532511283,-0.382683432365098,0.));
#5252=DIRECTION('',(-0.678598344544269,0.281084637714182,-0.678598344547689));
#5253=DIRECTION('',(-0.678598344545847,0.28108463771482,0.678598344545847));
#5254=DIRECTION('center_axis',(-0.500000000001256,0.500000000001256,0.707106781184771));
#5255=DIRECTION('ref_axis',(0.707106781186548,0.707106781186548,4.32978028117747E-17));
#5256=DIRECTION('',(-0.707106781186548,-0.707106781186548,-4.32978028117747E-17));
#5257=DIRECTION('center_axis',(-0.5,0.5,-0.707106781186547));
#5258=DIRECTION('ref_axis',(-0.5,0.5,0.707106781186548));
#5259=DIRECTION('center_axis',(0.923879532511346,0.382683432364946,1.68922497695252E-13));
#5260=DIRECTION('ref_axis',(-0.382683432364946,0.923879532511346,0.));
#5261=DIRECTION('',(0.281084637714626,-0.678598344545975,0.6785983445458));
#5262=DIRECTION('',(-0.281084637714821,0.678598344545847,0.678598344545847));
#5263=DIRECTION('',(-0.281084637714626,0.678598344545975,-0.6785983445458));
#5264=DIRECTION('',(0.281084637714821,-0.678598344545847,-0.678598344545847));
#5265=DIRECTION('center_axis',(0.5,-0.5,-0.707106781186548));
#5266=DIRECTION('ref_axis',(-0.707106781186548,-0.707106781186547,3.47959937982289E-16));
#5267=DIRECTION('',(-0.707106781186548,-0.707106781186547,3.47959937982289E-16));
#5268=DIRECTION('',(0.678598344545839,-0.281084637714832,0.67859834454585));
#5269=DIRECTION('',(-0.707106781186548,-0.707106781186547,3.47959937982289E-16));
#5270=DIRECTION('center_axis',(-0.5,0.5,-0.707106781186548));
#5271=DIRECTION('ref_axis',(-0.707106781186548,-0.707106781186548,0.));
#5272=DIRECTION('',(0.707106781186548,0.707106781186547,-1.08078579000034E-15));
#5273=DIRECTION('',(0.678598344545847,-0.28108463771482,-0.678598344545847));
#5274=DIRECTION('center_axis',(-0.382683432365098,-0.923879532511283,-1.07979514265246E-14));
#5275=DIRECTION('ref_axis',(0.923879532511283,-0.382683432365098,0.));
#5276=DIRECTION('',(-0.678598344545839,0.281084637714832,-0.67859834454585));
#5277=DIRECTION('',(-0.678598344545847,0.28108463771482,0.678598344545847));
#5278=DIRECTION('center_axis',(-0.499999999999999,0.500000000000001,0.707106781186548));
#5279=DIRECTION('ref_axis',(0.707106781186548,0.707106781186547,-1.08078579000033E-15));
#5280=DIRECTION('',(-0.707106781186548,-0.707106781186547,1.08078579000033E-15));
#5281=DIRECTION('center_axis',(-0.5,0.5,-0.707106781186547));
#5282=DIRECTION('ref_axis',(-0.5,0.5,0.707106781186548));
#5283=DIRECTION('center_axis',(-0.92387953251129,-0.382683432365081,-1.07979514265246E-14));
#5284=DIRECTION('ref_axis',(0.382683432365081,-0.92387953251129,0.));
#5285=DIRECTION('',(-0.281084637714806,0.678598344545848,-0.678598344545852));
#5286=DIRECTION('',(-0.281084637714821,0.678598344545847,0.678598344545847));
#5287=DIRECTION('',(0.281084637714806,-0.678598344545848,0.678598344545852));
#5288=DIRECTION('',(0.281084637714822,-0.678598344545849,-0.678598344545845));
#5289=DIRECTION('center_axis',(-3.60447437212918E-16,-0.707106781186549,
-0.707106781186546));
#5290=DIRECTION('ref_axis',(-1.,1.61816998867964E-16,3.47932655361169E-16));
#5291=DIRECTION('',(-1.,1.61816998867964E-16,3.47932655361169E-16));
#5292=DIRECTION('',(0.281084637715047,0.678598344545798,-0.678598344545802));
#5293=DIRECTION('',(-1.,1.61816998867964E-16,3.47932655361169E-16));
#5294=DIRECTION('center_axis',(-1.74942442944751E-16,0.707106781186548,
-0.707106781186547));
#5295=DIRECTION('ref_axis',(-4.2356854168104E-33,0.707106781186547,0.707106781186548));
#5296=DIRECTION('',(-1.,1.6409643160123E-16,3.55457035734009E-16));
#5297=DIRECTION('',(-0.28108463771482,-0.678598344545847,-0.678598344545847));
#5298=DIRECTION('center_axis',(0.923879532511227,-0.382683432365233,1.68922497695252E-13));
#5299=DIRECTION('ref_axis',(0.382683432365233,0.923879532511227,0.));
#5300=DIRECTION('',(-0.281084637715047,-0.678598344545798,0.678598344545802));
#5301=DIRECTION('',(0.28108463771482,0.678598344545849,0.678598344545845));
#5302=DIRECTION('center_axis',(3.67379779941731E-16,0.707106781186549,0.707106781186546));
#5303=DIRECTION('ref_axis',(1.,-1.6409643160123E-16,-3.55457035734009E-16));
#5304=DIRECTION('',(1.,-1.6409643160123E-16,-3.5545703573401E-16));
#5305=DIRECTION('center_axis',(0.,0.707106781186546,-0.707106781186549));
#5306=DIRECTION('ref_axis',(-1.,0.,0.));
#5307=DIRECTION('center_axis',(-0.92387953251129,-0.382683432365081,-1.07979514265246E-14));
#5308=DIRECTION('ref_axis',(0.382683432365081,-0.92387953251129,0.));
#5309=DIRECTION('',(-0.281084637714806,0.678598344545848,-0.678598344545852));
#5310=DIRECTION('',(-0.281084637714821,0.678598344545847,0.678598344545847));
#5311=DIRECTION('',(0.281084637714806,-0.678598344545848,0.678598344545852));
#5312=DIRECTION('',(0.281084637714822,-0.678598344545848,-0.678598344545845));
#5313=DIRECTION('center_axis',(-1.60237371373018E-31,-0.707106781186549,
-0.707106781186546));
#5314=DIRECTION('ref_axis',(-1.,4.32978028117747E-17,-4.32978028117747E-17));
#5315=DIRECTION('',(-1.,4.32978028117747E-17,-4.32978028117747E-17));
#5316=DIRECTION('',(0.281084637715048,0.678598344545798,-0.678598344545802));
#5317=DIRECTION('',(-1.,4.32978028117747E-17,-4.32978028117747E-17));
#5318=DIRECTION('center_axis',(-1.74942442944751E-16,0.707106781186548,
-0.707106781186547));
#5319=DIRECTION('ref_axis',(-4.2356854168104E-33,0.707106781186547,0.707106781186548));
#5320=DIRECTION('',(-1.,4.32978028117747E-17,-4.32978028117747E-17));
#5321=DIRECTION('',(-0.28108463771482,-0.678598344545847,-0.678598344545847));
#5322=DIRECTION('center_axis',(0.923879532511227,-0.382683432365233,1.68922497695252E-13));
#5323=DIRECTION('ref_axis',(0.382683432365233,0.923879532511227,0.));
#5324=DIRECTION('',(-0.281084637715048,-0.678598344545798,0.678598344545802));
#5325=DIRECTION('',(0.28108463771482,0.678598344545849,0.678598344545845));
#5326=DIRECTION('center_axis',(1.60237371373018E-31,0.707106781186549,0.707106781186546));
#5327=DIRECTION('ref_axis',(1.,-4.32978028117747E-17,4.32978028117747E-17));
#5328=DIRECTION('',(1.,-4.32978028117747E-17,4.32978028117747E-17));
#5329=DIRECTION('center_axis',(0.,0.707106781186546,-0.707106781186549));
#5330=DIRECTION('ref_axis',(-1.,0.,0.));
#5331=DIRECTION('center_axis',(-0.92387953251129,-0.382683432365081,-1.07979514265246E-14));
#5332=DIRECTION('ref_axis',(0.382683432365081,-0.92387953251129,0.));
#5333=DIRECTION('',(-0.281084637714806,0.67859834454585,-0.67859834454585));
#5334=DIRECTION('',(-0.281084637714821,0.678598344545847,0.678598344545847));
#5335=DIRECTION('',(0.281084637714806,-0.67859834454585,0.67859834454585));
#5336=DIRECTION('',(0.281084637714821,-0.678598344545847,-0.678598344545847));
#5337=DIRECTION('center_axis',(-3.42415387300388E-16,-0.707106781186548,
-0.707106781186548));
#5338=DIRECTION('ref_axis',(-1.,1.47970380631895E-16,3.3627810405355E-16));
#5339=DIRECTION('',(-1.,1.47970380631895E-16,3.3627810405355E-16));
#5340=DIRECTION('',(0.281084637715048,0.6785983445458,-0.6785983445458));
#5341=DIRECTION('',(-1.,1.47970380631895E-16,3.3627810405355E-16));
#5342=DIRECTION('center_axis',(-1.74942442944751E-16,0.707106781186548,
-0.707106781186547));
#5343=DIRECTION('ref_axis',(-4.2356854168104E-33,0.707106781186547,0.707106781186548));
#5344=DIRECTION('',(-1.,1.52514642254668E-16,3.47959937982289E-16));
#5345=DIRECTION('',(-0.28108463771482,-0.678598344545847,-0.678598344545847));
#5346=DIRECTION('center_axis',(0.923879532511227,-0.382683432365233,1.68922497695252E-13));
#5347=DIRECTION('ref_axis',(0.382683432365233,0.923879532511227,0.));
#5348=DIRECTION('',(-0.281084637715048,-0.6785983445458,0.6785983445458));
#5349=DIRECTION('',(0.28108463771482,0.678598344545847,0.678598344545847));
#5350=DIRECTION('center_axis',(3.53888969497043E-16,0.707106781186548,0.707106781186548));
#5351=DIRECTION('ref_axis',(1.,-1.52514642254668E-16,-3.47959937982289E-16));
#5352=DIRECTION('',(1.,-1.52514642254668E-16,-3.47959937982289E-16));
#5353=DIRECTION('center_axis',(0.,0.707106781186548,-0.707106781186548));
#5354=DIRECTION('ref_axis',(-1.,0.,0.));
#5355=DIRECTION('center_axis',(-0.92387953251129,-0.382683432365081,-1.07979514265246E-14));
#5356=DIRECTION('ref_axis',(0.382683432365081,-0.92387953251129,0.));
#5357=DIRECTION('',(-0.281084637714807,0.678598344545852,-0.678598344545848));
#5358=DIRECTION('',(-0.37092028924515,0.895480792855009,0.24603310479295));
#5359=DIRECTION('',(-0.281084637714821,0.678598344545847,0.678598344545847));
#5360=DIRECTION('',(0.281084637714807,-0.678598344545852,0.678598344545848));
#5361=DIRECTION('',(0.28108463771482,-0.678598344545845,-0.678598344545849));
#5362=DIRECTION('center_axis',(-1.58969426219596E-15,-0.707106781186546,
-0.707106781186549));
#5363=DIRECTION('ref_axis',(-1.,1.16738139562388E-15,1.08078579000033E-15));
#5364=DIRECTION('',(-1.,1.16738139562388E-15,1.08078579000033E-15));
#5365=DIRECTION('',(0.281084637715049,0.678598344545801,-0.678598344545798));
#5366=DIRECTION('',(-1.,1.16738139562388E-15,1.08078579000033E-15));
#5367=DIRECTION('center_axis',(6.12323399573677E-17,0.707106781186548,-0.707106781186547));
#5368=DIRECTION('ref_axis',(0.,0.707106781186547,0.707106781186548));
#5369=DIRECTION('',(-0.417553504133018,0.642514229875976,0.642514229875976));
#5370=DIRECTION('',(-1.,1.33147877438893E-15,1.24488316876538E-15));
#5371=DIRECTION('',(0.417553504133041,0.642514229875969,0.642514229875969));
#5372=DIRECTION('',(-0.28108463771482,-0.678598344545847,-0.678598344545847));
#5373=DIRECTION('center_axis',(0.923879532511227,-0.382683432365233,1.68922497695252E-13));
#5374=DIRECTION('ref_axis',(0.382683432365233,0.923879532511227,0.));
#5375=DIRECTION('',(-0.370920289245229,-0.895480792854899,-0.246033104793229));
#5376=DIRECTION('',(-0.281084637715049,-0.678598344545801,0.678598344545798));
#5377=DIRECTION('',(0.281084637714819,0.678598344545846,0.678598344545849));
#5378=DIRECTION('center_axis',(0.,0.707106781186549,-0.707106781186546));
#5379=DIRECTION('ref_axis',(-1.,0.,0.));
#5380=DIRECTION('',(1.,-1.33147877438893E-15,-1.24488316876538E-15));
#5381=DIRECTION('center_axis',(0.90865233790831,0.295254914280662,0.295254914280663));
#5382=DIRECTION('ref_axis',(0.417553504133018,-0.642514229875976,-0.642514229875976));
#5383=DIRECTION('',(0.,0.707106781186549,-0.707106781186546));
#5384=DIRECTION('center_axis',(1.82176300079536E-15,0.707106781186546,0.707106781186549));
#5385=DIRECTION('ref_axis',(1.,-1.33147877438893E-15,-1.24488316876538E-15));
#5386=DIRECTION('',(0.,0.707106781186549,-0.707106781186546));
#5387=DIRECTION('center_axis',(-0.9086523379083,0.295254914280677,0.295254914280679));
#5388=DIRECTION('ref_axis',(0.417553504133041,0.642514229875969,0.642514229875969));
#5389=DIRECTION('center_axis',(-0.92387953251129,-0.382683432365081,-1.07979514265246E-14));
#5390=DIRECTION('ref_axis',(0.382683432365081,-0.92387953251129,0.));
#5391=DIRECTION('',(-0.281084637714806,0.678598344545848,-0.678598344545852));
#5392=DIRECTION('',(-0.281084637714821,0.678598344545847,0.678598344545847));
#5393=DIRECTION('',(0.281084637714806,-0.678598344545848,0.678598344545852));
#5394=DIRECTION('',(0.281084637714822,-0.678598344545849,-0.678598344545845));
#5395=DIRECTION('center_axis',(-1.72563323017096E-31,-0.707106781186549,
-0.707106781186546));
#5396=DIRECTION('ref_axis',(-1.,4.32978028117747E-17,-4.32978028117747E-17));
#5397=DIRECTION('',(-1.,4.32978028117747E-17,-4.32978028117747E-17));
#5398=DIRECTION('',(0.281084637715047,0.678598344545798,-0.678598344545802));
#5399=DIRECTION('',(-1.,4.32978028117747E-17,-4.32978028117747E-17));
#5400=DIRECTION('center_axis',(-1.74942442944751E-16,0.707106781186548,
-0.707106781186547));
#5401=DIRECTION('ref_axis',(-4.2356854168104E-33,0.707106781186547,0.707106781186548));
#5402=DIRECTION('',(-1.,4.32978028117747E-17,-4.32978028117747E-17));
#5403=DIRECTION('',(-0.28108463771482,-0.678598344545847,-0.678598344545847));
#5404=DIRECTION('center_axis',(0.923879532511227,-0.382683432365233,1.68922497695252E-13));
#5405=DIRECTION('ref_axis',(0.382683432365233,0.923879532511227,0.));
#5406=DIRECTION('',(-0.281084637715047,-0.678598344545798,0.678598344545802));
#5407=DIRECTION('',(0.28108463771482,0.678598344545849,0.678598344545845));
#5408=DIRECTION('center_axis',(1.72563323017096E-31,0.707106781186549,0.707106781186546));
#5409=DIRECTION('ref_axis',(1.,-4.32978028117747E-17,4.32978028117747E-17));
#5410=DIRECTION('',(1.,-4.32978028117747E-17,4.32978028117747E-17));
#5411=DIRECTION('center_axis',(0.,0.707106781186546,-0.707106781186549));
#5412=DIRECTION('ref_axis',(-1.,0.,0.));
#5413=DIRECTION('center_axis',(0.923879532511227,-0.382683432365233,1.68922497695252E-13));
#5414=DIRECTION('ref_axis',(0.382683432365233,0.923879532511227,0.));
#5415=DIRECTION('',(-0.281084637715048,-0.6785983445458,0.6785983445458));
#5416=DIRECTION('',(0.28108463771482,0.678598344545847,0.678598344545847));
#5417=DIRECTION('',(0.281084637715048,0.6785983445458,-0.6785983445458));
#5418=DIRECTION('',(-0.28108463771482,-0.678598344545847,-0.678598344545847));
#5419=DIRECTION('center_axis',(-3.53888969497043E-16,-0.707106781186548,
-0.707106781186548));
#5420=DIRECTION('ref_axis',(-1.,1.52514642254668E-16,3.47959937982289E-16));
#5421=DIRECTION('',(-1.,1.52514642254668E-16,3.47959937982289E-16));
#5422=DIRECTION('',(0.281084637714806,-0.67859834454585,0.67859834454585));
#5423=DIRECTION('',(-1.,1.52514642254668E-16,3.47959937982289E-16));
#5424=DIRECTION('center_axis',(0.,0.707106781186548,-0.707106781186548));
#5425=DIRECTION('ref_axis',(-1.,0.,0.));
#5426=DIRECTION('',(1.,-1.16738139562388E-15,-1.08078579000033E-15));
#5427=DIRECTION('',(0.281084637714821,-0.678598344545847,-0.678598344545847));
#5428=DIRECTION('center_axis',(-0.92387953251129,-0.382683432365081,-1.07979514265246E-14));
#5429=DIRECTION('ref_axis',(0.382683432365081,-0.92387953251129,0.));
#5430=DIRECTION('',(-0.281084637714806,0.67859834454585,-0.67859834454585));
#5431=DIRECTION('',(-0.281084637714821,0.678598344545847,0.678598344545847));
#5432=DIRECTION('center_axis',(1.58969426219596E-15,0.707106781186548,0.707106781186548));
#5433=DIRECTION('ref_axis',(1.,-1.16738139562388E-15,-1.08078579000033E-15));
#5434=DIRECTION('',(-1.,1.16738139562388E-15,1.08078579000033E-15));
#5435=DIRECTION('center_axis',(-1.74942442944751E-16,0.707106781186548,
-0.707106781186547));
#5436=DIRECTION('ref_axis',(-4.2356854168104E-33,0.707106781186547,0.707106781186548));
#5437=DIRECTION('center_axis',(0.923879532511227,-0.382683432365233,1.68922497695252E-13));
#5438=DIRECTION('ref_axis',(0.382683432365233,0.923879532511227,0.));
#5439=DIRECTION('',(-0.281084637714398,-0.67859834454423,0.678598344547639));
#5440=DIRECTION('',(0.28108463771547,0.678598344547417,0.678598344544008));
#5441=DIRECTION('',(0.281084637714398,0.67859834454423,-0.678598344547639));
#5442=DIRECTION('',(-0.28108463771482,-0.678598344545847,-0.678598344545847));
#5443=DIRECTION('center_axis',(-1.53834039493919E-28,-0.707106781188324,
-0.707106781184771));
#5444=DIRECTION('ref_axis',(-1.,4.32978028117747E-17,-4.32978028117747E-17));
#5445=DIRECTION('',(-1.,4.32978028117747E-17,-4.32978028117747E-17));
#5446=DIRECTION('',(0.281084637714156,-0.67859834454428,0.678598344547689));
#5447=DIRECTION('',(-1.,4.32978028117747E-17,-4.32978028117747E-17));
#5448=DIRECTION('center_axis',(0.,0.707106781184771,-0.707106781188324));
#5449=DIRECTION('ref_axis',(-1.,0.,0.));
#5450=DIRECTION('',(1.,-4.32978028117747E-17,4.32978028117747E-17));
#5451=DIRECTION('',(0.281084637715471,-0.678598344547417,-0.678598344544007));
#5452=DIRECTION('center_axis',(-0.92387953251129,-0.382683432365081,-1.07979514265246E-14));
#5453=DIRECTION('ref_axis',(0.382683432365081,-0.92387953251129,0.));
#5454=DIRECTION('',(-0.281084637714156,0.67859834454428,-0.678598344547689));
#5455=DIRECTION('',(-0.281084637714821,0.678598344545847,0.678598344545847));
#5456=DIRECTION('center_axis',(1.53834039493919E-28,0.707106781188324,0.707106781184771));
#5457=DIRECTION('ref_axis',(1.,-4.32978028117747E-17,4.32978028117747E-17));
#5458=DIRECTION('',(-1.,4.32978028117747E-17,-4.32978028117747E-17));
#5459=DIRECTION('center_axis',(-1.74942442944751E-16,0.707106781186548,
-0.707106781186547));
#5460=DIRECTION('ref_axis',(-4.2356854168104E-33,0.707106781186547,0.707106781186548));
#5461=DIRECTION('center_axis',(0.923879532511227,-0.382683432365233,1.68922497695252E-13));
#5462=DIRECTION('ref_axis',(0.382683432365233,0.923879532511227,0.));
#5463=DIRECTION('',(-0.281084637714216,-0.67859834454379,0.678598344548154));
#5464=DIRECTION('',(0.281084637715652,0.678598344547857,0.678598344543493));
#5465=DIRECTION('',(0.281084637714216,0.67859834454379,-0.678598344548154));
#5466=DIRECTION('',(-0.28108463771482,-0.678598344545847,-0.678598344545847));
#5467=DIRECTION('center_axis',(-3.67379779941296E-16,-0.707106781188821,
-0.707106781184274));
#5468=DIRECTION('ref_axis',(-1.,1.6409643160123E-16,3.55457035734009E-16));
#5469=DIRECTION('',(-1.,1.6409643160123E-16,3.5545703573401E-16));
#5470=DIRECTION('',(0.281084637713974,-0.67859834454384,0.678598344548204));
#5471=DIRECTION('',(-1.,1.6409643160123E-16,3.55457035734009E-16));
#5472=DIRECTION('center_axis',(0.,0.707106781184274,-0.707106781188821));
#5473=DIRECTION('ref_axis',(-1.,0.,0.));
#5474=DIRECTION('',(1.,-1.47970380631895E-16,-3.3627810405355E-16));
#5475=DIRECTION('',(0.281084637715653,-0.678598344547857,-0.678598344543492));
#5476=DIRECTION('center_axis',(-0.92387953251129,-0.382683432365081,-1.07979514265246E-14));
#5477=DIRECTION('ref_axis',(0.382683432365081,-0.92387953251129,0.));
#5478=DIRECTION('',(-0.281084637713974,0.67859834454384,-0.678598344548204));
#5479=DIRECTION('',(-0.281084637714821,0.678598344545847,0.678598344545847));
#5480=DIRECTION('center_axis',(3.4241538729996E-16,0.707106781188821,0.707106781184274));
#5481=DIRECTION('ref_axis',(1.,-1.47970380631895E-16,-3.3627810405355E-16));
#5482=DIRECTION('',(-1.,1.47970380631895E-16,3.3627810405355E-16));
#5483=DIRECTION('center_axis',(-1.74942442944751E-16,0.707106781186548,
-0.707106781186547));
#5484=DIRECTION('ref_axis',(-4.2356854168104E-33,0.707106781186547,0.707106781186548));
#5485=DIRECTION('center_axis',(0.923879532511227,-0.382683432365233,1.68922497695252E-13));
#5486=DIRECTION('ref_axis',(0.382683432365233,0.923879532511227,0.));
#5487=DIRECTION('',(-0.281084637714216,-0.67859834454379,0.678598344548154));
#5488=DIRECTION('',(0.281084637715652,0.678598344547857,0.678598344543493));
#5489=DIRECTION('',(0.281084637714216,0.67859834454379,-0.678598344548154));
#5490=DIRECTION('',(-0.28108463771482,-0.678598344545847,-0.678598344545847));
#5491=DIRECTION('center_axis',(-1.96907077514151E-28,-0.707106781188821,
-0.707106781184274));
#5492=DIRECTION('ref_axis',(-1.,4.32978028117747E-17,-4.32978028117747E-17));
#5493=DIRECTION('',(-1.,4.32978028117747E-17,-4.32978028117747E-17));
#5494=DIRECTION('',(0.281084637713974,-0.67859834454384,0.678598344548204));
#5495=DIRECTION('',(-1.,4.32978028117747E-17,-4.32978028117747E-17));
#5496=DIRECTION('center_axis',(0.,0.707106781184274,-0.707106781188821));
#5497=DIRECTION('ref_axis',(-1.,0.,0.));
#5498=DIRECTION('',(1.,-1.61816998867964E-16,-3.47932655361169E-16));
#5499=DIRECTION('',(0.281084637715653,-0.678598344547857,-0.678598344543492));
#5500=DIRECTION('center_axis',(-0.92387953251129,-0.382683432365081,-1.07979514265246E-14));
#5501=DIRECTION('ref_axis',(0.382683432365081,-0.92387953251129,0.));
#5502=DIRECTION('',(-0.281084637713974,0.67859834454384,-0.678598344548204));
#5503=DIRECTION('',(-0.281084637714821,0.678598344545847,0.678598344545847));
#5504=DIRECTION('center_axis',(3.60447437212495E-16,0.707106781188821,0.707106781184274));
#5505=DIRECTION('ref_axis',(1.,-1.61816998867964E-16,-3.47932655361169E-16));
#5506=DIRECTION('',(-1.,1.61816998867964E-16,3.47932655361169E-16));
#5507=DIRECTION('center_axis',(-1.74942442944751E-16,0.707106781186548,
-0.707106781186547));
#5508=DIRECTION('ref_axis',(-4.2356854168104E-33,0.707106781186547,0.707106781186548));
#5509=DIRECTION('center_axis',(-0.382683432365098,-0.923879532511283,-1.07979514265246E-14));
#5510=DIRECTION('ref_axis',(0.923879532511283,-0.382683432365098,0.));
#5511=DIRECTION('',(-0.678598344545838,0.281084637714831,-0.678598344545852));
#5512=DIRECTION('',(-0.678598344545847,0.28108463771482,0.678598344545847));
#5513=DIRECTION('',(0.678598344545838,-0.281084637714831,0.678598344545852));
#5514=DIRECTION('',(0.678598344545849,-0.28108463771482,-0.678598344545845));
#5515=DIRECTION('center_axis',(0.500000000000001,-0.500000000000002,-0.707106781186546));
#5516=DIRECTION('ref_axis',(-0.707106781186548,-0.707106781186547,3.47932655361169E-16));
#5517=DIRECTION('',(-0.707106781186548,-0.707106781186547,3.47932655361169E-16));
#5518=DIRECTION('',(-0.281084637714625,0.678598344545973,-0.678598344545802));
#5519=DIRECTION('',(-0.707106781186548,-0.707106781186547,3.4793265536117E-16));
#5520=DIRECTION('center_axis',(-0.5,0.5,-0.707106781186547));
#5521=DIRECTION('ref_axis',(-0.5,0.5,0.707106781186548));
#5522=DIRECTION('',(-0.707106781186548,-0.707106781186547,3.55457035734009E-16));
#5523=DIRECTION('',(0.281084637714821,-0.678598344545847,-0.678598344545847));
#5524=DIRECTION('center_axis',(0.923879532511346,0.382683432364946,1.68922497695252E-13));
#5525=DIRECTION('ref_axis',(-0.382683432364946,0.923879532511346,0.));
#5526=DIRECTION('',(0.281084637714625,-0.678598344545973,0.678598344545802));
#5527=DIRECTION('',(-0.281084637714822,0.678598344545848,0.678598344545845));
#5528=DIRECTION('center_axis',(-0.500000000000001,0.500000000000002,0.707106781186546));
#5529=DIRECTION('ref_axis',(0.707106781186548,0.707106781186547,-3.55457035734009E-16));
#5530=DIRECTION('',(0.707106781186548,0.707106781186547,-3.5545703573401E-16));
#5531=DIRECTION('center_axis',(-0.499999999999999,0.499999999999999,-0.707106781186549));
#5532=DIRECTION('ref_axis',(-0.707106781186548,-0.707106781186548,0.));
#5533=DIRECTION('center_axis',(-0.923879532511283,0.382683432365098,-1.07979514265246E-14));
#5534=DIRECTION('ref_axis',(-0.382683432365098,-0.923879532511283,0.));
#5535=DIRECTION('',(0.281084637714832,0.678598344545838,-0.678598344545852));
#5536=DIRECTION('',(0.28108463771482,0.678598344545847,0.678598344545847));
#5537=DIRECTION('',(-0.281084637714832,-0.678598344545838,0.678598344545852));
#5538=DIRECTION('',(-0.281084637714821,-0.678598344545849,-0.678598344545845));
#5539=DIRECTION('center_axis',(-0.500000000000002,-0.500000000000001,-0.707106781186546));
#5540=DIRECTION('ref_axis',(-0.707106781186547,0.707106781186548,3.47932655361169E-16));
#5541=DIRECTION('',(-0.707106781186547,0.707106781186548,3.47932655361169E-16));
#5542=DIRECTION('',(0.678598344545973,0.281084637714625,-0.678598344545802));
#5543=DIRECTION('',(-0.707106781186547,0.707106781186548,3.47932655361169E-16));
#5544=DIRECTION('center_axis',(0.5,0.5,-0.707106781186548));
#5545=DIRECTION('ref_axis',(0.5,0.5,0.707106781186548));
#5546=DIRECTION('',(-0.707106781186547,0.707106781186548,3.55457035734009E-16));
#5547=DIRECTION('',(-0.678598344545847,-0.281084637714821,-0.678598344545847));
#5548=DIRECTION('center_axis',(0.382683432364946,-0.923879532511346,1.68922497695252E-13));
#5549=DIRECTION('ref_axis',(0.923879532511346,0.382683432364946,0.));
#5550=DIRECTION('',(-0.678598344545973,-0.281084637714625,0.678598344545802));
#5551=DIRECTION('',(0.678598344545848,0.281084637714821,0.678598344545845));
#5552=DIRECTION('center_axis',(0.500000000000002,0.500000000000001,0.707106781186546));
#5553=DIRECTION('ref_axis',(0.707106781186547,-0.707106781186548,-3.55457035734009E-16));
#5554=DIRECTION('',(0.707106781186547,-0.707106781186548,-3.5545703573401E-16));
#5555=DIRECTION('center_axis',(0.499999999999999,0.499999999999999,-0.707106781186549));
#5556=DIRECTION('ref_axis',(-0.707106781186547,0.707106781186548,0.));
#5557=DIRECTION('center_axis',(-0.382683432365098,-0.923879532511283,-1.07979514265246E-14));
#5558=DIRECTION('ref_axis',(0.923879532511283,-0.382683432365098,0.));
#5559=DIRECTION('',(-0.678598344545839,0.281084637714832,-0.67859834454585));
#5560=DIRECTION('',(-0.678598344545847,0.28108463771482,0.678598344545847));
#5561=DIRECTION('',(0.678598344545839,-0.281084637714832,0.67859834454585));
#5562=DIRECTION('',(0.678598344545847,-0.28108463771482,-0.678598344545847));
#5563=DIRECTION('center_axis',(0.5,-0.5,-0.707106781186548));
#5564=DIRECTION('ref_axis',(-0.707106781186548,-0.707106781186547,3.3627810405355E-16));
#5565=DIRECTION('',(-0.707106781186548,-0.707106781186547,3.3627810405355E-16));
#5566=DIRECTION('',(-0.281084637714626,0.678598344545975,-0.6785983445458));
#5567=DIRECTION('',(-0.707106781186548,-0.707106781186547,3.3627810405355E-16));
#5568=DIRECTION('center_axis',(-0.5,0.5,-0.707106781186547));
#5569=DIRECTION('ref_axis',(-0.5,0.5,0.707106781186548));
#5570=DIRECTION('',(-0.707106781186548,-0.707106781186547,3.47959937982289E-16));
#5571=DIRECTION('',(0.281084637714821,-0.678598344545847,-0.678598344545847));
#5572=DIRECTION('center_axis',(0.923879532511346,0.382683432364946,1.68922497695252E-13));
#5573=DIRECTION('ref_axis',(-0.382683432364946,0.923879532511346,0.));
#5574=DIRECTION('',(0.281084637714626,-0.678598344545975,0.6785983445458));
#5575=DIRECTION('',(-0.281084637714821,0.678598344545847,0.678598344545847));
#5576=DIRECTION('center_axis',(-0.5,0.5,0.707106781186548));
#5577=DIRECTION('ref_axis',(0.707106781186548,0.707106781186547,-3.47959937982289E-16));
#5578=DIRECTION('',(0.707106781186548,0.707106781186547,-3.47959937982289E-16));
#5579=DIRECTION('center_axis',(-0.5,0.5,-0.707106781186548));
#5580=DIRECTION('ref_axis',(-0.707106781186548,-0.707106781186548,0.));
#5581=DIRECTION('center_axis',(-0.923879532511283,0.382683432365098,-1.07979514265246E-14));
#5582=DIRECTION('ref_axis',(-0.382683432365098,-0.923879532511283,0.));
#5583=DIRECTION('',(0.281084637714832,0.678598344545839,-0.67859834454585));
#5584=DIRECTION('',(0.28108463771482,0.678598344545847,0.678598344545847));
#5585=DIRECTION('',(-0.281084637714832,-0.678598344545839,0.67859834454585));
#5586=DIRECTION('',(-0.28108463771482,-0.678598344545847,-0.678598344545847));
#5587=DIRECTION('center_axis',(-0.5,-0.5,-0.707106781186548));
#5588=DIRECTION('ref_axis',(-0.707106781186547,0.707106781186548,3.3627810405355E-16));
#5589=DIRECTION('',(-0.707106781186547,0.707106781186548,3.3627810405355E-16));
#5590=DIRECTION('',(0.678598344545975,0.281084637714626,-0.6785983445458));
#5591=DIRECTION('',(-0.707106781186547,0.707106781186548,3.3627810405355E-16));
#5592=DIRECTION('center_axis',(0.5,0.5,-0.707106781186548));
#5593=DIRECTION('ref_axis',(0.5,0.5,0.707106781186548));
#5594=DIRECTION('',(-0.707106781186547,0.707106781186548,3.47959937982289E-16));
#5595=DIRECTION('',(-0.678598344545847,-0.281084637714821,-0.678598344545847));
#5596=DIRECTION('center_axis',(0.382683432364946,-0.923879532511346,1.68922497695252E-13));
#5597=DIRECTION('ref_axis',(0.923879532511346,0.382683432364946,0.));
#5598=DIRECTION('',(-0.678598344545975,-0.281084637714626,0.6785983445458));
#5599=DIRECTION('',(0.678598344545847,0.281084637714821,0.678598344545847));
#5600=DIRECTION('center_axis',(0.5,0.5,0.707106781186548));
#5601=DIRECTION('ref_axis',(0.707106781186547,-0.707106781186548,-3.47959937982289E-16));
#5602=DIRECTION('',(0.707106781186547,-0.707106781186548,-3.47959937982289E-16));
#5603=DIRECTION('center_axis',(0.5,0.5,-0.707106781186548));
#5604=DIRECTION('ref_axis',(-0.707106781186547,0.707106781186548,0.));
#5605=DIRECTION('center_axis',(-0.382683432365098,-0.923879532511283,-1.07979514265246E-14));
#5606=DIRECTION('ref_axis',(0.923879532511283,-0.382683432365098,0.));
#5607=DIRECTION('',(-0.678598344545838,0.281084637714831,-0.678598344545852));
#5608=DIRECTION('',(-0.678598344545847,0.28108463771482,0.678598344545847));
#5609=DIRECTION('',(0.678598344545838,-0.281084637714831,0.678598344545852));
#5610=DIRECTION('',(0.678598344545849,-0.28108463771482,-0.678598344545845));
#5611=DIRECTION('center_axis',(0.500000000000001,-0.500000000000001,-0.707106781186546));
#5612=DIRECTION('ref_axis',(-0.707106781186548,-0.707106781186548,-4.32978028117747E-17));
#5613=DIRECTION('',(-0.707106781186548,-0.707106781186548,-4.32978028117747E-17));
#5614=DIRECTION('',(-0.281084637714625,0.678598344545973,-0.678598344545802));
#5615=DIRECTION('',(-0.707106781186548,-0.707106781186548,-4.32978028117747E-17));
#5616=DIRECTION('center_axis',(-0.5,0.5,-0.707106781186547));
#5617=DIRECTION('ref_axis',(-0.5,0.5,0.707106781186548));
#5618=DIRECTION('',(-0.707106781186548,-0.707106781186548,-4.32978028117747E-17));
#5619=DIRECTION('',(0.281084637714821,-0.678598344545847,-0.678598344545847));
#5620=DIRECTION('center_axis',(0.923879532511346,0.382683432364946,1.68922497695252E-13));
#5621=DIRECTION('ref_axis',(-0.382683432364946,0.923879532511346,0.));
#5622=DIRECTION('',(0.281084637714625,-0.678598344545973,0.678598344545802));
#5623=DIRECTION('',(-0.281084637714822,0.678598344545848,0.678598344545845));
#5624=DIRECTION('center_axis',(-0.500000000000001,0.500000000000001,0.707106781186546));
#5625=DIRECTION('ref_axis',(0.707106781186548,0.707106781186548,4.32978028117747E-17));
#5626=DIRECTION('',(0.707106781186548,0.707106781186548,4.32978028117747E-17));
#5627=DIRECTION('center_axis',(-0.499999999999999,0.499999999999999,-0.707106781186549));
#5628=DIRECTION('ref_axis',(-0.707106781186548,-0.707106781186548,0.));
#5629=DIRECTION('center_axis',(-0.923879532511283,0.382683432365098,-1.07979514265246E-14));
#5630=DIRECTION('ref_axis',(-0.382683432365098,-0.923879532511283,0.));
#5631=DIRECTION('',(0.281084637714832,0.678598344545837,-0.678598344545852));
#5632=DIRECTION('',(0.28108463771482,0.678598344545847,0.678598344545847));
#5633=DIRECTION('',(-0.281084637714832,-0.678598344545837,0.678598344545852));
#5634=DIRECTION('',(-0.281084637714821,-0.678598344545849,-0.678598344545845));
#5635=DIRECTION('center_axis',(-0.500000000000001,-0.500000000000001,-0.707106781186546));
#5636=DIRECTION('ref_axis',(-0.707106781186547,0.707106781186548,-4.32978028117747E-17));
#5637=DIRECTION('',(-0.707106781186547,0.707106781186548,-4.32978028117747E-17));
#5638=DIRECTION('',(0.678598344545973,0.281084637714625,-0.678598344545802));
#5639=DIRECTION('',(-0.707106781186547,0.707106781186548,-4.32978028117747E-17));
#5640=DIRECTION('center_axis',(0.5,0.5,-0.707106781186548));
#5641=DIRECTION('ref_axis',(0.5,0.5,0.707106781186548));
#5642=DIRECTION('',(-0.707106781186547,0.707106781186548,-4.32978028117747E-17));
#5643=DIRECTION('',(-0.678598344545847,-0.281084637714821,-0.678598344545847));
#5644=DIRECTION('center_axis',(0.382683432364946,-0.923879532511346,1.68922497695252E-13));
#5645=DIRECTION('ref_axis',(0.923879532511346,0.382683432364946,0.));
#5646=DIRECTION('',(-0.678598344545973,-0.281084637714625,0.678598344545802));
#5647=DIRECTION('',(0.678598344545848,0.281084637714821,0.678598344545845));
#5648=DIRECTION('center_axis',(0.500000000000001,0.500000000000001,0.707106781186546));
#5649=DIRECTION('ref_axis',(0.707106781186547,-0.707106781186548,4.32978028117747E-17));
#5650=DIRECTION('',(0.707106781186547,-0.707106781186548,4.32978028117747E-17));
#5651=DIRECTION('center_axis',(0.499999999999999,0.499999999999999,-0.707106781186549));
#5652=DIRECTION('ref_axis',(-0.707106781186547,0.707106781186548,0.));
#5653=DIRECTION('center_axis',(-0.382683432365098,-0.923879532511283,-1.07979514265246E-14));
#5654=DIRECTION('ref_axis',(0.923879532511283,-0.382683432365098,0.));
#5655=DIRECTION('',(-0.678598344545841,0.281084637714833,-0.678598344545848));
#5656=DIRECTION('',(-0.895480792855004,0.370920289245161,0.24603310479295));
#5657=DIRECTION('',(-0.678598344545847,0.28108463771482,0.678598344545847));
#5658=DIRECTION('',(0.678598344545841,-0.281084637714833,0.678598344545848));
#5659=DIRECTION('',(0.678598344545846,-0.281084637714819,-0.678598344545849));
#5660=DIRECTION('center_axis',(0.499999999999998,-0.5,-0.707106781186549));
#5661=DIRECTION('ref_axis',(-0.707106781186548,-0.707106781186547,1.08078579000033E-15));
#5662=DIRECTION('',(-0.707106781186548,-0.707106781186547,1.08078579000033E-15));
#5663=DIRECTION('',(-0.281084637714626,0.678598344545976,-0.678598344545798));
#5664=DIRECTION('',(-0.707106781186548,-0.707106781186547,1.08078579000034E-15));
#5665=DIRECTION('center_axis',(-0.5,0.5,-0.707106781186547));
#5666=DIRECTION('ref_axis',(-0.5,0.5,0.707106781186548));
#5667=DIRECTION('',(-0.749581083234817,0.159071254673493,0.642514229875976));
#5668=DIRECTION('',(-0.707106781186548,-0.707106781186547,1.24488316876538E-15));
#5669=DIRECTION('',(-0.159071254673472,0.749581083234828,0.642514229875969));
#5670=DIRECTION('',(0.281084637714821,-0.678598344545847,-0.678598344545847));
#5671=DIRECTION('center_axis',(0.923879532511346,0.382683432364946,1.68922497695252E-13));
#5672=DIRECTION('ref_axis',(-0.382683432364946,0.923879532511346,0.));
#5673=DIRECTION('',(0.370920289245028,-0.895480792854983,-0.246033104793229));
#5674=DIRECTION('',(0.281084637714626,-0.678598344545976,0.678598344545798));
#5675=DIRECTION('',(-0.28108463771482,0.678598344545845,0.678598344545849));
#5676=DIRECTION('center_axis',(-0.500000000000001,0.500000000000001,-0.707106781186546));
#5677=DIRECTION('ref_axis',(-0.707106781186548,-0.707106781186548,0.));
#5678=DIRECTION('',(0.707106781186548,0.707106781186547,-1.24488316876538E-15));
#5679=DIRECTION('center_axis',(0.433737477809468,0.851290981942485,0.295254914280663));
#5680=DIRECTION('ref_axis',(0.749581083234817,-0.159071254673493,-0.642514229875976));
#5681=DIRECTION('',(-0.500000000000001,0.500000000000001,-0.707106781186546));
#5682=DIRECTION('center_axis',(-0.499999999999997,0.5,0.707106781186549));
#5683=DIRECTION('ref_axis',(0.707106781186548,0.707106781186547,-1.24488316876538E-15));
#5684=DIRECTION('',(-0.500000000000001,0.500000000000001,-0.707106781186546));
#5685=DIRECTION('center_axis',(-0.851290981942489,-0.433737477809449,0.295254914280679));
#5686=DIRECTION('ref_axis',(-0.159071254673472,0.749581083234828,0.642514229875969));
#5687=DIRECTION('center_axis',(-0.923879532511283,0.382683432365098,-1.07979514265246E-14));
#5688=DIRECTION('ref_axis',(-0.382683432365098,-0.923879532511283,0.));
#5689=DIRECTION('',(0.281084637714833,0.678598344545841,-0.678598344545848));
#5690=DIRECTION('',(0.370920289245162,0.895480792855004,0.24603310479295));
#5691=DIRECTION('',(0.28108463771482,0.678598344545847,0.678598344545847));
#5692=DIRECTION('',(-0.281084637714833,-0.678598344545841,0.678598344545848));
#5693=DIRECTION('',(-0.281084637714819,-0.678598344545846,-0.678598344545849));
#5694=DIRECTION('center_axis',(-0.5,-0.499999999999997,-0.707106781186549));
#5695=DIRECTION('ref_axis',(-0.707106781186547,0.707106781186548,1.08078579000033E-15));
#5696=DIRECTION('',(-0.707106781186547,0.707106781186548,1.08078579000033E-15));
#5697=DIRECTION('',(0.678598344545976,0.281084637714626,-0.678598344545798));
#5698=DIRECTION('',(-0.707106781186547,0.707106781186548,1.08078579000033E-15));
#5699=DIRECTION('center_axis',(0.5,0.5,-0.707106781186548));
#5700=DIRECTION('ref_axis',(0.5,0.5,0.707106781186548));
#5701=DIRECTION('',(0.159071254673493,0.749581083234817,0.642514229875976));
#5702=DIRECTION('',(-0.707106781186546,0.707106781186549,1.24488316876538E-15));
#5703=DIRECTION('',(0.749581083234828,0.159071254673471,0.642514229875969));
#5704=DIRECTION('',(-0.678598344545847,-0.281084637714821,-0.678598344545847));
#5705=DIRECTION('center_axis',(0.382683432364946,-0.923879532511346,1.68922497695252E-13));
#5706=DIRECTION('ref_axis',(0.923879532511346,0.382683432364946,0.));
#5707=DIRECTION('',(-0.895480792854983,-0.370920289245028,-0.246033104793229));
#5708=DIRECTION('',(-0.678598344545976,-0.281084637714626,0.678598344545798));
#5709=DIRECTION('',(0.678598344545845,0.28108463771482,0.678598344545849));
#5710=DIRECTION('center_axis',(0.500000000000001,0.500000000000001,-0.707106781186546));
#5711=DIRECTION('ref_axis',(-0.707106781186547,0.707106781186548,0.));
#5712=DIRECTION('',(0.707106781186546,-0.707106781186549,-1.24488316876538E-15));
#5713=DIRECTION('center_axis',(0.851290981942485,-0.433737477809468,0.295254914280663));
#5714=DIRECTION('ref_axis',(-0.159071254673493,-0.749581083234817,-0.642514229875976));
#5715=DIRECTION('',(0.500000000000001,0.500000000000001,-0.707106781186546));
#5716=DIRECTION('center_axis',(0.5,0.499999999999997,0.707106781186549));
#5717=DIRECTION('ref_axis',(0.707106781186546,-0.707106781186549,-1.24488316876538E-15));
#5718=DIRECTION('',(0.500000000000001,0.500000000000001,-0.707106781186546));
#5719=DIRECTION('center_axis',(-0.433737477809449,0.851290981942489,0.295254914280679));
#5720=DIRECTION('ref_axis',(0.749581083234828,0.159071254673471,0.642514229875969));
#5721=DIRECTION('center_axis',(-0.382683432365098,-0.923879532511283,-1.07979514265246E-14));
#5722=DIRECTION('ref_axis',(0.923879532511283,-0.382683432365098,0.));
#5723=DIRECTION('',(-0.678598344545838,0.281084637714831,-0.678598344545852));
#5724=DIRECTION('',(-0.678598344545847,0.28108463771482,0.678598344545847));
#5725=DIRECTION('',(0.678598344545838,-0.281084637714831,0.678598344545852));
#5726=DIRECTION('',(0.678598344545849,-0.28108463771482,-0.678598344545845));
#5727=DIRECTION('center_axis',(0.500000000000001,-0.500000000000001,-0.707106781186546));
#5728=DIRECTION('ref_axis',(-0.707106781186548,-0.707106781186548,-4.32978028117747E-17));
#5729=DIRECTION('',(-0.707106781186548,-0.707106781186548,-4.32978028117747E-17));
#5730=DIRECTION('',(-0.281084637714625,0.678598344545973,-0.678598344545802));
#5731=DIRECTION('',(-0.707106781186548,-0.707106781186548,-4.32978028117747E-17));
#5732=DIRECTION('center_axis',(-0.5,0.5,-0.707106781186547));
#5733=DIRECTION('ref_axis',(-0.5,0.5,0.707106781186548));
#5734=DIRECTION('',(-0.707106781186548,-0.707106781186548,-4.32978028117747E-17));
#5735=DIRECTION('',(0.281084637714821,-0.678598344545847,-0.678598344545847));
#5736=DIRECTION('center_axis',(0.923879532511346,0.382683432364946,1.68922497695252E-13));
#5737=DIRECTION('ref_axis',(-0.382683432364946,0.923879532511346,0.));
#5738=DIRECTION('',(0.281084637714625,-0.678598344545973,0.678598344545802));
#5739=DIRECTION('',(-0.281084637714821,0.678598344545848,0.678598344545845));
#5740=DIRECTION('center_axis',(-0.500000000000001,0.500000000000001,0.707106781186546));
#5741=DIRECTION('ref_axis',(0.707106781186548,0.707106781186548,4.32978028117747E-17));
#5742=DIRECTION('',(0.707106781186548,0.707106781186548,4.32978028117747E-17));
#5743=DIRECTION('center_axis',(-0.499999999999999,0.499999999999999,-0.707106781186549));
#5744=DIRECTION('ref_axis',(-0.707106781186548,-0.707106781186548,0.));
#5745=DIRECTION('center_axis',(-0.923879532511283,0.382683432365098,-1.07979514265246E-14));
#5746=DIRECTION('ref_axis',(-0.382683432365098,-0.923879532511283,0.));
#5747=DIRECTION('',(0.281084637714832,0.678598344545838,-0.678598344545852));
#5748=DIRECTION('',(0.28108463771482,0.678598344545847,0.678598344545847));
#5749=DIRECTION('',(-0.281084637714832,-0.678598344545838,0.678598344545852));
#5750=DIRECTION('',(-0.28108463771482,-0.678598344545849,-0.678598344545845));
#5751=DIRECTION('center_axis',(-0.500000000000001,-0.500000000000001,-0.707106781186546));
#5752=DIRECTION('ref_axis',(-0.707106781186547,0.707106781186548,-4.32978028117747E-17));
#5753=DIRECTION('',(-0.707106781186547,0.707106781186548,-4.32978028117747E-17));
#5754=DIRECTION('',(0.678598344545973,0.281084637714625,-0.678598344545802));
#5755=DIRECTION('',(-0.707106781186547,0.707106781186548,-4.32978028117747E-17));
#5756=DIRECTION('center_axis',(0.5,0.5,-0.707106781186548));
#5757=DIRECTION('ref_axis',(0.5,0.5,0.707106781186548));
#5758=DIRECTION('',(-0.707106781186547,0.707106781186548,-4.32978028117747E-17));
#5759=DIRECTION('',(-0.678598344545847,-0.281084637714821,-0.678598344545847));
#5760=DIRECTION('center_axis',(0.382683432364946,-0.923879532511346,1.68922497695252E-13));
#5761=DIRECTION('ref_axis',(0.923879532511346,0.382683432364946,0.));
#5762=DIRECTION('',(-0.678598344545973,-0.281084637714625,0.678598344545802));
#5763=DIRECTION('',(0.678598344545848,0.281084637714821,0.678598344545845));
#5764=DIRECTION('center_axis',(0.500000000000001,0.500000000000001,0.707106781186546));
#5765=DIRECTION('ref_axis',(0.707106781186547,-0.707106781186548,4.32978028117747E-17));
#5766=DIRECTION('',(0.707106781186547,-0.707106781186548,4.32978028117747E-17));
#5767=DIRECTION('center_axis',(0.499999999999999,0.499999999999999,-0.707106781186549));
#5768=DIRECTION('ref_axis',(-0.707106781186547,0.707106781186548,0.));
#5769=DIRECTION('center_axis',(0.382683432364946,-0.923879532511346,1.68922497695252E-13));
#5770=DIRECTION('ref_axis',(0.923879532511346,0.382683432364946,0.));
#5771=DIRECTION('',(-0.678598344545975,-0.281084637714625,0.6785983445458));
#5772=DIRECTION('',(0.678598344545847,0.281084637714821,0.678598344545847));
#5773=DIRECTION('',(0.678598344545975,0.281084637714626,-0.6785983445458));
#5774=DIRECTION('',(-0.678598344545847,-0.281084637714821,-0.678598344545847));
#5775=DIRECTION('center_axis',(-0.5,-0.5,-0.707106781186548));
#5776=DIRECTION('ref_axis',(-0.707106781186547,0.707106781186548,3.47959937982289E-16));
#5777=DIRECTION('',(-0.707106781186547,0.707106781186548,3.47959937982289E-16));
#5778=DIRECTION('',(-0.281084637714832,-0.678598344545839,0.67859834454585));
#5779=DIRECTION('',(-0.707106781186547,0.707106781186548,3.47959937982289E-16));
#5780=DIRECTION('center_axis',(0.5,0.5,-0.707106781186548));
#5781=DIRECTION('ref_axis',(-0.707106781186547,0.707106781186548,0.));
#5782=DIRECTION('',(0.707106781186547,-0.707106781186548,-1.08078579000033E-15));
#5783=DIRECTION('',(-0.28108463771482,-0.678598344545847,-0.678598344545847));
#5784=DIRECTION('center_axis',(-0.923879532511283,0.382683432365098,-1.07979514265246E-14));
#5785=DIRECTION('ref_axis',(-0.382683432365098,-0.923879532511283,0.));
#5786=DIRECTION('',(0.281084637714832,0.678598344545839,-0.67859834454585));
#5787=DIRECTION('',(0.28108463771482,0.678598344545847,0.678598344545847));
#5788=DIRECTION('center_axis',(0.500000000000001,0.499999999999999,0.707106781186548));
#5789=DIRECTION('ref_axis',(0.707106781186547,-0.707106781186548,-1.08078579000033E-15));
#5790=DIRECTION('',(-0.707106781186547,0.707106781186548,1.08078579000033E-15));
#5791=DIRECTION('center_axis',(0.5,0.5,-0.707106781186548));
#5792=DIRECTION('ref_axis',(0.5,0.5,0.707106781186548));
#5793=DIRECTION('center_axis',(0.382683432364946,-0.923879532511346,1.68922497695252E-13));
#5794=DIRECTION('ref_axis',(0.923879532511346,0.382683432364946,0.));
#5795=DIRECTION('',(-0.678598344544405,-0.281084637713975,0.678598344547639));
#5796=DIRECTION('',(0.678598344547417,0.281084637715471,0.678598344544008));
#5797=DIRECTION('',(0.678598344544405,0.281084637713975,-0.678598344547639));
#5798=DIRECTION('',(-0.678598344545847,-0.281084637714821,-0.678598344545847));
#5799=DIRECTION('center_axis',(-0.500000000001256,-0.500000000001256,-0.707106781184771));
#5800=DIRECTION('ref_axis',(-0.707106781186547,0.707106781186548,-4.32978028117747E-17));
#5801=DIRECTION('',(-0.707106781186547,0.707106781186548,-4.32978028117747E-17));
#5802=DIRECTION('',(-0.281084637714182,-0.678598344544269,0.678598344547689));
#5803=DIRECTION('',(-0.707106781186547,0.707106781186548,-4.32978028117747E-17));
#5804=DIRECTION('center_axis',(0.499999999998744,0.499999999998744,-0.707106781188324));
#5805=DIRECTION('ref_axis',(-0.707106781186547,0.707106781186548,0.));
#5806=DIRECTION('',(0.707106781186547,-0.707106781186548,4.32978028117747E-17));
#5807=DIRECTION('',(-0.28108463771547,-0.678598344547417,-0.678598344544007));
#5808=DIRECTION('center_axis',(-0.923879532511283,0.382683432365098,-1.07979514265246E-14));
#5809=DIRECTION('ref_axis',(-0.382683432365098,-0.923879532511283,0.));
#5810=DIRECTION('',(0.281084637714182,0.678598344544269,-0.678598344547689));
#5811=DIRECTION('',(0.28108463771482,0.678598344545847,0.678598344545847));
#5812=DIRECTION('center_axis',(0.500000000001256,0.500000000001256,0.707106781184771));
#5813=DIRECTION('ref_axis',(0.707106781186547,-0.707106781186548,4.32978028117747E-17));
#5814=DIRECTION('',(-0.707106781186547,0.707106781186548,-4.32978028117747E-17));
#5815=DIRECTION('center_axis',(0.5,0.5,-0.707106781186548));
#5816=DIRECTION('ref_axis',(0.5,0.5,0.707106781186548));
#5817=DIRECTION('center_axis',(0.382683432364946,-0.923879532511346,1.68922497695252E-13));
#5818=DIRECTION('ref_axis',(0.923879532511346,0.382683432364946,0.));
#5819=DIRECTION('',(-0.678598344543965,-0.281084637713793,0.678598344548154));
#5820=DIRECTION('',(0.678598344547856,0.281084637715653,0.678598344543493));
#5821=DIRECTION('',(0.678598344543965,0.281084637713793,-0.678598344548154));
#5822=DIRECTION('',(-0.678598344545847,-0.281084637714821,-0.678598344545847));
#5823=DIRECTION('center_axis',(-0.500000000001608,-0.500000000001607,-0.707106781184274));
#5824=DIRECTION('ref_axis',(-0.707106781186547,0.707106781186548,3.55457035734009E-16));
#5825=DIRECTION('',(-0.707106781186547,0.707106781186548,3.5545703573401E-16));
#5826=DIRECTION('',(-0.281084637714,-0.67859834454383,0.678598344548204));
#5827=DIRECTION('',(-0.707106781186547,0.707106781186548,3.55457035734009E-16));
#5828=DIRECTION('center_axis',(0.499999999998392,0.499999999998392,-0.707106781188821));
#5829=DIRECTION('ref_axis',(-0.707106781186547,0.707106781186548,0.));
#5830=DIRECTION('',(0.707106781186547,-0.707106781186548,-3.3627810405355E-16));
#5831=DIRECTION('',(-0.281084637715652,-0.678598344547857,-0.678598344543492));
#5832=DIRECTION('center_axis',(-0.923879532511283,0.382683432365098,-1.07979514265246E-14));
#5833=DIRECTION('ref_axis',(-0.382683432365098,-0.923879532511283,0.));
#5834=DIRECTION('',(0.281084637714,0.67859834454383,-0.678598344548204));
#5835=DIRECTION('',(0.28108463771482,0.678598344545847,0.678598344545847));
#5836=DIRECTION('center_axis',(0.500000000001608,0.500000000001607,0.707106781184274));
#5837=DIRECTION('ref_axis',(0.707106781186547,-0.707106781186548,-3.3627810405355E-16));
#5838=DIRECTION('',(-0.707106781186547,0.707106781186548,3.3627810405355E-16));
#5839=DIRECTION('center_axis',(0.5,0.5,-0.707106781186548));
#5840=DIRECTION('ref_axis',(0.5,0.5,0.707106781186548));
#5841=DIRECTION('center_axis',(0.382683432364946,-0.923879532511346,1.68922497695252E-13));
#5842=DIRECTION('ref_axis',(0.923879532511346,0.382683432364946,0.));
#5843=DIRECTION('',(-0.678598344543965,-0.281084637713793,0.678598344548154));
#5844=DIRECTION('',(0.678598344547856,0.281084637715653,0.678598344543493));
#5845=DIRECTION('',(0.678598344543965,0.281084637713793,-0.678598344548154));
#5846=DIRECTION('',(-0.678598344545847,-0.281084637714821,-0.678598344545847));
#5847=DIRECTION('center_axis',(-0.500000000001608,-0.500000000001608,-0.707106781184274));
#5848=DIRECTION('ref_axis',(-0.707106781186547,0.707106781186548,-4.32978028117747E-17));
#5849=DIRECTION('',(-0.707106781186547,0.707106781186548,-4.32978028117747E-17));
#5850=DIRECTION('',(-0.281084637714,-0.67859834454383,0.678598344548204));
#5851=DIRECTION('',(-0.707106781186547,0.707106781186548,-4.32978028117747E-17));
#5852=DIRECTION('center_axis',(0.499999999998392,0.499999999998392,-0.707106781188821));
#5853=DIRECTION('ref_axis',(-0.707106781186547,0.707106781186548,0.));
#5854=DIRECTION('',(0.707106781186547,-0.707106781186548,-3.47932655361169E-16));
#5855=DIRECTION('',(-0.281084637715652,-0.678598344547857,-0.678598344543492));
#5856=DIRECTION('center_axis',(-0.923879532511283,0.382683432365098,-1.07979514265246E-14));
#5857=DIRECTION('ref_axis',(-0.382683432365098,-0.923879532511283,0.));
#5858=DIRECTION('',(0.281084637714,0.67859834454383,-0.678598344548204));
#5859=DIRECTION('',(0.28108463771482,0.678598344545847,0.678598344545847));
#5860=DIRECTION('center_axis',(0.500000000001608,0.500000000001607,0.707106781184274));
#5861=DIRECTION('ref_axis',(0.707106781186547,-0.707106781186548,-3.47932655361169E-16));
#5862=DIRECTION('',(-0.707106781186547,0.707106781186548,3.47932655361169E-16));
#5863=DIRECTION('center_axis',(0.5,0.5,-0.707106781186548));
#5864=DIRECTION('ref_axis',(0.5,0.5,0.707106781186548));
#5865=DIRECTION('center_axis',(-0.382683432365076,0.923879532511293,0.));
#5866=DIRECTION('ref_axis',(-0.336608280699782,-0.139427715072933,0.931265148941953));
#5867=DIRECTION('center_axis',(0.38268343236509,-0.923879532511287,0.));
#5868=DIRECTION('ref_axis',(-0.336608280699782,-0.139427715072933,0.931265148941953));
#5869=DIRECTION('',(-0.382683432365076,0.923879532511293,0.));
#5870=DIRECTION('center_axis',(-0.38268343236509,0.923879532511287,0.));
#5871=DIRECTION('ref_axis',(-0.336608280699782,-0.139427715072933,0.931265148941953));
#5872=DIRECTION('',(0.382683432365076,-0.923879532511293,0.));
#5873=DIRECTION('center_axis',(0.626943121321954,0.259688343688063,-0.734509555267756));
#5874=DIRECTION('ref_axis',(-0.382683432365076,0.923879532511293,0.));
#5875=DIRECTION('',(0.678598344545847,0.281084637714821,0.678598344545847));
#5876=DIRECTION('',(0.382683432365076,-0.923879532511293,-5.81746382138221E-17));
#5877=DIRECTION('',(0.678598344545847,0.281084637714821,0.678598344545847));
#5878=DIRECTION('center_axis',(-0.382683432365076,0.923879532511293,3.77879027121859E-17));
#5879=DIRECTION('ref_axis',(-0.846396274930184,-0.350588816218134,0.400875077458148));
#5880=DIRECTION('center_axis',(0.382683432364947,-0.923879532511346,1.68922497695252E-13));
#5881=DIRECTION('ref_axis',(-0.846396274930184,-0.350588816218134,0.400875077458148));
#5882=DIRECTION('',(-0.382683432365076,0.923879532511293,3.77879027121859E-17));
#5883=DIRECTION('center_axis',(-0.382683432365081,0.92387953251129,-1.07979514265246E-14));
#5884=DIRECTION('ref_axis',(-0.846396274930184,-0.350588816218134,0.400875077458148));
#5885=DIRECTION('center_axis',(0.923879532511293,0.382683432365076,0.));
#5886=DIRECTION('ref_axis',(0.382683432365076,-0.923879532511293,0.));
#5887=DIRECTION('',(0.,0.,-1.));
#5888=DIRECTION('',(0.382683432365076,-0.923879532511293,0.));
#5889=DIRECTION('',(0.,0.,-1.));
#5890=DIRECTION('center_axis',(-0.92387953251129,-0.382683432365081,0.));
#5891=DIRECTION('ref_axis',(-0.382683432365081,0.92387953251129,0.));
#5892=DIRECTION('',(-0.382683432365081,0.92387953251129,0.));
#5893=DIRECTION('',(0.,0.,-1.));
#5894=DIRECTION('',(-0.382683432365081,0.92387953251129,0.));
#5895=DIRECTION('',(0.,0.,-1.));
#5896=DIRECTION('center_axis',(0.,0.,-1.));
#5897=DIRECTION('ref_axis',(1.11022302462516E-16,1.,0.));
#5898=DIRECTION('',(-0.923879532511346,-0.382683432364946,0.));
#5899=DIRECTION('',(0.92387953251129,0.382683432365081,0.));
#5900=DIRECTION('center_axis',(-0.626943121321953,-0.259688343688067,0.734509555267756));
#5901=DIRECTION('ref_axis',(0.382683432365081,-0.92387953251129,0.));
#5902=DIRECTION('',(0.678598344545847,0.281084637714821,0.678598344545847));
#5903=DIRECTION('',(0.382683432365081,-0.92387953251129,4.24863957754297E-17));
#5904=DIRECTION('',(0.678598344545847,0.281084637714821,0.678598344545847));
#5905=DIRECTION('center_axis',(-0.38268343236509,0.923879532511287,0.));
#5906=DIRECTION('ref_axis',(0.923879532511287,0.38268343236509,0.));
#5907=DIRECTION('',(-0.923879532511287,-0.38268343236509,0.));
#5908=DIRECTION('',(0.,0.,-1.));
#5909=DIRECTION('',(0.923879532511287,0.38268343236509,0.));
#5910=DIRECTION('center_axis',(0.,0.,1.));
#5911=DIRECTION('ref_axis',(1.,0.,0.));
#5912=DIRECTION('',(-0.923879532511287,-0.38268343236509,0.));
#5913=DIRECTION('',(0.38268343236509,-0.923879532511287,0.));
#5914=DIRECTION('center_axis',(0.38268343236509,-0.923879532511287,0.));
#5915=DIRECTION('ref_axis',(-0.923879532511287,-0.38268343236509,0.));
#5916=DIRECTION('',(-0.923879532511287,-0.38268343236509,0.));
#5917=DIRECTION('',(0.,0.,-1.));
#5918=DIRECTION('center_axis',(0.923879532511287,0.38268343236509,0.));
#5919=DIRECTION('ref_axis',(0.38268343236509,-0.923879532511287,0.));
#5920=DIRECTION('',(0.38268343236509,-0.923879532511287,0.));
#5921=DIRECTION('center_axis',(0.,0.,-1.));
#5922=DIRECTION('ref_axis',(-1.,0.,0.));
#5923=DIRECTION('center_axis',(0.,0.,-1.));
#5924=DIRECTION('ref_axis',(-1.,0.,0.));
#5925=DIRECTION('',(0.923879532511293,0.382683432365076,0.));
#5926=DIRECTION('',(-0.38268343236509,0.923879532511287,0.));
#5927=DIRECTION('',(0.923879532511287,0.38268343236509,0.));
#5928=DIRECTION('',(0.38268343236509,-0.923879532511287,0.));
#5929=DIRECTION('center_axis',(-0.38268343236509,0.923879532511287,0.));
#5930=DIRECTION('ref_axis',(0.923879532511287,0.38268343236509,0.));
#5931=DIRECTION('',(0.923879532511287,0.38268343236509,0.));
#5932=DIRECTION('',(0.,0.,-1.));
#5933=DIRECTION('',(0.,0.,-1.));
#5934=DIRECTION('center_axis',(0.923879532511287,0.38268343236509,0.));
#5935=DIRECTION('ref_axis',(0.38268343236509,-0.923879532511287,0.));
#5936=DIRECTION('',(0.38268343236509,-0.923879532511287,0.));
#5937=DIRECTION('',(-0.281084637714821,0.678598344545847,0.678598344545847));
#5938=DIRECTION('',(0.,0.,-1.));
#5939=DIRECTION('',(0.382683432364947,-0.923879532511346,0.));
#5940=DIRECTION('',(0.,0.,-1.));
#5941=DIRECTION('center_axis',(0.923879532511346,0.382683432364947,1.68922497695252E-13));
#5942=DIRECTION('ref_axis',(0.350588816218134,-0.846396274930184,0.400875077458148));
#5943=DIRECTION('',(-0.281084637714821,0.678598344545847,0.678598344545847));
#5944=DIRECTION('center_axis',(0.923879532511287,0.38268343236509,0.));
#5945=DIRECTION('ref_axis',(0.139427715072933,-0.336608280699782,0.931265148941953));
#5946=DIRECTION('center_axis',(0.,0.,1.));
#5947=DIRECTION('ref_axis',(1.,0.,0.));
#5948=DIRECTION('',(0.38268343236509,-0.923879532511287,0.));
#5949=DIRECTION('',(0.92387953251129,0.382683432365081,4.24863957754297E-17));
#5950=DIRECTION('center_axis',(-0.923879532511287,-0.38268343236509,0.));
#5951=DIRECTION('ref_axis',(-0.38268343236509,0.923879532511287,0.));
#5952=DIRECTION('center_axis',(-0.923879532511287,-0.38268343236509,0.));
#5953=DIRECTION('ref_axis',(0.139427715072933,-0.336608280699782,0.931265148941953));
#5954=DIRECTION('',(-0.281084637714821,0.678598344545847,0.678598344545847));
#5955=DIRECTION('center_axis',(-0.92387953251129,-0.382683432365081,-1.07979514265246E-14));
#5956=DIRECTION('ref_axis',(0.350588816218134,-0.846396274930184,0.400875077458148));
#5957=DIRECTION('',(0.,0.,-1.));
#5958=DIRECTION('',(-0.382683432365081,0.92387953251129,0.));
#5959=DIRECTION('',(0.,0.,-1.));
#5960=DIRECTION('',(-0.281084637714821,0.678598344545847,0.678598344545847));
#5961=DIRECTION('center_axis',(0.259688343688067,-0.626943121321953,0.734509555267756));
#5962=DIRECTION('ref_axis',(0.92387953251129,0.382683432365081,0.));
#5963=DIRECTION('',(-0.92387953251129,-0.382683432365081,0.));
#5964=DIRECTION('center_axis',(0.,0.,-1.));
#5965=DIRECTION('ref_axis',(-1.,0.,0.));
#5966=DIRECTION('',(-0.92387953251129,-0.382683432365081,0.));
#5967=DIRECTION('',(0.923879532511293,0.382683432365076,0.));
#5968=DIRECTION('center_axis',(0.382683432365081,-0.92387953251129,0.));
#5969=DIRECTION('ref_axis',(-0.92387953251129,-0.382683432365081,0.));
#5970=DIRECTION('center_axis',(-0.382683432365076,0.923879532511293,0.));
#5971=DIRECTION('ref_axis',(0.923879532511293,0.382683432365076,0.));
#5972=DIRECTION('',(-0.923879532511293,-0.382683432365076,3.77879027121859E-17));
#5973=DIRECTION('center_axis',(-0.923879532511293,-0.382683432365076,3.77879027121859E-17));
#5974=DIRECTION('ref_axis',(0.350588816218134,-0.846396274930184,0.400875077458148));
#5975=DIRECTION('',(0.923879532511293,0.382683432365076,-5.81746382138221E-17));
#5976=DIRECTION('center_axis',(-0.259688343688063,0.626943121321954,-0.734509555267756));
#5977=DIRECTION('ref_axis',(-0.923879532511293,-0.382683432365076,0.));
#5978=DIRECTION('',(-0.923879532511293,-0.382683432365076,2.03867355016362E-17));
#5979=DIRECTION('center_axis',(-0.923879532511293,-0.382683432365076,0.));
#5980=DIRECTION('ref_axis',(0.139427715072933,-0.336608280699782,0.931265148941953));
#5981=DIRECTION('center_axis',(-0.923879532511281,0.382683432365104,0.));
#5982=DIRECTION('ref_axis',(-0.139427715072944,-0.336608280699778,0.931265148941953));
#5983=DIRECTION('center_axis',(0.923879532511287,-0.38268343236509,0.));
#5984=DIRECTION('ref_axis',(-0.139427715072944,-0.336608280699778,0.931265148941953));
#5985=DIRECTION('',(-0.923879532511281,0.382683432365104,0.));
#5986=DIRECTION('center_axis',(-0.923879532511287,0.38268343236509,0.));
#5987=DIRECTION('ref_axis',(-0.139427715072944,-0.336608280699778,0.931265148941953));
#5988=DIRECTION('',(0.923879532511281,-0.382683432365104,0.));
#5989=DIRECTION('center_axis',(0.259688343688082,0.626943121321946,-0.734509555267756));
#5990=DIRECTION('ref_axis',(-0.923879532511281,0.382683432365104,0.));
#5991=DIRECTION('',(0.28108463771482,0.678598344545847,0.678598344545847));
#5992=DIRECTION('',(0.923879532511281,-0.382683432365104,-5.81746382138221E-17));
#5993=DIRECTION('',(0.28108463771482,0.678598344545847,0.678598344545847));
#5994=DIRECTION('center_axis',(-0.923879532511281,0.382683432365104,3.77879027121859E-17));
#5995=DIRECTION('ref_axis',(-0.35058881621816,-0.846396274930173,0.400875077458149));
#5996=DIRECTION('center_axis',(0.923879532511227,-0.382683432365233,1.68922497695252E-13));
#5997=DIRECTION('ref_axis',(-0.35058881621816,-0.846396274930173,0.400875077458149));
#5998=DIRECTION('',(-0.923879532511281,0.382683432365104,3.77879027121859E-17));
#5999=DIRECTION('center_axis',(-0.923879532511283,0.382683432365098,-1.07979514265246E-14));
#6000=DIRECTION('ref_axis',(-0.35058881621816,-0.846396274930173,0.400875077458149));
#6001=DIRECTION('center_axis',(0.382683432365104,0.923879532511281,0.));
#6002=DIRECTION('ref_axis',(0.923879532511281,-0.382683432365104,0.));
#6003=DIRECTION('',(0.,0.,-1.));
#6004=DIRECTION('',(0.923879532511281,-0.382683432365104,0.));
#6005=DIRECTION('',(0.,0.,-1.));
#6006=DIRECTION('center_axis',(-0.382683432365099,-0.923879532511283,0.));
#6007=DIRECTION('ref_axis',(-0.923879532511283,0.382683432365099,0.));
#6008=DIRECTION('',(-0.923879532511283,0.382683432365099,0.));
#6009=DIRECTION('',(0.,0.,-1.));
#6010=DIRECTION('',(-0.923879532511283,0.382683432365099,0.));
#6011=DIRECTION('',(0.,0.,-1.));
#6012=DIRECTION('center_axis',(0.,0.,-1.));
#6013=DIRECTION('ref_axis',(-0.707106781186547,0.707106781186548,0.));
#6014=DIRECTION('',(-0.382683432365233,-0.923879532511227,0.));
#6015=DIRECTION('',(0.382683432365098,0.923879532511283,0.));
#6016=DIRECTION('center_axis',(-0.259688343688078,-0.626943121321948,0.734509555267756));
#6017=DIRECTION('ref_axis',(0.923879532511283,-0.382683432365099,0.));
#6018=DIRECTION('',(0.28108463771482,0.678598344545847,0.678598344545847));
#6019=DIRECTION('',(0.923879532511283,-0.382683432365098,4.24863957754297E-17));
#6020=DIRECTION('',(0.28108463771482,0.678598344545847,0.678598344545847));
#6021=DIRECTION('center_axis',(-0.923879532511287,0.38268343236509,0.));
#6022=DIRECTION('ref_axis',(0.38268343236509,0.923879532511286,0.));
#6023=DIRECTION('',(-0.38268343236509,-0.923879532511286,0.));
#6024=DIRECTION('',(0.,0.,-1.));
#6025=DIRECTION('',(0.38268343236509,0.923879532511286,0.));
#6026=DIRECTION('center_axis',(0.,0.,1.));
#6027=DIRECTION('ref_axis',(1.,0.,0.));
#6028=DIRECTION('',(-0.38268343236509,-0.923879532511287,0.));
#6029=DIRECTION('',(0.923879532511287,-0.38268343236509,0.));
#6030=DIRECTION('center_axis',(0.923879532511287,-0.38268343236509,0.));
#6031=DIRECTION('ref_axis',(-0.38268343236509,-0.923879532511287,0.));
#6032=DIRECTION('',(-0.38268343236509,-0.923879532511287,0.));
#6033=DIRECTION('',(0.,0.,-1.));
#6034=DIRECTION('center_axis',(0.38268343236509,0.923879532511287,0.));
#6035=DIRECTION('ref_axis',(0.923879532511287,-0.38268343236509,0.));
#6036=DIRECTION('',(0.923879532511287,-0.38268343236509,0.));
#6037=DIRECTION('center_axis',(0.,0.,-1.));
#6038=DIRECTION('ref_axis',(-1.,0.,0.));
#6039=DIRECTION('center_axis',(0.,0.,-1.));
#6040=DIRECTION('ref_axis',(-1.,0.,0.));
#6041=DIRECTION('',(0.382683432365104,0.923879532511281,0.));
#6042=DIRECTION('',(-0.923879532511287,0.38268343236509,0.));
#6043=DIRECTION('',(0.38268343236509,0.923879532511287,0.));
#6044=DIRECTION('',(0.923879532511287,-0.38268343236509,0.));
#6045=DIRECTION('center_axis',(-0.923879532511287,0.38268343236509,0.));
#6046=DIRECTION('ref_axis',(0.38268343236509,0.923879532511287,0.));
#6047=DIRECTION('',(0.38268343236509,0.923879532511287,0.));
#6048=DIRECTION('',(0.,0.,-1.));
#6049=DIRECTION('',(0.,0.,-1.));
#6050=DIRECTION('center_axis',(0.38268343236509,0.923879532511287,0.));
#6051=DIRECTION('ref_axis',(0.923879532511287,-0.38268343236509,0.));
#6052=DIRECTION('',(0.923879532511287,-0.38268343236509,0.));
#6053=DIRECTION('',(-0.678598344545847,0.28108463771482,0.678598344545847));
#6054=DIRECTION('',(0.,0.,-1.));
#6055=DIRECTION('',(0.923879532511227,-0.382683432365233,0.));
#6056=DIRECTION('',(0.,0.,-1.));
#6057=DIRECTION('center_axis',(0.382683432365233,0.923879532511227,1.68922497695252E-13));
#6058=DIRECTION('ref_axis',(0.846396274930173,-0.35058881621816,0.400875077458148));
#6059=DIRECTION('',(-0.678598344545847,0.28108463771482,0.678598344545847));
#6060=DIRECTION('center_axis',(0.38268343236509,0.923879532511287,0.));
#6061=DIRECTION('ref_axis',(0.336608280699778,-0.139427715072944,0.931265148941953));
#6062=DIRECTION('center_axis',(0.,0.,1.));
#6063=DIRECTION('ref_axis',(1.,0.,0.));
#6064=DIRECTION('',(0.923879532511287,-0.38268343236509,0.));
#6065=DIRECTION('',(0.382683432365098,0.923879532511283,4.24863957754297E-17));
#6066=DIRECTION('center_axis',(-0.38268343236509,-0.923879532511287,0.));
#6067=DIRECTION('ref_axis',(-0.923879532511287,0.38268343236509,0.));
#6068=DIRECTION('center_axis',(-0.38268343236509,-0.923879532511287,0.));
#6069=DIRECTION('ref_axis',(0.336608280699778,-0.139427715072944,0.931265148941953));
#6070=DIRECTION('',(-0.678598344545847,0.28108463771482,0.678598344545847));
#6071=DIRECTION('center_axis',(-0.382683432365098,-0.923879532511283,-1.07979514265246E-14));
#6072=DIRECTION('ref_axis',(0.846396274930173,-0.35058881621816,0.400875077458148));
#6073=DIRECTION('',(0.,0.,-1.));
#6074=DIRECTION('',(-0.923879532511283,0.382683432365098,0.));
#6075=DIRECTION('',(0.,0.,-1.));
#6076=DIRECTION('',(-0.678598344545847,0.28108463771482,0.678598344545847));
#6077=DIRECTION('center_axis',(0.626943121321948,-0.259688343688078,0.734509555267756));
#6078=DIRECTION('ref_axis',(0.382683432365098,0.923879532511283,0.));
#6079=DIRECTION('',(-0.382683432365098,-0.923879532511283,0.));
#6080=DIRECTION('center_axis',(0.,0.,-1.));
#6081=DIRECTION('ref_axis',(-0.707106781186548,-0.707106781186548,0.));
#6082=DIRECTION('',(-0.382683432365098,-0.923879532511283,0.));
#6083=DIRECTION('',(0.382683432365104,0.923879532511281,0.));
#6084=DIRECTION('center_axis',(0.923879532511283,-0.382683432365098,0.));
#6085=DIRECTION('ref_axis',(-0.382683432365098,-0.923879532511283,0.));
#6086=DIRECTION('center_axis',(-0.923879532511281,0.382683432365104,0.));
#6087=DIRECTION('ref_axis',(0.382683432365104,0.923879532511281,0.));
#6088=DIRECTION('',(-0.382683432365104,-0.923879532511281,3.77879027121859E-17));
#6089=DIRECTION('center_axis',(-0.382683432365104,-0.923879532511281,3.77879027121859E-17));
#6090=DIRECTION('ref_axis',(0.846396274930173,-0.35058881621816,0.400875077458148));
#6091=DIRECTION('',(0.382683432365104,0.923879532511281,-5.81746382138221E-17));
#6092=DIRECTION('center_axis',(-0.626943121321946,0.259688343688082,-0.734509555267756));
#6093=DIRECTION('ref_axis',(-0.382683432365104,-0.923879532511281,0.));
#6094=DIRECTION('',(-0.382683432365104,-0.923879532511281,0.));
#6095=DIRECTION('center_axis',(-0.382683432365104,-0.923879532511281,0.));
#6096=DIRECTION('ref_axis',(0.336608280699778,-0.139427715072944,0.931265148941953));
#6097=DIRECTION('center_axis',(0.707106781186547,-0.707106781186548,0.));
#6098=DIRECTION('ref_axis',(-0.707106781186548,-0.707106781186547,0.));
#6099=DIRECTION('',(0.707106781186548,0.707106781186547,0.));
#6100=DIRECTION('',(0.,0.,-1.));
#6101=DIRECTION('',(-0.707106781186548,-0.707106781186547,0.));
#6102=DIRECTION('',(0.,0.,-1.));
#6103=DIRECTION('center_axis',(0.38268343236509,0.923879532511287,0.));
#6104=DIRECTION('ref_axis',(0.923879532511287,-0.38268343236509,0.));
#6105=DIRECTION('',(0.923879532511287,-0.38268343236509,0.));
#6106=DIRECTION('',(0.923879532511287,-0.38268343236509,0.));
#6107=DIRECTION('',(0.,0.,-1.));
#6108=DIRECTION('center_axis',(-0.923879532511287,-0.38268343236509,0.));
#6109=DIRECTION('ref_axis',(-0.38268343236509,0.923879532511287,0.));
#6110=DIRECTION('',(0.38268343236509,-0.923879532511287,0.));
#6111=DIRECTION('',(-0.38268343236509,0.923879532511287,0.));
#6112=DIRECTION('center_axis',(0.,0.,1.));
#6113=DIRECTION('ref_axis',(1.,0.,0.));
#6114=DIRECTION('center_axis',(0.,0.,-1.));
#6115=DIRECTION('ref_axis',(-1.,0.,0.));
#6116=DIRECTION('center_axis',(7.17939349857572E-16,-1.,0.));
#6117=DIRECTION('ref_axis',(-1.,-7.17939349857572E-16,0.));
#6118=DIRECTION('',(1.,7.17939349857572E-16,0.));
#6119=DIRECTION('',(0.,0.,-1.));
#6120=DIRECTION('',(-1.,-7.17939349857572E-16,0.));
#6121=DIRECTION('',(0.,0.,-1.));
#6122=DIRECTION('center_axis',(0.923879532511287,0.38268343236509,0.));
#6123=DIRECTION('ref_axis',(0.38268343236509,-0.923879532511287,0.));
#6124=DIRECTION('',(0.38268343236509,-0.923879532511287,0.));
#6125=DIRECTION('',(0.38268343236509,-0.923879532511287,0.));
#6126=DIRECTION('',(0.,0.,-1.));
#6127=DIRECTION('center_axis',(-0.923879532511287,0.38268343236509,0.));
#6128=DIRECTION('ref_axis',(0.38268343236509,0.923879532511287,0.));
#6129=DIRECTION('',(-0.38268343236509,-0.923879532511287,0.));
#6130=DIRECTION('',(0.38268343236509,0.923879532511287,0.));
#6131=DIRECTION('center_axis',(0.,0.,1.));
#6132=DIRECTION('ref_axis',(1.,0.,0.));
#6133=DIRECTION('center_axis',(0.,0.,-1.));
#6134=DIRECTION('ref_axis',(-1.,0.,0.));
#6135=DIRECTION('center_axis',(-0.707106781186548,-0.707106781186547,0.));
#6136=DIRECTION('ref_axis',(-0.707106781186547,0.707106781186548,0.));
#6137=DIRECTION('',(0.707106781186547,-0.707106781186548,0.));
#6138=DIRECTION('',(0.,0.,-1.));
#6139=DIRECTION('',(-0.707106781186547,0.707106781186548,0.));
#6140=DIRECTION('',(0.,0.,-1.));
#6141=DIRECTION('center_axis',(0.923879532511287,-0.38268343236509,0.));
#6142=DIRECTION('ref_axis',(-0.38268343236509,-0.923879532511286,0.));
#6143=DIRECTION('',(-0.38268343236509,-0.923879532511286,0.));
#6144=DIRECTION('',(-0.38268343236509,-0.923879532511286,0.));
#6145=DIRECTION('',(0.,0.,-1.));
#6146=DIRECTION('center_axis',(-0.38268343236509,0.923879532511287,0.));
#6147=DIRECTION('ref_axis',(0.923879532511287,0.38268343236509,0.));
#6148=DIRECTION('',(-0.923879532511287,-0.38268343236509,0.));
#6149=DIRECTION('',(0.923879532511287,0.38268343236509,0.));
#6150=DIRECTION('center_axis',(0.,0.,1.));
#6151=DIRECTION('ref_axis',(1.,0.,0.));
#6152=DIRECTION('center_axis',(0.,0.,-1.));
#6153=DIRECTION('ref_axis',(-1.,0.,0.));
#6154=DIRECTION('center_axis',(0.382683432365076,0.923879532511293,0.));
#6155=DIRECTION('ref_axis',(-0.336608280699782,0.139427715072933,0.931265148941953));
#6156=DIRECTION('center_axis',(-0.38268343236509,-0.923879532511287,0.));
#6157=DIRECTION('ref_axis',(-0.336608280699782,0.139427715072933,0.931265148941953));
#6158=DIRECTION('',(0.382683432365076,0.923879532511293,0.));
#6159=DIRECTION('center_axis',(0.38268343236509,0.923879532511287,0.));
#6160=DIRECTION('ref_axis',(-0.336608280699782,0.139427715072933,0.931265148941953));
#6161=DIRECTION('',(-0.382683432365076,-0.923879532511293,0.));
#6162=DIRECTION('center_axis',(-0.626943121321954,0.259688343688063,0.734509555267756));
#6163=DIRECTION('ref_axis',(-0.382683432365076,-0.923879532511293,0.));
#6164=DIRECTION('',(0.678598344545847,-0.281084637714821,0.678598344545847));
#6165=DIRECTION('',(0.382683432365076,0.923879532511293,-5.81746382138221E-17));
#6166=DIRECTION('',(0.678598344545847,-0.281084637714821,0.678598344545847));
#6167=DIRECTION('center_axis',(0.382683432365076,0.923879532511293,-3.77879027121859E-17));
#6168=DIRECTION('ref_axis',(-0.846396274930184,0.350588816218134,0.400875077458148));
#6169=DIRECTION('center_axis',(-0.382683432364947,-0.923879532511346,-1.68922497695252E-13));
#6170=DIRECTION('ref_axis',(-0.846396274930184,0.350588816218134,0.400875077458148));
#6171=DIRECTION('center_axis',(0.382683432365081,0.92387953251129,1.07979514265246E-14));
#6172=DIRECTION('ref_axis',(-0.846396274930184,0.350588816218134,0.400875077458148));
#6173=DIRECTION('',(-0.382683432365076,-0.923879532511293,3.77879027121859E-17));
#6174=DIRECTION('center_axis',(-0.923879532511293,0.382683432365076,0.));
#6175=DIRECTION('ref_axis',(0.382683432365076,0.923879532511293,0.));
#6176=DIRECTION('',(0.,0.,-1.));
#6177=DIRECTION('',(0.382683432365076,0.923879532511293,0.));
#6178=DIRECTION('',(0.,0.,-1.));
#6179=DIRECTION('center_axis',(0.92387953251129,-0.382683432365081,0.));
#6180=DIRECTION('ref_axis',(-0.382683432365081,-0.92387953251129,0.));
#6181=DIRECTION('',(-0.382683432365081,-0.92387953251129,0.));
#6182=DIRECTION('',(0.,0.,-1.));
#6183=DIRECTION('',(-0.382683432365081,-0.92387953251129,0.));
#6184=DIRECTION('',(0.,0.,-1.));
#6185=DIRECTION('center_axis',(0.,0.,1.));
#6186=DIRECTION('ref_axis',(1.11022302462516E-16,-1.,0.));
#6187=DIRECTION('',(-0.923879532511346,0.382683432364946,0.));
#6188=DIRECTION('',(0.92387953251129,-0.382683432365081,0.));
#6189=DIRECTION('center_axis',(0.626943121321953,-0.259688343688067,-0.734509555267756));
#6190=DIRECTION('ref_axis',(0.382683432365081,0.92387953251129,0.));
#6191=DIRECTION('',(0.678598344545847,-0.281084637714821,0.678598344545847));
#6192=DIRECTION('',(0.382683432365081,0.92387953251129,4.24863957754297E-17));
#6193=DIRECTION('',(0.678598344545847,-0.281084637714821,0.678598344545847));
#6194=DIRECTION('center_axis',(0.38268343236509,0.923879532511287,0.));
#6195=DIRECTION('ref_axis',(0.923879532511287,-0.38268343236509,0.));
#6196=DIRECTION('',(-0.923879532511287,0.38268343236509,0.));
#6197=DIRECTION('',(0.923879532511287,-0.38268343236509,0.));
#6198=DIRECTION('',(0.,0.,-1.));
#6199=DIRECTION('center_axis',(0.,0.,-1.));
#6200=DIRECTION('ref_axis',(1.,0.,0.));
#6201=DIRECTION('',(-0.923879532511287,0.38268343236509,0.));
#6202=DIRECTION('',(0.38268343236509,0.923879532511287,0.));
#6203=DIRECTION('center_axis',(-0.38268343236509,-0.923879532511287,0.));
#6204=DIRECTION('ref_axis',(-0.923879532511287,0.38268343236509,0.));
#6205=DIRECTION('',(-0.923879532511287,0.38268343236509,0.));
#6206=DIRECTION('',(0.,0.,-1.));
#6207=DIRECTION('center_axis',(-0.923879532511287,0.38268343236509,0.));
#6208=DIRECTION('ref_axis',(0.38268343236509,0.923879532511287,0.));
#6209=DIRECTION('',(0.38268343236509,0.923879532511287,0.));
#6210=DIRECTION('center_axis',(0.,0.,1.));
#6211=DIRECTION('ref_axis',(-1.,0.,0.));
#6212=DIRECTION('center_axis',(0.,0.,1.));
#6213=DIRECTION('ref_axis',(-1.,0.,0.));
#6214=DIRECTION('',(0.923879532511293,-0.382683432365076,0.));
#6215=DIRECTION('',(0.38268343236509,0.923879532511287,0.));
#6216=DIRECTION('',(0.923879532511287,-0.38268343236509,0.));
#6217=DIRECTION('',(-0.38268343236509,-0.923879532511287,0.));
#6218=DIRECTION('center_axis',(0.38268343236509,0.923879532511287,0.));
#6219=DIRECTION('ref_axis',(0.923879532511287,-0.38268343236509,0.));
#6220=DIRECTION('',(0.923879532511287,-0.38268343236509,0.));
#6221=DIRECTION('',(0.,0.,-1.));
#6222=DIRECTION('',(0.,0.,-1.));
#6223=DIRECTION('center_axis',(-0.923879532511287,0.38268343236509,0.));
#6224=DIRECTION('ref_axis',(0.38268343236509,0.923879532511287,0.));
#6225=DIRECTION('center_axis',(-0.923879532511287,0.38268343236509,0.));
#6226=DIRECTION('ref_axis',(0.139427715072933,0.336608280699782,0.931265148941953));
#6227=DIRECTION('',(-0.281084637714821,-0.678598344545847,0.678598344545847));
#6228=DIRECTION('center_axis',(-0.923879532511346,0.382683432364947,-1.68922497695252E-13));
#6229=DIRECTION('ref_axis',(0.350588816218134,0.846396274930184,0.400875077458148));
#6230=DIRECTION('',(0.,0.,-1.));
#6231=DIRECTION('',(0.382683432364947,0.923879532511346,0.));
#6232=DIRECTION('',(0.,0.,-1.));
#6233=DIRECTION('',(-0.281084637714821,-0.678598344545847,0.678598344545847));
#6234=DIRECTION('',(0.38268343236509,0.923879532511287,0.));
#6235=DIRECTION('center_axis',(0.,0.,-1.));
#6236=DIRECTION('ref_axis',(1.,0.,0.));
#6237=DIRECTION('',(0.92387953251129,-0.382683432365081,4.24863957754297E-17));
#6238=DIRECTION('',(0.38268343236509,0.923879532511287,0.));
#6239=DIRECTION('center_axis',(0.923879532511287,-0.38268343236509,0.));
#6240=DIRECTION('ref_axis',(-0.38268343236509,-0.923879532511287,0.));
#6241=DIRECTION('',(-0.281084637714821,-0.678598344545847,0.678598344545847));
#6242=DIRECTION('',(0.,0.,-1.));
#6243=DIRECTION('',(-0.382683432365081,-0.92387953251129,0.));
#6244=DIRECTION('',(0.,0.,-1.));
#6245=DIRECTION('center_axis',(0.92387953251129,-0.382683432365081,1.07979514265246E-14));
#6246=DIRECTION('ref_axis',(0.350588816218134,0.846396274930184,0.400875077458148));
#6247=DIRECTION('',(-0.281084637714821,-0.678598344545847,0.678598344545847));
#6248=DIRECTION('center_axis',(0.923879532511287,-0.38268343236509,0.));
#6249=DIRECTION('ref_axis',(0.139427715072933,0.336608280699782,0.931265148941953));
#6250=DIRECTION('center_axis',(-0.259688343688067,-0.626943121321953,-0.734509555267756));
#6251=DIRECTION('ref_axis',(0.92387953251129,-0.382683432365081,0.));
#6252=DIRECTION('',(-0.92387953251129,0.382683432365081,0.));
#6253=DIRECTION('center_axis',(0.,0.,1.));
#6254=DIRECTION('ref_axis',(-1.,0.,0.));
#6255=DIRECTION('',(0.923879532511293,-0.382683432365076,0.));
#6256=DIRECTION('',(-0.92387953251129,0.382683432365081,0.));
#6257=DIRECTION('center_axis',(-0.382683432365081,-0.92387953251129,0.));
#6258=DIRECTION('ref_axis',(-0.92387953251129,0.382683432365081,0.));
#6259=DIRECTION('center_axis',(0.382683432365076,0.923879532511293,0.));
#6260=DIRECTION('ref_axis',(0.923879532511293,-0.382683432365076,0.));
#6261=DIRECTION('',(-0.923879532511293,0.382683432365076,3.77879027121859E-17));
#6262=DIRECTION('center_axis',(0.923879532511293,-0.382683432365076,-3.77879027121859E-17));
#6263=DIRECTION('ref_axis',(0.350588816218134,0.846396274930184,0.400875077458148));
#6264=DIRECTION('',(0.923879532511293,-0.382683432365076,-5.81746382138221E-17));
#6265=DIRECTION('center_axis',(0.259688343688063,0.626943121321954,0.734509555267756));
#6266=DIRECTION('ref_axis',(-0.923879532511293,0.382683432365076,0.));
#6267=DIRECTION('',(-0.923879532511293,0.382683432365076,2.03867355016362E-17));
#6268=DIRECTION('center_axis',(0.923879532511293,-0.382683432365076,0.));
#6269=DIRECTION('ref_axis',(0.139427715072933,0.336608280699782,0.931265148941953));
#6270=DIRECTION('center_axis',(0.923879532511281,0.382683432365104,0.));
#6271=DIRECTION('ref_axis',(-0.139427715072944,0.336608280699778,0.931265148941953));
#6272=DIRECTION('center_axis',(-0.923879532511287,-0.38268343236509,0.));
#6273=DIRECTION('ref_axis',(-0.139427715072944,0.336608280699778,0.931265148941953));
#6274=DIRECTION('',(0.923879532511281,0.382683432365104,0.));
#6275=DIRECTION('center_axis',(0.923879532511287,0.38268343236509,0.));
#6276=DIRECTION('ref_axis',(-0.139427715072944,0.336608280699778,0.931265148941953));
#6277=DIRECTION('',(-0.923879532511281,-0.382683432365104,0.));
#6278=DIRECTION('center_axis',(-0.259688343688082,0.626943121321946,0.734509555267756));
#6279=DIRECTION('ref_axis',(-0.923879532511281,-0.382683432365104,0.));
#6280=DIRECTION('',(0.28108463771482,-0.678598344545847,0.678598344545847));
#6281=DIRECTION('',(0.923879532511281,0.382683432365104,-5.81746382138221E-17));
#6282=DIRECTION('',(0.28108463771482,-0.678598344545847,0.678598344545847));
#6283=DIRECTION('center_axis',(0.923879532511281,0.382683432365104,-3.77879027121859E-17));
#6284=DIRECTION('ref_axis',(-0.35058881621816,0.846396274930173,0.400875077458149));
#6285=DIRECTION('center_axis',(-0.923879532511227,-0.382683432365233,-1.68922497695252E-13));
#6286=DIRECTION('ref_axis',(-0.35058881621816,0.846396274930173,0.400875077458149));
#6287=DIRECTION('center_axis',(0.923879532511283,0.382683432365098,1.07979514265246E-14));
#6288=DIRECTION('ref_axis',(-0.35058881621816,0.846396274930173,0.400875077458149));
#6289=DIRECTION('',(-0.923879532511281,-0.382683432365104,3.77879027121859E-17));
#6290=DIRECTION('center_axis',(-0.382683432365104,0.923879532511281,0.));
#6291=DIRECTION('ref_axis',(0.923879532511281,0.382683432365104,0.));
#6292=DIRECTION('',(0.,0.,-1.));
#6293=DIRECTION('',(0.923879532511281,0.382683432365104,0.));
#6294=DIRECTION('',(0.,0.,-1.));
#6295=DIRECTION('center_axis',(0.382683432365099,-0.923879532511283,0.));
#6296=DIRECTION('ref_axis',(-0.923879532511283,-0.382683432365099,0.));
#6297=DIRECTION('',(-0.923879532511283,-0.382683432365099,0.));
#6298=DIRECTION('',(0.,0.,-1.));
#6299=DIRECTION('',(-0.923879532511283,-0.382683432365099,0.));
#6300=DIRECTION('',(0.,0.,-1.));
#6301=DIRECTION('center_axis',(0.,0.,1.));
#6302=DIRECTION('ref_axis',(-0.707106781186547,-0.707106781186548,0.));
#6303=DIRECTION('',(-0.382683432365233,0.923879532511227,0.));
#6304=DIRECTION('',(0.382683432365098,-0.923879532511283,0.));
#6305=DIRECTION('center_axis',(0.259688343688078,-0.626943121321948,-0.734509555267756));
#6306=DIRECTION('ref_axis',(0.923879532511283,0.382683432365099,0.));
#6307=DIRECTION('',(0.28108463771482,-0.678598344545847,0.678598344545847));
#6308=DIRECTION('',(0.923879532511283,0.382683432365098,4.24863957754297E-17));
#6309=DIRECTION('',(0.28108463771482,-0.678598344545847,0.678598344545847));
#6310=DIRECTION('center_axis',(0.923879532511287,0.38268343236509,0.));
#6311=DIRECTION('ref_axis',(0.38268343236509,-0.923879532511286,0.));
#6312=DIRECTION('',(-0.38268343236509,0.923879532511286,0.));
#6313=DIRECTION('',(0.38268343236509,-0.923879532511286,0.));
#6314=DIRECTION('',(0.,0.,-1.));
#6315=DIRECTION('center_axis',(0.,0.,-1.));
#6316=DIRECTION('ref_axis',(1.,0.,0.));
#6317=DIRECTION('',(-0.38268343236509,0.923879532511287,0.));
#6318=DIRECTION('',(0.923879532511287,0.38268343236509,0.));
#6319=DIRECTION('center_axis',(-0.923879532511287,-0.38268343236509,0.));
#6320=DIRECTION('ref_axis',(-0.38268343236509,0.923879532511287,0.));
#6321=DIRECTION('',(-0.38268343236509,0.923879532511287,0.));
#6322=DIRECTION('',(0.,0.,-1.));
#6323=DIRECTION('center_axis',(-0.38268343236509,0.923879532511287,0.));
#6324=DIRECTION('ref_axis',(0.923879532511287,0.38268343236509,0.));
#6325=DIRECTION('',(0.923879532511287,0.38268343236509,0.));
#6326=DIRECTION('center_axis',(0.,0.,1.));
#6327=DIRECTION('ref_axis',(-1.,0.,0.));
#6328=DIRECTION('center_axis',(0.,0.,1.));
#6329=DIRECTION('ref_axis',(-1.,0.,0.));
#6330=DIRECTION('',(0.382683432365104,-0.923879532511281,0.));
#6331=DIRECTION('',(0.923879532511287,0.38268343236509,0.));
#6332=DIRECTION('',(0.38268343236509,-0.923879532511287,0.));
#6333=DIRECTION('',(-0.923879532511287,-0.38268343236509,0.));
#6334=DIRECTION('center_axis',(0.923879532511287,0.38268343236509,0.));
#6335=DIRECTION('ref_axis',(0.38268343236509,-0.923879532511287,0.));
#6336=DIRECTION('',(0.38268343236509,-0.923879532511287,0.));
#6337=DIRECTION('',(0.,0.,-1.));
#6338=DIRECTION('',(0.,0.,-1.));
#6339=DIRECTION('center_axis',(-0.38268343236509,0.923879532511287,0.));
#6340=DIRECTION('ref_axis',(0.923879532511287,0.38268343236509,0.));
#6341=DIRECTION('center_axis',(-0.38268343236509,0.923879532511287,0.));
#6342=DIRECTION('ref_axis',(0.336608280699778,0.139427715072944,0.931265148941953));
#6343=DIRECTION('',(-0.678598344545847,-0.28108463771482,0.678598344545847));
#6344=DIRECTION('center_axis',(-0.382683432365233,0.923879532511227,-1.68922497695252E-13));
#6345=DIRECTION('ref_axis',(0.846396274930173,0.35058881621816,0.400875077458148));
#6346=DIRECTION('',(0.,0.,-1.));
#6347=DIRECTION('',(0.923879532511227,0.382683432365233,0.));
#6348=DIRECTION('',(0.,0.,-1.));
#6349=DIRECTION('',(-0.678598344545847,-0.28108463771482,0.678598344545847));
#6350=DIRECTION('',(0.923879532511287,0.38268343236509,0.));
#6351=DIRECTION('center_axis',(0.,0.,-1.));
#6352=DIRECTION('ref_axis',(1.,0.,0.));
#6353=DIRECTION('',(0.382683432365098,-0.923879532511283,4.24863957754297E-17));
#6354=DIRECTION('',(0.923879532511287,0.38268343236509,0.));
#6355=DIRECTION('center_axis',(0.38268343236509,-0.923879532511287,0.));
#6356=DIRECTION('ref_axis',(-0.923879532511287,-0.38268343236509,0.));
#6357=DIRECTION('',(-0.678598344545847,-0.28108463771482,0.678598344545847));
#6358=DIRECTION('',(0.,0.,-1.));
#6359=DIRECTION('',(-0.923879532511283,-0.382683432365098,0.));
#6360=DIRECTION('',(0.,0.,-1.));
#6361=DIRECTION('center_axis',(0.382683432365098,-0.923879532511283,1.07979514265246E-14));
#6362=DIRECTION('ref_axis',(0.846396274930173,0.35058881621816,0.400875077458148));
#6363=DIRECTION('',(-0.678598344545847,-0.28108463771482,0.678598344545847));
#6364=DIRECTION('center_axis',(0.38268343236509,-0.923879532511287,0.));
#6365=DIRECTION('ref_axis',(0.336608280699778,0.139427715072944,0.931265148941953));
#6366=DIRECTION('center_axis',(-0.626943121321948,-0.259688343688078,-0.734509555267756));
#6367=DIRECTION('ref_axis',(0.382683432365098,-0.923879532511283,0.));
#6368=DIRECTION('',(-0.382683432365098,0.923879532511283,0.));
#6369=DIRECTION('center_axis',(0.,0.,1.));
#6370=DIRECTION('ref_axis',(-0.707106781186548,0.707106781186548,0.));
#6371=DIRECTION('',(0.382683432365104,-0.923879532511281,0.));
#6372=DIRECTION('',(-0.382683432365098,0.923879532511283,0.));
#6373=DIRECTION('center_axis',(-0.923879532511283,-0.382683432365098,0.));
#6374=DIRECTION('ref_axis',(-0.382683432365098,0.923879532511283,0.));
#6375=DIRECTION('center_axis',(0.923879532511281,0.382683432365104,0.));
#6376=DIRECTION('ref_axis',(0.382683432365104,-0.923879532511281,0.));
#6377=DIRECTION('',(-0.382683432365104,0.923879532511281,3.77879027121859E-17));
#6378=DIRECTION('center_axis',(0.382683432365104,-0.923879532511281,-3.77879027121859E-17));
#6379=DIRECTION('ref_axis',(0.846396274930173,0.35058881621816,0.400875077458148));
#6380=DIRECTION('',(0.382683432365104,-0.923879532511281,-5.81746382138221E-17));
#6381=DIRECTION('center_axis',(0.626943121321946,0.259688343688082,0.734509555267756));
#6382=DIRECTION('ref_axis',(-0.382683432365104,0.923879532511281,0.));
#6383=DIRECTION('',(-0.382683432365104,0.923879532511281,0.));
#6384=DIRECTION('center_axis',(0.382683432365104,-0.923879532511281,0.));
#6385=DIRECTION('ref_axis',(0.336608280699778,0.139427715072944,0.931265148941953));
#6386=DIRECTION('center_axis',(0.38268343236509,0.923879532511287,0.));
#6387=DIRECTION('ref_axis',(0.923879532511287,-0.38268343236509,0.));
#6388=DIRECTION('',(-0.923879532511287,0.38268343236509,0.));
#6389=DIRECTION('',(0.,0.,-1.));
#6390=DIRECTION('',(-0.923879532511287,0.38268343236509,0.));
#6391=DIRECTION('',(0.,0.,-1.));
#6392=DIRECTION('center_axis',(-0.38268343236509,0.923879532511287,0.));
#6393=DIRECTION('ref_axis',(0.923879532511287,0.38268343236509,0.));
#6394=DIRECTION('',(-0.923879532511287,-0.38268343236509,0.));
#6395=DIRECTION('',(0.,0.,-1.));
#6396=DIRECTION('',(-0.923879532511287,-0.38268343236509,0.));
#6397=DIRECTION('center_axis',(-0.923879532511287,0.38268343236509,0.));
#6398=DIRECTION('ref_axis',(0.38268343236509,0.923879532511287,0.));
#6399=DIRECTION('',(-0.38268343236509,-0.923879532511287,0.));
#6400=DIRECTION('',(0.,0.,-1.));
#6401=DIRECTION('',(-0.38268343236509,-0.923879532511287,0.));
#6402=DIRECTION('center_axis',(-0.923879532511287,-0.38268343236509,0.));
#6403=DIRECTION('ref_axis',(-0.38268343236509,0.923879532511287,0.));
#6404=DIRECTION('',(0.38268343236509,-0.923879532511287,0.));
#6405=DIRECTION('',(0.,0.,-1.));
#6406=DIRECTION('',(0.38268343236509,-0.923879532511287,0.));
#6407=DIRECTION('center_axis',(-0.38268343236509,-0.923879532511287,0.));
#6408=DIRECTION('ref_axis',(-0.923879532511287,0.38268343236509,0.));
#6409=DIRECTION('',(0.923879532511287,-0.38268343236509,0.));
#6410=DIRECTION('',(0.,0.,-1.));
#6411=DIRECTION('',(0.923879532511287,-0.38268343236509,0.));
#6412=DIRECTION('center_axis',(0.38268343236509,-0.923879532511287,0.));
#6413=DIRECTION('ref_axis',(-0.923879532511287,-0.38268343236509,0.));
#6414=DIRECTION('',(0.923879532511287,0.38268343236509,0.));
#6415=DIRECTION('',(0.,0.,-1.));
#6416=DIRECTION('',(0.923879532511287,0.38268343236509,0.));
#6417=DIRECTION('center_axis',(0.923879532511287,-0.38268343236509,0.));
#6418=DIRECTION('ref_axis',(-0.38268343236509,-0.923879532511287,0.));
#6419=DIRECTION('',(0.38268343236509,0.923879532511287,0.));
#6420=DIRECTION('',(0.,0.,-1.));
#6421=DIRECTION('',(0.38268343236509,0.923879532511287,0.));
#6422=DIRECTION('center_axis',(0.923879532511287,0.38268343236509,0.));
#6423=DIRECTION('ref_axis',(0.38268343236509,-0.923879532511287,0.));
#6424=DIRECTION('',(-0.38268343236509,0.923879532511287,0.));
#6425=DIRECTION('',(-0.38268343236509,0.923879532511287,0.));
#6426=DIRECTION('center_axis',(0.,0.,1.));
#6427=DIRECTION('ref_axis',(1.,0.,0.));
#6428=DIRECTION('center_axis',(0.,0.,-1.));
#6429=DIRECTION('ref_axis',(-1.,0.,0.));
#6430=DIRECTION('',(0.,0.,1.));
#6431=DIRECTION('',(1.,0.,0.));
#6432=CARTESIAN_POINT('',(0.,0.,0.));
#6433=CARTESIAN_POINT('',(0.,0.,0.));
#6434=CARTESIAN_POINT('Origin',(7431.84191018487,-17543.8131412868,0.));
#6435=CARTESIAN_POINT('',(5006.44253997453,-11688.3810875538,5702.67850034243));
#6436=CARTESIAN_POINT('',(5006.51576327923,-11688.5578642491,5702.85527703773));
#6437=CARTESIAN_POINT('',(5117.10431747386,-11955.5422516292,5969.83966441952));
#6438=CARTESIAN_POINT('',(6120.58715015377,-14378.1641158934,3012.89547200281));
#6439=CARTESIAN_POINT('',(6274.45165981348,-14749.6259018817,2641.43368601685));
#6440=CARTESIAN_POINT('',(6120.66037345848,-14378.3408925887,3013.07224869811));
#6441=CARTESIAN_POINT('',(5725.41325938362,-13424.1299492995,2058.86130540304));
#6442=CARTESIAN_POINT('',(6274.51909784944,-14749.7887117028,2641.62442958402));
#6443=CARTESIAN_POINT('Origin',(14382.6925199981,-6116.30874604902,3013.07224869811));
#6444=CARTESIAN_POINT('',(14378.1641158934,-6120.58715015375,3012.89547200281));
#6445=CARTESIAN_POINT('',(14382.5675199981,-6116.18374604902,3012.89547200281));
#6446=CARTESIAN_POINT('',(14378.3408925887,-6120.66037345846,3013.07224869811));
#6447=CARTESIAN_POINT('',(14209.8421199868,-6050.86589660352,2844.57347609512));
#6448=CARTESIAN_POINT('',(14382.6925199981,-6116.30874604902,3013.07224869811));
#6449=CARTESIAN_POINT('Origin',(9298.3937233908,-9298.39372339079,4357.7869861683));
#6450=CARTESIAN_POINT('',(11688.3810875538,-5006.44253997451,5702.67850034243));
#6451=CARTESIAN_POINT('',(11692.7844916585,-5002.03913586978,5702.67850034243));
#6452=CARTESIAN_POINT('',(14420.400702018,-6138.08211695489,2970.65888587852));
#6453=CARTESIAN_POINT('Origin',(16323.3401703415,-6926.30545310952,0.));
#6454=CARTESIAN_POINT('',(11688.5578642491,-5006.51576327921,5702.85527703773));
#6455=CARTESIAN_POINT('',(10723.8956014747,-4606.93957092855,4738.19301425718));
#6456=CARTESIAN_POINT('',(14420.5635118409,-6138.14955499165,2970.84962944586));
#6457=CARTESIAN_POINT('Origin',(5002.16413586978,-11692.9094916585,5702.85527703773));
#6458=CARTESIAN_POINT('',(11692.9094916585,-5002.16413586978,5702.85527703773));
#6459=CARTESIAN_POINT('Origin',(9298.51872339386,-9298.51872339385,4357.96376286792));
#6460=CARTESIAN_POINT('Origin',(7431.84191018487,-17543.8131412868,0.));
#6461=CARTESIAN_POINT('',(3803.02407670094,-8783.07191230848,8607.98767558771));
#6462=CARTESIAN_POINT('',(3803.09730000564,-8783.24868900377,8608.16445228301));
#6463=CARTESIAN_POINT('',(3961.22604228728,-9165.00524322145,8989.92100650303));
#6464=CARTESIAN_POINT('',(4917.16868688019,-11472.8549406481,5918.20464724809));
#6465=CARTESIAN_POINT('',(5720.28261626782,-13411.7434811065,3979.31610680219));
#6466=CARTESIAN_POINT('',(4917.24191018489,-11473.0317173434,5918.38142394339));
#6467=CARTESIAN_POINT('',(4664.61536037463,-10863.1372745754,5308.48698117164));
#6468=CARTESIAN_POINT('',(5720.35005430172,-13411.9062909225,3979.50685036426));
#6469=CARTESIAN_POINT('Origin',(11477.3833447528,-4912.89028277544,5918.38142394339));
#6470=CARTESIAN_POINT('',(11472.8549406481,-4917.16868688017,5918.20464724809));
#6471=CARTESIAN_POINT('',(11477.2583447528,-4912.76528277544,5918.20464724809));
#6472=CARTESIAN_POINT('',(11473.0317173434,-4917.24191018487,5918.38142394339));
#6473=CARTESIAN_POINT('',(11419.3051115789,-4894.98762141695,5864.65481817855));
#6474=CARTESIAN_POINT('',(11477.3833447528,-4912.89028277544,5918.38142394339));
#6475=CARTESIAN_POINT('Origin',(7244.02990413137,-7244.02990413137,7263.09616141357));
#6476=CARTESIAN_POINT('',(8783.07191230849,-3803.02407670093,8607.98767558771));
#6477=CARTESIAN_POINT('',(8787.47531641322,-3798.6206725962,8607.98767558771));
#6478=CARTESIAN_POINT('',(13082.5182812427,-5583.91307340923,4308.54130666386));
#6479=CARTESIAN_POINT('Origin',(16323.3401703415,-6926.30545310952,0.));
#6480=CARTESIAN_POINT('',(8783.24868900379,-3803.09730000563,8608.164452283));
#6481=CARTESIAN_POINT('',(8162.90292675028,-3546.14167191954,7987.8186900255));
#6482=CARTESIAN_POINT('',(13082.6810910607,-5583.98051144393,4308.7320502261));
#6483=CARTESIAN_POINT('Origin',(3798.7456725962,-8787.60031641322,8608.16445228301));
#6484=CARTESIAN_POINT('',(8787.60031641322,-3798.7456725962,8608.164452283));
#6485=CARTESIAN_POINT('Origin',(7244.15490413443,-7244.15490413442,7263.2729381132));
#6486=CARTESIAN_POINT('Origin',(7431.84191018487,-17543.8131412868,0.));
#6487=CARTESIAN_POINT('',(6209.86100324811,-14593.690262799,2797.36932509715));
#6488=CARTESIAN_POINT('',(6209.93422655281,-14593.8670394943,2797.54610179245));
#6489=CARTESIAN_POINT('',(6272.98259266089,-14746.079260038,2949.75832233689));
#6490=CARTESIAN_POINT('',(7279.36868688019,-17175.7102176858,215.349370210365));
#6491=CARTESIAN_POINT('',(6818.34314669655,-16062.6961059741,1328.3634819165));
#6492=CARTESIAN_POINT('',(7279.44191018489,-17175.8869943811,215.526146905663));
#6493=CARTESIAN_POINT('',(6746.86428168653,-15890.1308606427,-1070.22998683885));
#6494=CARTESIAN_POINT('',(6818.41058473401,-16062.8589157988,1328.55422548802));
#6495=CARTESIAN_POINT('Origin',(17180.2386217906,-7275.09028277543,215.526146905663));
#6496=CARTESIAN_POINT('',(17175.7102176858,-7279.36868688017,215.349370210365));
#6497=CARTESIAN_POINT('',(17180.1136217906,-7274.96528277543,215.349370210365));
#6498=CARTESIAN_POINT('',(17175.8869943811,-7279.44191018487,215.526146905663));
#6499=CARTESIAN_POINT('',(16896.8731582993,-7163.87059519001,-63.4876891775938));
#6500=CARTESIAN_POINT('',(17180.2386217906,-7275.09028277543,215.526146905663));
#6501=CARTESIAN_POINT('Origin',(11314.657542651,-11314.657542651,1506.35934765052));
#6502=CARTESIAN_POINT('',(14593.690262799,-6209.86100324809,2797.36932509715));
#6503=CARTESIAN_POINT('',(14598.0936669038,-6205.45759914336,2797.36932509715));
#6504=CARTESIAN_POINT('',(15733.4709061107,-6681.97360383813,1657.58868177821));
#6505=CARTESIAN_POINT('Origin',(16323.3401703415,-6926.30545310952,0.));
#6506=CARTESIAN_POINT('',(14593.8670394943,-6209.9342265528,2797.54610179245));
#6507=CARTESIAN_POINT('',(13284.8882761984,-5667.73746993722,1488.5673384899));
#6508=CARTESIAN_POINT('',(15733.6337159369,-6682.04104187623,1657.77942534986));
#6509=CARTESIAN_POINT('Origin',(6205.58259914337,-14598.2186669038,2797.54610179245));
#6510=CARTESIAN_POINT('',(14598.2186669038,-6205.58259914336,2797.54610179245));
#6511=CARTESIAN_POINT('Origin',(11314.7825426533,-11314.7825426533,1506.53612434906));
#6512=CARTESIAN_POINT('Origin',(7431.84191018487,-17543.8131412868,0.));
#6513=CARTESIAN_POINT('',(2599.60561342735,-5877.7627370632,11513.296850833));
#6514=CARTESIAN_POINT('',(2599.67883673205,-5877.9395137585,11513.4736275283));
#6515=CARTESIAN_POINT('',(2805.34776710898,-6374.46823483368,12010.0023486033));
#6516=CARTESIAN_POINT('',(3713.7502236066,-8567.54576540282,8823.51382249337));
#6517=CARTESIAN_POINT('',(5166.11357271814,-12073.8610603215,5317.19852757467));
#6518=CARTESIAN_POINT('',(3713.8234469113,-8567.72254209812,8823.69059918867));
#6519=CARTESIAN_POINT('',(3603.8174613704,-8302.14459986282,8558.11265695344));
#6520=CARTESIAN_POINT('',(5166.18101075399,-12074.0238701423,5317.3892711445));
#6521=CARTESIAN_POINT('Origin',(8572.07416950756,-3709.47181950185,8823.69059918867));
#6522=CARTESIAN_POINT('',(8567.54576540283,-3713.75022360659,8823.51382249337));
#6523=CARTESIAN_POINT('',(8571.94916950756,-3709.34681950185,8823.51382249337));
#6524=CARTESIAN_POINT('',(8567.72254209813,-3713.82344691129,8823.69059918867));
#6525=CARTESIAN_POINT('',(8628.76810318447,-3739.10934623593,8884.73616027501));
#6526=CARTESIAN_POINT('',(8572.07416950756,-3709.47181950185,8823.69059918867));
#6527=CARTESIAN_POINT('Origin',(5189.66608487499,-5189.66608487499,10168.4053366632));
#6528=CARTESIAN_POINT('',(5877.76273706321,-2599.60561342735,11513.296850833));
#6529=CARTESIAN_POINT('',(5882.16614116795,-2595.20220932261,11513.296850833));
#6530=CARTESIAN_POINT('',(11744.6358604597,-5029.74402986036,5646.42372743651));
#6531=CARTESIAN_POINT('Origin',(16323.3401703415,-6926.30545310952,0.));
#6532=CARTESIAN_POINT('',(5877.93951375851,-2599.67883673205,11513.4736275283));
#6533=CARTESIAN_POINT('',(5601.91025204125,-2485.34377291692,11237.444365811));
#6534=CARTESIAN_POINT('',(11744.7986702805,-5029.81146789621,5646.61447100634));
#6535=CARTESIAN_POINT('Origin',(2595.32720932261,-5882.29114116794,11513.4736275283));
#6536=CARTESIAN_POINT('',(5882.29114116795,-2595.32720932261,11513.4736275283));
#6537=CARTESIAN_POINT('Origin',(5189.791084875,-5189.79108487499,10168.5821133585));
#6538=CARTESIAN_POINT('Origin',(6644.70697160013,-16439.9820805263,0.));
#6539=CARTESIAN_POINT('',(4635.64342867545,-11589.6736275283,5918.38142394339));
#6540=CARTESIAN_POINT('',(4546.36957558111,-11374.1474806226,5702.85527703773));
#6541=CARTESIAN_POINT('',(4246.64733600963,-10650.5539849043,4979.26178131937));
#6542=CARTESIAN_POINT('',(4724.91728176979,-11805.1997744339,5702.85527703772));
#6543=CARTESIAN_POINT('',(5579.46655170837,-13868.2642116357,3639.79083983598));
#6544=CARTESIAN_POINT('',(4635.64342867545,-11589.6736275283,5487.32913013207));
#6545=CARTESIAN_POINT('',(4699.1362931108,-11742.958961962,5640.6144645658));
#6546=CARTESIAN_POINT('',(5497.24609840316,-13669.7664781618,3407.23627949859));
#6547=CARTESIAN_POINT('Origin',(4731.07141227061,-11805.1997744339,5702.85527703772));
#6548=CARTESIAN_POINT('',(-4724.91728176976,-11805.1997744339,5702.85527703773));
#6549=CARTESIAN_POINT('',(4731.07141227061,-11805.1997744339,5702.85527703772));
#6550=CARTESIAN_POINT('',(-4635.64342867535,-11589.6736275283,5487.32913013207));
#6551=CARTESIAN_POINT('',(-4461.71063227756,-11169.7627115236,5067.41821412741));
#6552=CARTESIAN_POINT('',(4731.07141227061,-11589.6736275283,5487.32913013207));
#6553=CARTESIAN_POINT('Origin',(4.35784738223641E-12,-11697.4367009811,
5810.61835049056));
#6554=CARTESIAN_POINT('',(-4635.64342867542,-11589.6736275283,5918.38142394339));
#6555=CARTESIAN_POINT('',(4641.79755917627,-11589.6736275283,5918.38142394339));
#6556=CARTESIAN_POINT('',(-5715.83609456611,-14197.4894114975,3310.56563997414));
#6557=CARTESIAN_POINT('Origin',(-7150.24342867545,-17660.4550514717,0.));
#6558=CARTESIAN_POINT('',(-4546.36957558101,-11374.1474806226,5702.85527703773));
#6559=CARTESIAN_POINT('',(-4749.75868276894,-11865.1722216342,6193.88001804936));
#6560=CARTESIAN_POINT('',(-5633.61564126083,-13998.9916780236,3078.01107963673));
#6561=CARTESIAN_POINT('Origin',(-4641.79755917626,-11589.6736275283,5918.38142394339));
#6562=CARTESIAN_POINT('',(4641.79755917627,-11374.1474806226,5702.85527703773));
#6563=CARTESIAN_POINT('Origin',(4.54747350886464E-12,-11481.9105540754,
5595.0922035849));
#6564=CARTESIAN_POINT('Origin',(6644.70697160013,-16439.9820805263,0.));
#6565=CARTESIAN_POINT('',(6997.84342867545,-17292.528904566,215.526146905663));
#6566=CARTESIAN_POINT('',(6908.56957558112,-17077.0027576603,4.61439596042422E-12));
#6567=CARTESIAN_POINT('',(6328.8962573171,-15677.5475709615,-1399.45518669889));
#6568=CARTESIAN_POINT('',(7087.11728176979,-17508.0550514717,3.40346287455076E-12));
#6569=CARTESIAN_POINT('',(6667.24952547751,-16494.4046198277,1013.65043164398));
#6570=CARTESIAN_POINT('',(6997.84342867546,-17292.528904566,-215.526146905655));
#6571=CARTESIAN_POINT('',(6968.01926687996,-17220.5270086729,-287.528042798765));
#6572=CARTESIAN_POINT('',(6585.0290721723,-16295.9068863538,781.095871306576));
#6573=CARTESIAN_POINT('Origin',(7093.27141227061,-17508.0550514717,3.40372933487967E-12));
#6574=CARTESIAN_POINT('',(-7087.11728176976,-17508.0550514717,2.78974966141079E-12));
#6575=CARTESIAN_POINT('',(7252.07385309435,-17508.0550514717,3.41060513164848E-12));
#6576=CARTESIAN_POINT('',(-6997.84342867534,-17292.528904566,-215.526146905656));
#6577=CARTESIAN_POINT('',(-6543.95955358454,-16196.7562975803,-1311.29875389138));
#6578=CARTESIAN_POINT('',(7252.07385309435,-17292.528904566,-215.526146905655));
#6579=CARTESIAN_POINT('Origin',(9.47375507970913E-12,-17400.2919780188,
107.763073452833));
#6580=CARTESIAN_POINT('',(-6997.84342867542,-17292.528904566,215.526146905663));
#6581=CARTESIAN_POINT('',(7003.99755917627,-17292.528904566,215.526146905663));
#6582=CARTESIAN_POINT('',(-6803.61906833526,-16823.6298196895,684.425231782132));
#6583=CARTESIAN_POINT('Origin',(-7150.24342867545,-17660.4550514717,0.));
#6584=CARTESIAN_POINT('',(-6908.569575581,-17077.0027576603,4.01614419403435E-12));
#6585=CARTESIAN_POINT('',(-7018.64165653793,-17342.740268345,265.737510684616));
#6586=CARTESIAN_POINT('',(-6721.39861502996,-16625.1320862156,451.870671444714));
#6587=CARTESIAN_POINT('Origin',(-7003.99755917625,-17292.528904566,215.526146905663));
#6588=CARTESIAN_POINT('',(7003.99755917627,-17077.0027576603,4.61852778244065E-12));
#6589=CARTESIAN_POINT('Origin',(9.09494701772928E-12,-17184.7658311132,
-107.763073452827));
#6590=CARTESIAN_POINT('Origin',(6644.70697160013,-16439.9820805263,0.));
#6591=CARTESIAN_POINT('',(3432.22496540186,-8684.364452283,8823.69059918866));
#6592=CARTESIAN_POINT('',(3342.95111230752,-8468.83830537734,8608.164452283));
#6593=CARTESIAN_POINT('',(3185.84943700323,-8089.56131018617,8228.88745709183));
#6594=CARTESIAN_POINT('',(3521.4988184962,-8899.89059918866,8608.164452283));
#6595=CARTESIAN_POINT('',(5025.29750816064,-12530.3817908554,4977.67326061622));
#6596=CARTESIAN_POINT('',(3432.22496540186,-8684.364452283,8392.63830537734));
#6597=CARTESIAN_POINT('',(3543.25801792627,-8952.42195355913,8660.69580665348));
#6598=CARTESIAN_POINT('',(4943.07705485543,-12331.8840573815,4745.11870027882));
#6599=CARTESIAN_POINT('Origin',(3527.65294899702,-8899.89059918866,8608.164452283));
#6600=CARTESIAN_POINT('',(-3521.49881849618,-8899.89059918866,8608.164452283));
#6601=CARTESIAN_POINT('',(3527.65294899702,-8899.89059918866,8608.164452283));
#6602=CARTESIAN_POINT('',(-3432.22496540177,-8684.364452283,8392.63830537735));
#6603=CARTESIAN_POINT('',(-3400.91273327141,-8608.7700368058,8317.04388990014));
#6604=CARTESIAN_POINT('',(3527.65294899702,-8684.364452283,8392.63830537734));
#6605=CARTESIAN_POINT('Origin',(9.47242250587925E-13,-8792.12752573583,
8715.92752573583));
#6606=CARTESIAN_POINT('',(-3432.22496540184,-8684.364452283,8823.69059918867));
#6607=CARTESIAN_POINT('',(3438.37909590268,-8684.364452283,8823.69059918866));
#6608=CARTESIAN_POINT('',(-5161.66705101839,-12859.6069907173,4648.44806075438));
#6609=CARTESIAN_POINT('Origin',(-7150.24342867545,-17660.4550514717,0.));
#6610=CARTESIAN_POINT('',(-3342.95111230742,-8468.83830537734,8608.164452283));
#6611=CARTESIAN_POINT('',(-3593.8804075845,-9074.63521323146,9213.96136013713));
#6612=CARTESIAN_POINT('',(-5079.4465977131,-12661.1092572434,4415.89350041696));
#6613=CARTESIAN_POINT('Origin',(-3438.37909590268,-8684.364452283,8823.69059918867));
#6614=CARTESIAN_POINT('',(3438.37909590268,-8468.83830537734,8608.164452283));
#6615=CARTESIAN_POINT('Origin',(1.13686837721616E-12,-8576.60137883017,
8500.40137883017));
#6616=CARTESIAN_POINT('Origin',(6644.70697160013,-16439.9820805263,0.));
#6617=CARTESIAN_POINT('',(2184.16957558111,-5671.29220358493,11621.2367009811));
#6618=CARTESIAN_POINT('',(2139.53264903394,-5563.52913013207,11513.4736275283));
#6619=CARTESIAN_POINT('',(2127.05800248031,-5533.41266923649,11483.3571666327));
#6620=CARTESIAN_POINT('',(2307.26343243767,-5968.46706225284,11539.5879892188));
#6621=CARTESIAN_POINT('',(4822.68401231818,-12041.2295412729,9871.09814632686));
#6622=CARTESIAN_POINT('',(2318.08035522261,-5994.58142394339,11513.4736275283));
#6623=CARTESIAN_POINT('',(4471.12846461292,-11192.4993700752,6315.55568139646));
#6624=CARTESIAN_POINT('',(2228.80650212828,-5779.05527703773,11297.9474806226));
#6625=CARTESIAN_POINT('',(2387.37974274176,-6161.88494515627,11680.7771487412));
#6626=CARTESIAN_POINT('',(4388.9080113077,-10994.0016366013,6083.00112105905));
#6627=CARTESIAN_POINT('Origin',(2324.23448572343,-5994.58142394339,11513.4736275283));
#6628=CARTESIAN_POINT('',(-2318.0803552226,-5994.58142394338,11513.4736275283));
#6629=CARTESIAN_POINT('',(2324.23448572343,-5994.58142394339,11513.4736275283));
#6630=CARTESIAN_POINT('',(-2228.80650212818,-5779.05527703772,11297.9474806226));
#6631=CARTESIAN_POINT('',(-2340.11483426527,-6047.77736208798,11566.6695656729));
#6632=CARTESIAN_POINT('',(2324.23448572343,-5779.05527703773,11297.9474806226));
#6633=CARTESIAN_POINT('Origin',(-1.3264945038444E-12,-5886.81835049056,
11621.2367009811));
#6634=CARTESIAN_POINT('',(2184.1695755811,-5779.05527703773,11728.9997744339));
#6635=CARTESIAN_POINT('',(2324.23448572343,-5994.58142394339,11513.4736275283));
#6636=CARTESIAN_POINT('',(-2184.1695755811,-5779.05527703772,11728.9997744339));
#6637=CARTESIAN_POINT('',(2184.1695755811,-5779.05527703773,11728.9997744339));
#6638=CARTESIAN_POINT('',(-2307.26343243764,-5968.46706225278,11539.5879892189));
#6639=CARTESIAN_POINT('',(-2324.23448572343,-5994.58142394338,11513.4736275283));
#6640=CARTESIAN_POINT('',(-4607.49800747067,-11521.724569937,5986.33048153462));
#6641=CARTESIAN_POINT('Origin',(-7150.24342867545,-17660.4550514717,0.));
#6642=CARTESIAN_POINT('',(-2184.16957558105,-5671.29220358489,11621.2367009811));
#6643=CARTESIAN_POINT('',(-5115.41483158482,-12747.9442552687,9676.92847046484));
#6644=CARTESIAN_POINT('',(-2139.53264903384,-5563.52913013206,11513.4736275283));
#6645=CARTESIAN_POINT('',(-2435.99566791661,-6279.25417106027,12229.1986684565));
#6646=CARTESIAN_POINT('',(-4525.27755416537,-11323.2268364631,5753.77592119719));
#6647=CARTESIAN_POINT('Origin',(-1.4210854715202E-12,-5671.2922035849,11405.7105540755));
#6648=CARTESIAN_POINT('',(2184.1695755811,-5563.52913013207,11513.4736275283));
#6649=CARTESIAN_POINT('Origin',(2184.1695755811,-5779.05527703773,11728.9997744339));
#6650=CARTESIAN_POINT('',(2184.1695755811,-5779.05527703773,11728.9997744339));
#6651=CARTESIAN_POINT('Origin',(-2184.1695755811,-5779.05527703772,11728.9997744339));
#6652=CARTESIAN_POINT('',(-2184.1695755811,-5779.05527703772,11728.9997744339));
#6653=CARTESIAN_POINT('Origin',(-2324.23448572343,-5994.58142394338,11513.4736275283));
#6654=CARTESIAN_POINT('Origin',(6644.70697160013,-16439.9820805263,0.));
#6655=CARTESIAN_POINT('',(5839.06189194904,-14494.9828027736,3013.07224869811));
#6656=CARTESIAN_POINT('',(5749.7880388547,-14279.4566558679,2797.54610179245));
#6657=CARTESIAN_POINT('',(5307.44523501603,-13211.5466596224,1729.63610554693));
#6658=CARTESIAN_POINT('',(5928.33574504337,-14710.5089496792,2797.54610179245));
#6659=CARTESIAN_POINT('',(6133.63559525609,-15206.1466324159,2301.90841905574));
#6660=CARTESIAN_POINT('',(5839.06189194904,-14494.9828027736,2582.01995488679));
#6661=CARTESIAN_POINT('',(5855.01456829532,-14533.4959703649,2620.53312247813));
#6662=CARTESIAN_POINT('',(6051.41514195088,-15007.648898942,2069.35385871834));
#6663=CARTESIAN_POINT('Origin',(5934.48987554419,-14710.5089496792,2797.54610179245));
#6664=CARTESIAN_POINT('',(-5928.33574504335,-14710.5089496792,2797.54610179245));
#6665=CARTESIAN_POINT('',(5934.48987554419,-14710.5089496792,2797.54610179245));
#6666=CARTESIAN_POINT('',(-5839.06189194893,-14494.9828027736,2582.01995488679));
#6667=CARTESIAN_POINT('',(-5522.50853128371,-13730.7553862415,1817.79253835469));
#6668=CARTESIAN_POINT('',(5934.48987554419,-14494.9828027736,2582.01995488679));
#6669=CARTESIAN_POINT('Origin',(7.20001832527681E-12,-14602.7458762264,
2905.30917524528));
#6670=CARTESIAN_POINT('',(-5839.06189194901,-14494.9828027736,3013.07224869811));
#6671=CARTESIAN_POINT('',(5845.21602244985,-14494.9828027736,3013.07224869811));
#6672=CARTESIAN_POINT('',(-6270.00513811383,-15535.3718322778,1972.6832191939));
#6673=CARTESIAN_POINT('Origin',(-7150.24342867545,-17660.4550514717,0.));
#6674=CARTESIAN_POINT('',(-5749.78803885459,-14279.4566558679,2797.54610179245));
#6675=CARTESIAN_POINT('',(-5905.63695795338,-14655.709230037,3173.7986759616));
#6676=CARTESIAN_POINT('',(-6187.78468480855,-15336.8740988039,1740.12865885648));
#6677=CARTESIAN_POINT('Origin',(-5845.21602244984,-14494.9828027736,3013.07224869811));
#6678=CARTESIAN_POINT('',(5845.21602244985,-14279.4566558679,2797.54610179245));
#6679=CARTESIAN_POINT('Origin',(6.82121026329696E-12,-14387.2197293207,
2689.78302833962));
#6680=CARTESIAN_POINT('Origin',(-7150.24342867545,-17660.4550514717,0.));
#6681=CARTESIAN_POINT('',(-2318.0071319179,-5994.40464724808,11513.296850833));
#6682=CARTESIAN_POINT('',(-2318.0803552226,-5994.58142394338,11513.4736275283));
#6683=CARTESIAN_POINT('',(-2523.74928559984,-6491.11014501844,12010.0023486033));
#6684=CARTESIAN_POINT('',(-3432.15174209714,-8684.18767558771,8823.51382249337));
#6685=CARTESIAN_POINT('',(-4884.51509120868,-12190.5029705064,5317.19852757467));
#6686=CARTESIAN_POINT('',(-3432.22496540184,-8684.364452283,8823.69059918867));
#6687=CARTESIAN_POINT('',(-3322.21897986078,-8418.78651004777,8558.11265695344));
#6688=CARTESIAN_POINT('',(-4884.58252924453,-12190.6657803272,5317.3892711445));
#6689=CARTESIAN_POINT('Origin',(3438.37909590268,-8684.364452283,8823.69059918866));
#6690=CARTESIAN_POINT('',(3432.15174209715,-8684.18767558771,8823.51382249337));
#6691=CARTESIAN_POINT('',(3438.37909590268,-8684.18767558771,8823.51382249337));
#6692=CARTESIAN_POINT('',(3432.22496540186,-8684.364452283,8823.69059918866));
#6693=CARTESIAN_POINT('',(3457.5108647265,-8745.41001336935,8884.73616027501));
#6694=CARTESIAN_POINT('',(3438.37909590268,-8684.364452283,8823.69059918866));
#6695=CARTESIAN_POINT('Origin',(1.13686837721616E-12,-7339.2961614179,10168.4053366632));
#6696=CARTESIAN_POINT('',(2318.00713191791,-5994.40464724809,11513.296850833));
#6697=CARTESIAN_POINT('',(2324.23448572343,-5994.40464724809,11513.296850833));
#6698=CARTESIAN_POINT('',(4748.14554835093,-11861.2777706446,5646.42372743651));
#6699=CARTESIAN_POINT('Origin',(6644.70697160013,-16439.9820805263,0.));
#6700=CARTESIAN_POINT('',(2318.08035522261,-5994.58142394339,11513.4736275283));
#6701=CARTESIAN_POINT('',(2203.74529140749,-5718.55216222612,11237.444365811));
#6702=CARTESIAN_POINT('',(4748.21298638678,-11861.4405804653,5646.61447100634));
#6703=CARTESIAN_POINT('Origin',(-2324.23448572343,-5994.58142394338,11513.4736275283));
#6704=CARTESIAN_POINT('',(2324.23448572343,-5994.58142394339,11513.4736275283));
#6705=CARTESIAN_POINT('Origin',(9.47242250587925E-13,-7339.47293811319,
10168.5821133585));
#6706=CARTESIAN_POINT('Origin',(-7150.24342867545,-17660.4550514717,0.));
#6707=CARTESIAN_POINT('',(-5928.26252173865,-14710.3321729839,2797.36932509715));
#6708=CARTESIAN_POINT('',(-5928.33574504335,-14710.5089496792,2797.54610179245));
#6709=CARTESIAN_POINT('',(-5991.38411115152,-14862.7211702229,2949.75832233689));
#6710=CARTESIAN_POINT('',(-6997.77020537072,-17292.3521278707,215.349370210365));
#6711=CARTESIAN_POINT('',(-6536.74466518708,-16179.338016159,1328.3634819165));
#6712=CARTESIAN_POINT('',(-6997.84342867542,-17292.528904566,215.526146905663));
#6713=CARTESIAN_POINT('',(-6465.26580017626,-16006.772770828,-1070.22998683885));
#6714=CARTESIAN_POINT('',(-6536.81210322455,-16179.5008259837,1328.55422548801));
#6715=CARTESIAN_POINT('Origin',(7003.99755917627,-17292.528904566,215.526146905663));
#6716=CARTESIAN_POINT('',(6997.77020537075,-17292.3521278707,215.349370210365));
#6717=CARTESIAN_POINT('',(7003.99755917627,-17292.3521278707,215.349370210365));
#6718=CARTESIAN_POINT('',(6997.84342867545,-17292.528904566,215.526146905663));
#6719=CARTESIAN_POINT('',(6882.27211368061,-17013.5150684841,-63.4876891775938));
#6720=CARTESIAN_POINT('',(7003.99755917627,-17292.528904566,215.526146905663));
#6721=CARTESIAN_POINT('Origin',(9.09494701772928E-12,-16001.3421504241,
1506.35934765052));
#6722=CARTESIAN_POINT('',(5928.26252173867,-14710.3321729839,2797.36932509715));
#6723=CARTESIAN_POINT('',(5934.48987554419,-14710.3321729839,2797.36932509715));
#6724=CARTESIAN_POINT('',(6400.37512232871,-15850.1128162956,1657.58868177821));
#6725=CARTESIAN_POINT('Origin',(6644.70697160013,-16439.9820805263,0.));
#6726=CARTESIAN_POINT('',(5928.33574504337,-14710.5089496792,2797.54610179245));
#6727=CARTESIAN_POINT('',(5386.13898842785,-13401.5301863832,1488.5673384899));
#6728=CARTESIAN_POINT('',(6400.4425603668,-15850.2756261218,1657.77942534986));
#6729=CARTESIAN_POINT('Origin',(-5934.48987554418,-14710.5089496792,2797.54610179245));
#6730=CARTESIAN_POINT('',(5934.48987554419,-14710.5089496792,2797.54610179245));
#6731=CARTESIAN_POINT('Origin',(9.47375507970913E-12,-16001.5189271226,
1506.53612434906));
#6732=CARTESIAN_POINT('Origin',(-7150.24342867545,-17660.4550514717,0.));
#6733=CARTESIAN_POINT('',(-3521.42559519148,-8899.71382249337,8607.98767558771));
#6734=CARTESIAN_POINT('',(-3521.49881849618,-8899.89059918866,8608.164452283));
#6735=CARTESIAN_POINT('',(-3679.62756077806,-9281.64715340623,8989.92100650303));
#6736=CARTESIAN_POINT('',(-4635.57020537072,-11589.496850833,5918.20464724809));
#6737=CARTESIAN_POINT('',(-5438.68413475835,-13528.3853912914,3979.31610680218));
#6738=CARTESIAN_POINT('',(-4635.64342867542,-11589.6736275283,5918.38142394339));
#6739=CARTESIAN_POINT('',(-4383.01687886479,-10979.7791847604,5308.48698117164));
#6740=CARTESIAN_POINT('',(-5438.75157279225,-13528.5482011074,3979.50685036426));
#6741=CARTESIAN_POINT('Origin',(4641.79755917627,-11589.6736275283,5918.38142394339));
#6742=CARTESIAN_POINT('',(4635.57020537074,-11589.496850833,5918.20464724809));
#6743=CARTESIAN_POINT('',(4641.79755917627,-11589.496850833,5918.20464724809));
#6744=CARTESIAN_POINT('',(4635.64342867545,-11589.6736275283,5918.38142394339));
#6745=CARTESIAN_POINT('',(4613.38913990752,-11535.9470217638,5864.65481817855));
#6746=CARTESIAN_POINT('',(4641.79755917627,-11589.6736275283,5918.38142394339));
#6747=CARTESIAN_POINT('Origin',(3.97903932025656E-12,-10244.6053366589,
7263.09616141357));
#6748=CARTESIAN_POINT('',(3521.4255951915,-8899.71382249337,8607.98767558771));
#6749=CARTESIAN_POINT('',(3527.65294899702,-8899.71382249337,8607.98767558771));
#6750=CARTESIAN_POINT('',(5302.3145918998,-13199.1601914276,4308.54130666386));
#6751=CARTESIAN_POINT('Origin',(6644.70697160013,-16439.9820805263,0.));
#6752=CARTESIAN_POINT('',(3521.4988184962,-8899.89059918866,8608.164452283));
#6753=CARTESIAN_POINT('',(3264.54319041013,-8279.54483693515,7987.8186900255));
#6754=CARTESIAN_POINT('',(5302.38202993451,-13199.3230012456,4308.7320502261));
#6755=CARTESIAN_POINT('Origin',(-3527.65294899702,-8899.89059918866,8608.164452283));
#6756=CARTESIAN_POINT('',(3527.65294899702,-8899.89059918866,8608.164452283));
#6757=CARTESIAN_POINT('Origin',(3.78941319362833E-12,-10244.7821133585,
7263.2729381132));
#6758=CARTESIAN_POINT('Origin',(-7150.24342867545,-17660.4550514717,0.));
#6759=CARTESIAN_POINT('',(-4724.84405846506,-11805.0229977386,5702.67850034243));
#6760=CARTESIAN_POINT('',(-4724.91728176976,-11805.1997744339,5702.85527703773));
#6761=CARTESIAN_POINT('',(-4835.50583596456,-12072.184161814,5969.83966441952));
#6762=CARTESIAN_POINT('',(-5838.9886686443,-14494.8060260783,3012.89547200281));
#6763=CARTESIAN_POINT('',(-5992.85317830401,-14866.2678120666,2641.43368601685));
#6764=CARTESIAN_POINT('',(-5839.06189194901,-14494.9828027736,3013.07224869811));
#6765=CARTESIAN_POINT('',(-5443.81477787356,-13540.7718594846,2058.86130540304));
#6766=CARTESIAN_POINT('',(-5992.92061633997,-14866.4306218876,2641.62442958402));
#6767=CARTESIAN_POINT('Origin',(5845.21602244985,-14494.9828027736,3013.07224869811));
#6768=CARTESIAN_POINT('',(5838.98866864433,-14494.8060260783,3012.89547200281));
#6769=CARTESIAN_POINT('',(5845.21602244985,-14494.8060260783,3012.89547200281));
#6770=CARTESIAN_POINT('',(5839.06189194904,-14494.9828027736,3013.07224869811));
#6771=CARTESIAN_POINT('',(5769.26741509411,-14326.4840301717,2844.57347609512));
#6772=CARTESIAN_POINT('',(5845.21602244985,-14494.9828027736,3013.07224869811));
#6773=CARTESIAN_POINT('Origin',(6.82121026329696E-12,-13149.9145119041,
4357.7869861683));
#6774=CARTESIAN_POINT('',(4724.84405846508,-11805.0229977386,5702.67850034243));
#6775=CARTESIAN_POINT('',(4731.07141227061,-11805.0229977386,5702.67850034243));
#6776=CARTESIAN_POINT('',(5856.48363544546,-14537.0426122028,2970.65888587852));
#6777=CARTESIAN_POINT('Origin',(6644.70697160013,-16439.9820805263,0.));
#6778=CARTESIAN_POINT('',(4724.91728176979,-11805.1997744339,5702.85527703772));
#6779=CARTESIAN_POINT('',(4325.34108941916,-10840.5375116596,4738.19301425717));
#6780=CARTESIAN_POINT('',(5856.55107348223,-14537.2054220258,2970.84962944586));
#6781=CARTESIAN_POINT('Origin',(-4731.0714122706,-11805.1997744339,5702.85527703773));
#6782=CARTESIAN_POINT('',(4731.07141227061,-11805.1997744339,5702.85527703772));
#6783=CARTESIAN_POINT('Origin',(7.20001832527681E-12,-13150.0912886037,
4357.96376286792));
#6784=CARTESIAN_POINT('Origin',(16323.3401703415,-6926.30545310952,0.));
#6785=CARTESIAN_POINT('',(11473.0317173434,-4917.24191018487,5918.38142394339));
#6786=CARTESIAN_POINT('',(11257.5055704378,-4827.96805709053,5702.85527703773));
#6787=CARTESIAN_POINT('',(10533.9120747194,-4528.24581751902,4979.26178131937));
#6788=CARTESIAN_POINT('',(11688.5578642491,-5006.51576327921,5702.85527703773));
#6789=CARTESIAN_POINT('',(13751.6223014508,-5861.06503321779,3639.79083983598));
#6790=CARTESIAN_POINT('',(11473.0317173434,-4917.24191018487,5487.32913013207));
#6791=CARTESIAN_POINT('',(11626.3170517771,-4980.73477462022,5640.6144645658));
#6792=CARTESIAN_POINT('',(13553.1245679769,-5778.84457991257,3407.23627949859));
#6793=CARTESIAN_POINT('Origin',(11692.9094916585,-5002.16413586978,5702.85527703773));
#6794=CARTESIAN_POINT('',(5006.51576327923,-11688.5578642491,5702.85527703773));
#6795=CARTESIAN_POINT('',(11692.9094916585,-5002.16413586978,5702.85527703773));
#6796=CARTESIAN_POINT('',(4917.24191018495,-11473.0317173433,5487.32913013207));
#6797=CARTESIAN_POINT('',(4743.30911378742,-11053.1208013386,5067.41821412741));
#6798=CARTESIAN_POINT('',(11540.5094916585,-4849.76413586978,5487.32913013207));
#6799=CARTESIAN_POINT('Origin',(8271.33681376414,-8271.33681376414,5810.61835049056));
#6800=CARTESIAN_POINT('',(4917.24191018489,-11473.0317173434,5918.38142394339));
#6801=CARTESIAN_POINT('',(11477.3833447528,-4912.89028277544,5918.38142394339));
#6802=CARTESIAN_POINT('',(5997.43457607558,-14080.8475013126,3310.56563997414));
#6803=CARTESIAN_POINT('Origin',(7431.84191018487,-17543.8131412868,0.));
#6804=CARTESIAN_POINT('',(4827.9680570906,-11257.5055704377,5702.85527703773));
#6805=CARTESIAN_POINT('',(5031.35716427823,-11748.5303114494,6193.88001804936));
#6806=CARTESIAN_POINT('',(5915.21412277043,-13882.3497678387,3078.01107963673));
#6807=CARTESIAN_POINT('Origin',(4912.89028277544,-11477.3833447528,5918.38142394339));
#6808=CARTESIAN_POINT('',(11324.9833447528,-4760.49028277544,5702.85527703773));
#6809=CARTESIAN_POINT('Origin',(8118.93681376414,-8118.93681376414,5595.0922035849));
#6810=CARTESIAN_POINT('Origin',(-6926.30545310953,-16323.3401703415,0.));
#6811=CARTESIAN_POINT('',(-4917.24191018488,-11473.0317173434,5918.38142394339));
#6812=CARTESIAN_POINT('',(-4827.96805709053,-11257.5055704378,5702.85527703773));
#6813=CARTESIAN_POINT('',(-4528.24581751902,-10533.9120747194,4979.26178131937));
#6814=CARTESIAN_POINT('',(-5006.51576327922,-11688.5578642491,5702.85527703772));
#6815=CARTESIAN_POINT('',(-5861.0650332178,-13751.6223014508,3639.79083983598));
#6816=CARTESIAN_POINT('',(-4917.24191018487,-11473.0317173434,5487.32913013207));
#6817=CARTESIAN_POINT('',(-4980.73477462022,-11626.3170517771,5640.6144645658));
#6818=CARTESIAN_POINT('',(-5778.84457991257,-13553.1245679769,3407.23627949859));
#6819=CARTESIAN_POINT('Origin',(-5002.16413586978,-11692.9094916585,5702.85527703772));
#6820=CARTESIAN_POINT('',(-11688.5578642491,-5006.51576327923,5702.85527703773));
#6821=CARTESIAN_POINT('',(-5002.16413586978,-11692.9094916585,5702.85527703772));
#6822=CARTESIAN_POINT('',(-11473.0317173433,-4917.24191018494,5487.32913013207));
#6823=CARTESIAN_POINT('',(-11053.1208013386,-4743.30911378741,5067.41821412741));
#6824=CARTESIAN_POINT('',(-4849.76413586978,-11540.5094916585,5487.32913013207));
#6825=CARTESIAN_POINT('Origin',(-8271.33681376414,-8271.33681376414,5810.61835049056));
#6826=CARTESIAN_POINT('',(-11473.0317173434,-4917.24191018489,5918.38142394339));
#6827=CARTESIAN_POINT('',(-4912.89028277544,-11477.3833447528,5918.38142394339));
#6828=CARTESIAN_POINT('',(-14080.8475013126,-5997.43457607558,3310.56563997414));
#6829=CARTESIAN_POINT('Origin',(-17543.8131412868,-7431.84191018487,0.));
#6830=CARTESIAN_POINT('',(-11257.5055704377,-4827.9680570906,5702.85527703773));
#6831=CARTESIAN_POINT('',(-11748.5303114494,-5031.35716427823,6193.88001804936));
#6832=CARTESIAN_POINT('',(-13882.3497678387,-5915.21412277042,3078.01107963673));
#6833=CARTESIAN_POINT('Origin',(-11477.3833447528,-4912.89028277544,5918.38142394339));
#6834=CARTESIAN_POINT('',(-4760.49028277544,-11324.9833447528,5702.85527703773));
#6835=CARTESIAN_POINT('Origin',(-8118.93681376414,-8118.93681376414,5595.0922035849));
#6836=CARTESIAN_POINT('Origin',(16323.3401703415,-6926.30545310952,0.));
#6837=CARTESIAN_POINT('',(8567.72254209813,-3713.82344691129,8823.69059918867));
#6838=CARTESIAN_POINT('',(8352.19639519247,-3624.54959381695,8608.164452283));
#6839=CARTESIAN_POINT('',(7972.91940000131,-3467.44791851265,8228.88745709184));
#6840=CARTESIAN_POINT('',(8783.24868900379,-3803.09730000563,8608.164452283));
#6841=CARTESIAN_POINT('',(12413.7398806706,-5306.89598967007,4977.67326061622));
#6842=CARTESIAN_POINT('',(8567.72254209813,-3713.82344691129,8392.63830537735));
#6843=CARTESIAN_POINT('',(8835.78004337426,-3824.85649943571,8660.69580665348));
#6844=CARTESIAN_POINT('',(12215.2421471967,-5224.67553636485,4745.11870027882));
#6845=CARTESIAN_POINT('Origin',(8787.60031641322,-3798.7456725962,8608.164452283));
#6846=CARTESIAN_POINT('',(3803.09730000564,-8783.24868900377,8608.16445228301));
#6847=CARTESIAN_POINT('',(8787.60031641322,-3798.7456725962,8608.164452283));
#6848=CARTESIAN_POINT('',(3713.82344691136,-8567.72254209806,8392.63830537735));
#6849=CARTESIAN_POINT('',(3682.51121478105,-8492.12812662084,8317.04388990015));
#6850=CARTESIAN_POINT('',(8635.20031641322,-3646.3456725962,8392.63830537735));
#6851=CARTESIAN_POINT('Origin',(6216.97299450471,-6216.97299450471,8715.92752573584));
#6852=CARTESIAN_POINT('',(3713.8234469113,-8567.72254209812,8823.69059918867));
#6853=CARTESIAN_POINT('',(8572.07416950756,-3709.47181950185,8823.69059918867));
#6854=CARTESIAN_POINT('',(5443.26553252785,-12742.9650805324,4648.44806075438));
#6855=CARTESIAN_POINT('Origin',(7431.84191018487,-17543.8131412868,0.));
#6856=CARTESIAN_POINT('',(3624.54959381702,-8352.1963951924,8608.16445228301));
#6857=CARTESIAN_POINT('',(3875.47888909372,-8957.99330304667,9213.96136013713));
#6858=CARTESIAN_POINT('',(5361.0450792227,-12544.4673470584,4415.89350041696));
#6859=CARTESIAN_POINT('Origin',(3709.47181950186,-8572.07416950756,8823.69059918867));
#6860=CARTESIAN_POINT('',(8419.67416950756,-3557.07181950185,8608.164452283));
#6861=CARTESIAN_POINT('Origin',(6064.57299450471,-6064.57299450471,8500.40137883018));
#6862=CARTESIAN_POINT('Origin',(-6926.30545310953,-16323.3401703415,0.));
#6863=CARTESIAN_POINT('',(-3713.82344691129,-8567.72254209812,8823.69059918866));
#6864=CARTESIAN_POINT('',(-3624.54959381695,-8352.19639519247,8608.164452283));
#6865=CARTESIAN_POINT('',(-3467.44791851265,-7972.91940000131,8228.88745709183));
#6866=CARTESIAN_POINT('',(-3803.09730000563,-8783.24868900379,8608.164452283));
#6867=CARTESIAN_POINT('',(-5306.89598967007,-12413.7398806706,4977.67326061622));
#6868=CARTESIAN_POINT('',(-3713.82344691129,-8567.72254209813,8392.63830537734));
#6869=CARTESIAN_POINT('',(-3824.85649943571,-8835.78004337426,8660.69580665348));
#6870=CARTESIAN_POINT('',(-5224.67553636485,-12215.2421471967,4745.11870027882));
#6871=CARTESIAN_POINT('Origin',(-3798.7456725962,-8787.60031641322,8608.164452283));
#6872=CARTESIAN_POINT('',(-8783.24868900377,-3803.09730000564,8608.164452283));
#6873=CARTESIAN_POINT('',(-3798.7456725962,-8787.60031641322,8608.164452283));
#6874=CARTESIAN_POINT('',(-8567.72254209806,-3713.82344691135,8392.63830537735));
#6875=CARTESIAN_POINT('',(-8492.12812662084,-3682.51121478105,8317.04388990014));
#6876=CARTESIAN_POINT('',(-3646.3456725962,-8635.20031641322,8392.63830537734));
#6877=CARTESIAN_POINT('Origin',(-6216.97299450471,-6216.97299450471,8715.92752573583));
#6878=CARTESIAN_POINT('',(-8567.72254209812,-3713.8234469113,8823.69059918867));
#6879=CARTESIAN_POINT('',(-3709.47181950186,-8572.07416950756,8823.69059918866));
#6880=CARTESIAN_POINT('',(-12742.9650805324,-5443.26553252785,4648.44806075438));
#6881=CARTESIAN_POINT('Origin',(-17543.8131412868,-7431.84191018487,0.));
#6882=CARTESIAN_POINT('',(-8352.1963951924,-3624.54959381702,8608.164452283));
#6883=CARTESIAN_POINT('',(-8957.99330304667,-3875.47888909372,9213.96136013713));
#6884=CARTESIAN_POINT('',(-12544.4673470584,-5361.04507922269,4415.89350041696));
#6885=CARTESIAN_POINT('Origin',(-8572.07416950756,-3709.47181950185,8823.69059918867));
#6886=CARTESIAN_POINT('',(-3557.07181950186,-8419.67416950756,8608.164452283));
#6887=CARTESIAN_POINT('Origin',(-6064.57299450471,-6064.57299450471,8500.40137883017));
#6888=CARTESIAN_POINT('Origin',(16323.3401703415,-6926.30545310952,0.));
#6889=CARTESIAN_POINT('',(14378.3408925887,-6120.66037345846,3013.07224869811));
#6890=CARTESIAN_POINT('',(14162.814745683,-6031.38652036411,2797.54610179245));
#6891=CARTESIAN_POINT('',(13094.9047494375,-5589.0437165254,1729.63610554693));
#6892=CARTESIAN_POINT('',(14593.8670394943,-6209.9342265528,2797.54610179245));
#6893=CARTESIAN_POINT('',(15089.5047222311,-6415.23407676551,2301.90841905574));
#6894=CARTESIAN_POINT('',(14378.3408925887,-6120.66037345845,2582.01995488679));
#6895=CARTESIAN_POINT('',(14416.85406018,-6136.61304980474,2620.53312247814));
#6896=CARTESIAN_POINT('',(14891.0069887571,-6333.01362346029,2069.35385871834));
#6897=CARTESIAN_POINT('Origin',(14598.2186669038,-6205.58259914336,2797.54610179245));
#6898=CARTESIAN_POINT('',(6209.93422655281,-14593.8670394943,2797.54610179245));
#6899=CARTESIAN_POINT('',(14598.2186669038,-6205.58259914336,2797.54610179245));
#6900=CARTESIAN_POINT('',(6120.66037345853,-14378.3408925886,2582.01995488679));
#6901=CARTESIAN_POINT('',(5804.10701279378,-13614.1134760563,1817.79253835469));
#6902=CARTESIAN_POINT('',(14445.8186669038,-6053.18259914336,2582.01995488679));
#6903=CARTESIAN_POINT('Origin',(10325.7006330236,-10325.7006330236,2905.30917524528));
#6904=CARTESIAN_POINT('',(6120.66037345848,-14378.3408925887,3013.07224869811));
#6905=CARTESIAN_POINT('',(14382.6925199981,-6116.30874604902,3013.07224869811));
#6906=CARTESIAN_POINT('',(6551.6036196233,-15418.7299220929,1972.6832191939));
#6907=CARTESIAN_POINT('Origin',(7431.84191018487,-17543.8131412868,0.));
#6908=CARTESIAN_POINT('',(6031.38652036419,-14162.814745683,2797.54610179245));
#6909=CARTESIAN_POINT('',(6187.23543946275,-14539.0673198522,3173.7986759616));
#6910=CARTESIAN_POINT('',(6469.38316631815,-15220.2321886189,1740.12865885648));
#6911=CARTESIAN_POINT('Origin',(6116.30874604903,-14382.6925199981,3013.07224869811));
#6912=CARTESIAN_POINT('',(14230.2925199981,-5963.90874604902,2797.54610179245));
#6913=CARTESIAN_POINT('Origin',(10173.3006330236,-10173.3006330236,2689.78302833962));
#6914=CARTESIAN_POINT('Origin',(-6926.30545310953,-16323.3401703415,0.));
#6915=CARTESIAN_POINT('',(-6120.66037345846,-14378.3408925887,3013.07224869811));
#6916=CARTESIAN_POINT('',(-6031.38652036412,-14162.814745683,2797.54610179245));
#6917=CARTESIAN_POINT('',(-5589.0437165254,-13094.9047494375,1729.63610554693));
#6918=CARTESIAN_POINT('',(-6209.9342265528,-14593.8670394943,2797.54610179245));
#6919=CARTESIAN_POINT('',(-6415.23407676552,-15089.5047222311,2301.90841905574));
#6920=CARTESIAN_POINT('',(-6120.66037345846,-14378.3408925887,2582.01995488679));
#6921=CARTESIAN_POINT('',(-6136.61304980474,-14416.85406018,2620.53312247813));
#6922=CARTESIAN_POINT('',(-6333.0136234603,-14891.0069887571,2069.35385871834));
#6923=CARTESIAN_POINT('Origin',(-6205.58259914336,-14598.2186669038,2797.54610179245));
#6924=CARTESIAN_POINT('',(-14593.8670394943,-6209.93422655281,2797.54610179245));
#6925=CARTESIAN_POINT('',(-6205.58259914336,-14598.2186669038,2797.54610179245));
#6926=CARTESIAN_POINT('',(-14378.3408925886,-6120.66037345853,2582.01995488679));
#6927=CARTESIAN_POINT('',(-13614.1134760563,-5804.10701279378,1817.79253835469));
#6928=CARTESIAN_POINT('',(-6053.18259914336,-14445.8186669038,2582.01995488679));
#6929=CARTESIAN_POINT('Origin',(-10325.7006330236,-10325.7006330236,2905.30917524528));
#6930=CARTESIAN_POINT('',(-14378.3408925887,-6120.66037345847,3013.07224869811));
#6931=CARTESIAN_POINT('',(-6116.30874604902,-14382.6925199981,3013.07224869811));
#6932=CARTESIAN_POINT('',(-15418.7299220929,-6551.6036196233,1972.6832191939));
#6933=CARTESIAN_POINT('Origin',(-17543.8131412868,-7431.84191018487,0.));
#6934=CARTESIAN_POINT('',(-14162.814745683,-6031.38652036419,2797.54610179245));
#6935=CARTESIAN_POINT('',(-14539.0673198522,-6187.23543946274,3173.7986759616));
#6936=CARTESIAN_POINT('',(-15220.2321886189,-6469.38316631815,1740.12865885648));
#6937=CARTESIAN_POINT('Origin',(-14382.6925199981,-6116.30874604903,3013.07224869811));
#6938=CARTESIAN_POINT('',(-5963.90874604902,-14230.2925199981,2797.54610179245));
#6939=CARTESIAN_POINT('Origin',(-10173.3006330236,-10173.3006330236,2689.78302833962));
#6940=CARTESIAN_POINT('Origin',(16323.3401703415,-6926.30545310952,0.));
#6941=CARTESIAN_POINT('',(5554.65029340005,-2465.76805709055,11621.2367009811));
#6942=CARTESIAN_POINT('',(5446.88721994719,-2421.13113054337,11513.4736275283));
#6943=CARTESIAN_POINT('',(5416.77075905162,-2408.65648398974,11483.3571666327));
#6944=CARTESIAN_POINT('',(5851.82515206797,-2588.86191394711,11539.5879892188));
#6945=CARTESIAN_POINT('',(11924.5876310879,-5104.28249382769,9871.09814632686));
#6946=CARTESIAN_POINT('',(5877.93951375851,-2599.67883673205,11513.4736275283));
#6947=CARTESIAN_POINT('',(11075.8574598903,-4752.72694612235,6315.55568139646));
#6948=CARTESIAN_POINT('',(5662.41336685286,-2510.40498363771,11297.9474806226));
#6949=CARTESIAN_POINT('',(6045.24303497139,-2668.9782242512,11680.7771487412));
#6950=CARTESIAN_POINT('',(10877.3597264164,-4670.50649281712,6083.00112105905));
#6951=CARTESIAN_POINT('Origin',(5882.29114116795,-2595.32720932261,11513.4736275283));
#6952=CARTESIAN_POINT('',(2599.67883673205,-5877.9395137585,11513.4736275283));
#6953=CARTESIAN_POINT('',(5882.29114116795,-2595.32720932261,11513.4736275283));
#6954=CARTESIAN_POINT('',(2510.40498363777,-5662.41336685278,11297.9474806226));
#6955=CARTESIAN_POINT('',(2621.71331577469,-5931.13545190311,11566.6695656729));
#6956=CARTESIAN_POINT('',(5729.89114116795,-2442.92720932261,11297.9474806226));
#6957=CARTESIAN_POINT('Origin',(4162.60917524528,-4162.60917524528,11621.2367009811));
#6958=CARTESIAN_POINT('',(5630.85029340002,-2541.96805709054,11728.9997744339));
#6959=CARTESIAN_POINT('',(5882.29114116795,-2595.32720932261,11513.4736275283));
#6960=CARTESIAN_POINT('',(2541.96805709054,-5630.85029340001,11728.9997744339));
#6961=CARTESIAN_POINT('',(5630.85029340002,-2541.96805709054,11728.9997744339));
#6962=CARTESIAN_POINT('',(2588.86191394709,-5851.8251520679,11539.5879892189));
#6963=CARTESIAN_POINT('',(2595.32720932261,-5882.29114116794,11513.4736275283));
#6964=CARTESIAN_POINT('',(4889.09648898013,-11405.0826597522,5986.33048153462));
#6965=CARTESIAN_POINT('Origin',(7431.84191018487,-17543.8131412868,0.));
#6966=CARTESIAN_POINT('',(2465.76805709057,-5554.65029339997,11621.2367009811));
#6967=CARTESIAN_POINT('',(5397.01331309275,-12631.3023450845,9676.92847046484));
#6968=CARTESIAN_POINT('',(2421.13113054343,-5446.88721994712,11513.4736275283));
#6969=CARTESIAN_POINT('',(2717.59414942575,-6162.61226087552,12229.1986684565));
#6970=CARTESIAN_POINT('',(4806.87603567497,-11206.5849262782,5753.77592119719));
#6971=CARTESIAN_POINT('Origin',(4010.20917524528,-4010.20917524528,11405.7105540755));
#6972=CARTESIAN_POINT('',(5478.45029340002,-2389.56805709054,11513.4736275283));
#6973=CARTESIAN_POINT('Origin',(5630.85029340002,-2541.96805709054,11728.9997744339));
#6974=CARTESIAN_POINT('',(5630.85029340002,-2541.96805709054,11728.9997744339));
#6975=CARTESIAN_POINT('Origin',(2541.96805709054,-5630.85029340001,11728.9997744339));
#6976=CARTESIAN_POINT('',(2541.96805709054,-5630.85029340001,11728.9997744339));
#6977=CARTESIAN_POINT('Origin',(2595.32720932261,-5882.29114116794,11513.4736275283));
#6978=CARTESIAN_POINT('Origin',(-6926.30545310953,-16323.3401703415,0.));
#6979=CARTESIAN_POINT('',(-2465.76805709055,-5554.65029340005,11621.2367009811));
#6980=CARTESIAN_POINT('',(-2421.13113054337,-5446.88721994719,11513.4736275283));
#6981=CARTESIAN_POINT('',(-2408.65648398974,-5416.77075905161,11483.3571666327));
#6982=CARTESIAN_POINT('',(-2588.86191394711,-5851.82515206797,11539.5879892188));
#6983=CARTESIAN_POINT('',(-5104.28249382769,-11924.5876310879,9871.09814632686));
#6984=CARTESIAN_POINT('',(-2599.67883673205,-5877.93951375851,11513.4736275283));
#6985=CARTESIAN_POINT('',(-4752.72694612235,-11075.8574598903,6315.55568139646));
#6986=CARTESIAN_POINT('',(-2510.40498363771,-5662.41336685285,11297.9474806226));
#6987=CARTESIAN_POINT('',(-2668.9782242512,-6045.24303497139,11680.7771487412));
#6988=CARTESIAN_POINT('',(-4670.50649281712,-10877.3597264164,6083.00112105905));
#6989=CARTESIAN_POINT('Origin',(-2595.32720932262,-5882.29114116795,11513.4736275283));
#6990=CARTESIAN_POINT('',(-5877.9395137585,-2599.67883673205,11513.4736275283));
#6991=CARTESIAN_POINT('',(-2595.32720932262,-5882.29114116795,11513.4736275283));
#6992=CARTESIAN_POINT('',(-5662.41336685278,-2510.40498363777,11297.9474806226));
#6993=CARTESIAN_POINT('',(-5931.13545190311,-2621.71331577469,11566.6695656729));
#6994=CARTESIAN_POINT('',(-2442.92720932262,-5729.89114116795,11297.9474806226));
#6995=CARTESIAN_POINT('Origin',(-4162.60917524528,-4162.60917524528,11621.2367009811));
#6996=CARTESIAN_POINT('',(-2541.96805709054,-5630.85029340002,11728.9997744339));
#6997=CARTESIAN_POINT('',(-2595.32720932262,-5882.29114116795,11513.4736275283));
#6998=CARTESIAN_POINT('',(-5630.85029340001,-2541.96805709054,11728.9997744339));
#6999=CARTESIAN_POINT('',(-2541.96805709054,-5630.85029340002,11728.9997744339));
#7000=CARTESIAN_POINT('',(-5851.8251520679,-2588.86191394709,11539.5879892189));
#7001=CARTESIAN_POINT('',(-5882.29114116794,-2595.32720932261,11513.4736275283));
#7002=CARTESIAN_POINT('',(-11405.0826597522,-4889.09648898013,5986.33048153462));
#7003=CARTESIAN_POINT('Origin',(-17543.8131412868,-7431.84191018487,0.));
#7004=CARTESIAN_POINT('',(-5554.65029339997,-2465.76805709056,11621.2367009811));
#7005=CARTESIAN_POINT('',(-12631.3023450845,-5397.01331309275,9676.92847046484));
#7006=CARTESIAN_POINT('',(-5446.88721994712,-2421.13113054343,11513.4736275283));
#7007=CARTESIAN_POINT('',(-6162.61226087552,-2717.59414942575,12229.1986684565));
#7008=CARTESIAN_POINT('',(-11206.5849262782,-4806.87603567496,5753.77592119719));
#7009=CARTESIAN_POINT('Origin',(-4010.20917524528,-4010.20917524528,11405.7105540755));
#7010=CARTESIAN_POINT('',(-2389.56805709054,-5478.45029340002,11513.4736275283));
#7011=CARTESIAN_POINT('Origin',(-2541.96805709054,-5630.85029340002,11728.9997744339));
#7012=CARTESIAN_POINT('',(-2541.96805709054,-5630.85029340002,11728.9997744339));
#7013=CARTESIAN_POINT('Origin',(-5630.85029340001,-2541.96805709054,11728.9997744339));
#7014=CARTESIAN_POINT('',(-5630.85029340001,-2541.96805709054,11728.9997744339));
#7015=CARTESIAN_POINT('Origin',(-5882.29114116794,-2595.32720932261,11513.4736275283));
#7016=CARTESIAN_POINT('Origin',(16323.3401703415,-6926.30545310952,0.));
#7017=CARTESIAN_POINT('',(17175.8869943811,-7279.44191018487,215.526146905663));
#7018=CARTESIAN_POINT('',(16960.3608474755,-7190.16805709053,4.61439596042422E-12));
#7019=CARTESIAN_POINT('',(15560.9056607766,-6610.49473882646,-1399.45518669889));
#7020=CARTESIAN_POINT('',(17391.4131412868,-7368.71576327921,3.40346287455076E-12));
#7021=CARTESIAN_POINT('',(16377.7627096428,-6948.84800698693,1013.65043164398));
#7022=CARTESIAN_POINT('',(17175.8869943811,-7279.44191018487,-215.526146905655));
#7023=CARTESIAN_POINT('',(17103.885098488,-7249.61774838936,-287.528042798765));
#7024=CARTESIAN_POINT('',(16179.2649761689,-6866.62755368171,781.095871306577));
#7025=CARTESIAN_POINT('Origin',(17395.7647686962,-7364.36413586977,3.40372933487967E-12));
#7026=CARTESIAN_POINT('',(7368.71576327923,-17391.4131412868,2.78974966141079E-12));
#7027=CARTESIAN_POINT('',(17508.0550514717,-7252.07385309433,3.41060513164848E-12));
#7028=CARTESIAN_POINT('',(7279.44191018495,-17175.8869943811,-215.526146905656));
#7029=CARTESIAN_POINT('',(6825.55803509482,-16080.1143873951,-1311.29875389138));
#7030=CARTESIAN_POINT('',(17355.6550514717,-7099.67385309433,-215.526146905655));
#7031=CARTESIAN_POINT('Origin',(12303.864452283,-12303.864452283,107.763073452833));
#7032=CARTESIAN_POINT('',(7279.44191018489,-17175.8869943811,215.526146905663));
#7033=CARTESIAN_POINT('',(17180.2386217906,-7275.09028277543,215.526146905663));
#7034=CARTESIAN_POINT('',(7085.21754984472,-16706.9879095046,684.425231782132));
#7035=CARTESIAN_POINT('Origin',(7431.84191018487,-17543.8131412868,0.));
#7036=CARTESIAN_POINT('',(7190.16805709061,-16960.3608474754,4.01614419403435E-12));
#7037=CARTESIAN_POINT('',(7300.24013804737,-17226.0983581601,265.737510684616));
#7038=CARTESIAN_POINT('',(7002.99709653957,-16508.4901760307,451.870671444714));
#7039=CARTESIAN_POINT('Origin',(7275.09028277545,-17180.2386217906,215.526146905663));
#7040=CARTESIAN_POINT('',(17027.8386217906,-7122.69028277544,4.61852778244065E-12));
#7041=CARTESIAN_POINT('Origin',(12151.464452283,-12151.464452283,-107.763073452827));
#7042=CARTESIAN_POINT('Origin',(-6926.30545310953,-16323.3401703415,0.));
#7043=CARTESIAN_POINT('',(-7279.44191018487,-17175.8869943811,215.526146905663));
#7044=CARTESIAN_POINT('',(-7190.16805709053,-16960.3608474755,4.61439596042422E-12));
#7045=CARTESIAN_POINT('',(-6610.49473882646,-15560.9056607766,-1399.45518669889));
#7046=CARTESIAN_POINT('',(-7368.71576327921,-17391.4131412868,3.40346287455076E-12));
#7047=CARTESIAN_POINT('',(-6948.84800698694,-16377.7627096428,1013.65043164398));
#7048=CARTESIAN_POINT('',(-7279.44191018487,-17175.8869943811,-215.526146905655));
#7049=CARTESIAN_POINT('',(-7249.61774838937,-17103.885098488,-287.528042798765));
#7050=CARTESIAN_POINT('',(-6866.62755368172,-16179.2649761689,781.095871306576));
#7051=CARTESIAN_POINT('Origin',(-7364.36413586978,-17395.7647686962,3.40372933487967E-12));
#7052=CARTESIAN_POINT('',(-17391.4131412868,-7368.71576327923,2.78974966141079E-12));
#7053=CARTESIAN_POINT('',(-7252.07385309433,-17508.0550514717,3.41060513164848E-12));
#7054=CARTESIAN_POINT('',(-17175.8869943811,-7279.44191018494,-215.526146905656));
#7055=CARTESIAN_POINT('',(-16080.1143873951,-6825.55803509482,-1311.29875389138));
#7056=CARTESIAN_POINT('',(-7099.67385309434,-17355.6550514717,-215.526146905655));
#7057=CARTESIAN_POINT('Origin',(-12303.864452283,-12303.864452283,107.763073452833));
#7058=CARTESIAN_POINT('',(-17175.8869943811,-7279.44191018489,215.526146905663));
#7059=CARTESIAN_POINT('',(-7275.09028277544,-17180.2386217906,215.526146905663));
#7060=CARTESIAN_POINT('',(-16706.9879095046,-7085.21754984472,684.425231782132));
#7061=CARTESIAN_POINT('Origin',(-17543.8131412868,-7431.84191018487,0.));
#7062=CARTESIAN_POINT('',(-16960.3608474754,-7190.1680570906,4.01614419403435E-12));
#7063=CARTESIAN_POINT('',(-17226.0983581601,-7300.24013804737,265.737510684616));
#7064=CARTESIAN_POINT('',(-16508.4901760307,-7002.99709653957,451.870671444714));
#7065=CARTESIAN_POINT('Origin',(-17180.2386217906,-7275.09028277544,215.526146905663));
#7066=CARTESIAN_POINT('',(-7122.69028277544,-17027.8386217906,4.61852778244065E-12));
#7067=CARTESIAN_POINT('Origin',(-12151.464452283,-12151.464452283,-107.763073452827));
#7068=CARTESIAN_POINT('Origin',(-17543.8131412868,-7431.84191018487,0.));
#7069=CARTESIAN_POINT('',(-5877.7627370632,-2599.60561342735,11513.296850833));
#7070=CARTESIAN_POINT('',(-5877.9395137585,-2599.67883673205,11513.4736275283));
#7071=CARTESIAN_POINT('',(-6374.46823483368,-2805.34776710898,12010.0023486033));
#7072=CARTESIAN_POINT('',(-8567.54576540282,-3713.7502236066,8823.51382249337));
#7073=CARTESIAN_POINT('',(-12073.8610603215,-5166.11357271814,5317.19852757467));
#7074=CARTESIAN_POINT('',(-8567.72254209812,-3713.8234469113,8823.69059918867));
#7075=CARTESIAN_POINT('',(-8302.14459986282,-3603.8174613704,8558.11265695344));
#7076=CARTESIAN_POINT('',(-12074.0238701423,-5166.18101075399,5317.3892711445));
#7077=CARTESIAN_POINT('Origin',(-3709.47181950186,-8572.07416950756,8823.69059918866));
#7078=CARTESIAN_POINT('',(-3713.75022360659,-8567.54576540283,8823.51382249337));
#7079=CARTESIAN_POINT('',(-3709.34681950186,-8571.94916950756,8823.51382249337));
#7080=CARTESIAN_POINT('',(-3713.82344691129,-8567.72254209812,8823.69059918866));
#7081=CARTESIAN_POINT('',(-3739.10934623593,-8628.76810318447,8884.73616027501));
#7082=CARTESIAN_POINT('',(-3709.47181950186,-8572.07416950756,8823.69059918866));
#7083=CARTESIAN_POINT('Origin',(-5189.66608487499,-5189.66608487499,10168.4053366632));
#7084=CARTESIAN_POINT('',(-2599.60561342735,-5877.76273706321,11513.296850833));
#7085=CARTESIAN_POINT('',(-2595.20220932261,-5882.16614116795,11513.296850833));
#7086=CARTESIAN_POINT('',(-5029.74402986036,-11744.6358604597,5646.42372743651));
#7087=CARTESIAN_POINT('Origin',(-6926.30545310953,-16323.3401703415,0.));
#7088=CARTESIAN_POINT('',(-2599.67883673205,-5877.93951375851,11513.4736275283));
#7089=CARTESIAN_POINT('',(-2485.34377291692,-5601.91025204125,11237.444365811));
#7090=CARTESIAN_POINT('',(-5029.81146789621,-11744.7986702804,5646.61447100634));
#7091=CARTESIAN_POINT('Origin',(-5882.29114116794,-2595.32720932261,11513.4736275283));
#7092=CARTESIAN_POINT('',(-2595.32720932262,-5882.29114116795,11513.4736275283));
#7093=CARTESIAN_POINT('Origin',(-5189.79108487499,-5189.79108487499,10168.5821133585));
#7094=CARTESIAN_POINT('Origin',(-17543.8131412868,-7431.84191018487,0.));
#7095=CARTESIAN_POINT('',(-14593.690262799,-6209.86100324811,2797.36932509715));
#7096=CARTESIAN_POINT('',(-14593.8670394943,-6209.93422655281,2797.54610179245));
#7097=CARTESIAN_POINT('',(-14746.079260038,-6272.98259266089,2949.75832233689));
#7098=CARTESIAN_POINT('',(-17175.7102176858,-7279.36868688018,215.349370210365));
#7099=CARTESIAN_POINT('',(-16062.6961059741,-6818.34314669654,1328.3634819165));
#7100=CARTESIAN_POINT('',(-17175.8869943811,-7279.44191018489,215.526146905663));
#7101=CARTESIAN_POINT('',(-15890.1308606427,-6746.86428168652,-1070.22998683885));
#7102=CARTESIAN_POINT('',(-16062.8589157988,-6818.41058473401,1328.55422548801));
#7103=CARTESIAN_POINT('Origin',(-7275.09028277544,-17180.2386217906,215.526146905663));
#7104=CARTESIAN_POINT('',(-7279.36868688017,-17175.7102176858,215.349370210365));
#7105=CARTESIAN_POINT('',(-7274.96528277544,-17180.1136217906,215.349370210365));
#7106=CARTESIAN_POINT('',(-7279.44191018487,-17175.8869943811,215.526146905663));
#7107=CARTESIAN_POINT('',(-7163.87059519002,-16896.8731582993,-63.4876891775938));
#7108=CARTESIAN_POINT('',(-7275.09028277544,-17180.2386217906,215.526146905663));
#7109=CARTESIAN_POINT('Origin',(-11314.657542651,-11314.657542651,1506.35934765052));
#7110=CARTESIAN_POINT('',(-6209.8610032481,-14593.690262799,2797.36932509715));
#7111=CARTESIAN_POINT('',(-6205.45759914336,-14598.0936669038,2797.36932509715));
#7112=CARTESIAN_POINT('',(-6681.97360383813,-15733.4709061107,1657.58868177821));
#7113=CARTESIAN_POINT('Origin',(-6926.30545310953,-16323.3401703415,0.));
#7114=CARTESIAN_POINT('',(-6209.9342265528,-14593.8670394943,2797.54610179245));
#7115=CARTESIAN_POINT('',(-5667.73746993722,-13284.8882761984,1488.5673384899));
#7116=CARTESIAN_POINT('',(-6682.04104187623,-15733.6337159369,1657.77942534986));
#7117=CARTESIAN_POINT('Origin',(-14598.2186669038,-6205.58259914336,2797.54610179245));
#7118=CARTESIAN_POINT('',(-6205.58259914336,-14598.2186669038,2797.54610179245));
#7119=CARTESIAN_POINT('Origin',(-11314.7825426533,-11314.7825426533,1506.53612434906));
#7120=CARTESIAN_POINT('Origin',(-17543.8131412868,-7431.84191018487,0.));
#7121=CARTESIAN_POINT('',(-8783.07191230848,-3803.02407670094,8607.98767558771));
#7122=CARTESIAN_POINT('',(-8783.24868900377,-3803.09730000564,8608.164452283));
#7123=CARTESIAN_POINT('',(-9165.00524322145,-3961.22604228728,8989.92100650303));
#7124=CARTESIAN_POINT('',(-11472.8549406481,-4917.16868688018,5918.20464724809));
#7125=CARTESIAN_POINT('',(-13411.7434811065,-5720.28261626782,3979.31610680218));
#7126=CARTESIAN_POINT('',(-11473.0317173434,-4917.24191018489,5918.38142394339));
#7127=CARTESIAN_POINT('',(-10863.1372745754,-4664.61536037462,5308.48698117164));
#7128=CARTESIAN_POINT('',(-13411.9062909225,-5720.35005430171,3979.50685036426));
#7129=CARTESIAN_POINT('Origin',(-4912.89028277544,-11477.3833447528,5918.38142394339));
#7130=CARTESIAN_POINT('',(-4917.16868688017,-11472.8549406481,5918.20464724809));
#7131=CARTESIAN_POINT('',(-4912.76528277544,-11477.2583447528,5918.20464724809));
#7132=CARTESIAN_POINT('',(-4917.24191018488,-11473.0317173434,5918.38142394339));
#7133=CARTESIAN_POINT('',(-4894.98762141695,-11419.3051115789,5864.65481817855));
#7134=CARTESIAN_POINT('',(-4912.89028277544,-11477.3833447528,5918.38142394339));
#7135=CARTESIAN_POINT('Origin',(-7244.02990413137,-7244.02990413137,7263.09616141357));
#7136=CARTESIAN_POINT('',(-3803.02407670093,-8783.07191230849,8607.98767558771));
#7137=CARTESIAN_POINT('',(-3798.6206725962,-8787.47531641322,8607.98767558771));
#7138=CARTESIAN_POINT('',(-5583.91307340923,-13082.5182812427,4308.54130666386));
#7139=CARTESIAN_POINT('Origin',(-6926.30545310953,-16323.3401703415,0.));
#7140=CARTESIAN_POINT('',(-3803.09730000563,-8783.24868900379,8608.164452283));
#7141=CARTESIAN_POINT('',(-3546.14167191954,-8162.90292675028,7987.8186900255));
#7142=CARTESIAN_POINT('',(-5583.98051144393,-13082.6810910607,4308.7320502261));
#7143=CARTESIAN_POINT('Origin',(-8787.60031641322,-3798.74567259619,8608.164452283));
#7144=CARTESIAN_POINT('',(-3798.7456725962,-8787.60031641322,8608.164452283));
#7145=CARTESIAN_POINT('Origin',(-7244.15490413442,-7244.15490413443,7263.2729381132));
#7146=CARTESIAN_POINT('Origin',(-17543.8131412868,-7431.84191018487,0.));
#7147=CARTESIAN_POINT('',(-11688.3810875538,-5006.44253997452,5702.67850034243));
#7148=CARTESIAN_POINT('',(-11688.5578642491,-5006.51576327923,5702.85527703773));
#7149=CARTESIAN_POINT('',(-11955.5422516292,-5117.10431747386,5969.83966441952));
#7150=CARTESIAN_POINT('',(-14378.1641158934,-6120.58715015377,3012.89547200281));
#7151=CARTESIAN_POINT('',(-14749.6259018817,-6274.45165981348,2641.43368601685));
#7152=CARTESIAN_POINT('',(-14378.3408925887,-6120.66037345847,3013.07224869811));
#7153=CARTESIAN_POINT('',(-13424.1299492995,-5725.41325938362,2058.86130540304));
#7154=CARTESIAN_POINT('',(-14749.7887117028,-6274.51909784944,2641.62442958402));
#7155=CARTESIAN_POINT('Origin',(-6116.30874604902,-14382.6925199981,3013.07224869811));
#7156=CARTESIAN_POINT('',(-6120.58715015376,-14378.1641158934,3012.89547200281));
#7157=CARTESIAN_POINT('',(-6116.18374604902,-14382.5675199981,3012.89547200281));
#7158=CARTESIAN_POINT('',(-6120.66037345846,-14378.3408925887,3013.07224869811));
#7159=CARTESIAN_POINT('',(-6050.86589660353,-14209.8421199868,2844.57347609512));
#7160=CARTESIAN_POINT('',(-6116.30874604902,-14382.6925199981,3013.07224869811));
#7161=CARTESIAN_POINT('Origin',(-9298.39372339079,-9298.3937233908,4357.7869861683));
#7162=CARTESIAN_POINT('',(-5006.44253997451,-11688.3810875538,5702.67850034243));
#7163=CARTESIAN_POINT('',(-5002.03913586978,-11692.7844916585,5702.67850034243));
#7164=CARTESIAN_POINT('',(-6138.08211695489,-14420.400702018,2970.65888587852));
#7165=CARTESIAN_POINT('Origin',(-6926.30545310953,-16323.3401703415,0.));
#7166=CARTESIAN_POINT('',(-5006.51576327922,-11688.5578642491,5702.85527703772));
#7167=CARTESIAN_POINT('',(-4606.93957092855,-10723.8956014747,4738.19301425717));
#7168=CARTESIAN_POINT('',(-6138.14955499166,-14420.5635118409,2970.84962944586));
#7169=CARTESIAN_POINT('Origin',(-11692.9094916585,-5002.16413586978,5702.85527703773));
#7170=CARTESIAN_POINT('',(-5002.16413586978,-11692.9094916585,5702.85527703772));
#7171=CARTESIAN_POINT('Origin',(-9298.51872339385,-9298.51872339386,4357.96376286792));
#7172=CARTESIAN_POINT('Origin',(-4024.39425283042,-1733.65542879468,7354.03670098111));
#7173=CARTESIAN_POINT('',(-3989.65415946585,-1817.52543335355,11011.6367009811));
#7174=CARTESIAN_POINT('',(-6282.76132001301,-2767.36151922706,10040.5788503285));
#7175=CARTESIAN_POINT('Origin',(-3989.65415946587,-1817.52543335349,7354.03670098111));
#7176=CARTESIAN_POINT('',(-6399.40323019789,-2485.76303771761,10040.5788503285));
#7177=CARTESIAN_POINT('',(-6317.50141337761,-2683.49151466814,10040.5788503285));
#7178=CARTESIAN_POINT('',(-4106.29606965073,-1535.92695184411,11011.6367009811));
#7179=CARTESIAN_POINT('Origin',(-4106.29606965071,-1535.92695184413,7354.03670098111));
#7180=CARTESIAN_POINT('',(-4024.39425283042,-1733.65542879468,11011.6367009811));
#7181=CARTESIAN_POINT('Origin',(-16323.3401703415,-6926.30545310957,0.));
#7182=CARTESIAN_POINT('',(-15418.2779890364,-6551.41642282202,905.062181305097));
#7183=CARTESIAN_POINT('',(-16323.3401703415,-6926.30545310957,0.));
#7184=CARTESIAN_POINT('',(-15534.9198992212,-6269.81794131258,905.062181305097));
#7185=CARTESIAN_POINT('',(-15476.5989441288,-6410.61718206731,905.062181305098));
#7186=CARTESIAN_POINT('',(-16439.9820805263,-6644.70697160012,0.));
#7187=CARTESIAN_POINT('Origin',(-13565.6763103395,-5619.0871105061,-1333.72294315102));
#7188=CARTESIAN_POINT('',(-16323.3401703415,-6926.30545310957,-1333.72294315102));
#7189=CARTESIAN_POINT('Origin',(-13507.355355247,-5759.88635126081,-1333.72294315102));
#7190=CARTESIAN_POINT('',(-16439.9820805263,-6644.70697160012,-1333.72294315102));
#7191=CARTESIAN_POINT('',(-16381.6611254339,-6785.50621235485,-1333.72294315102));
#7192=CARTESIAN_POINT('Origin',(-13623.9972654319,-5478.28786975137,-1333.72294315102));
#7193=CARTESIAN_POINT('Origin',(-16439.9820805263,-6644.70697160012,0.));
#7194=CARTESIAN_POINT('',(-16323.3401703415,-6926.30545310957,-1524.));
#7195=CARTESIAN_POINT('',(-16323.3401703415,-6926.30545310957,0.));
#7196=CARTESIAN_POINT('',(-16439.9820805263,-6644.70697160012,-1524.));
#7197=CARTESIAN_POINT('',(-16323.3401703415,-6926.30545310957,-1524.));
#7198=CARTESIAN_POINT('',(-16439.9820805263,-6644.70697160012,0.));
#7199=CARTESIAN_POINT('Origin',(-17543.8131412868,-7431.84191018487,0.));
#7200=CARTESIAN_POINT('',(-17543.8131412868,-7431.84191018487,0.));
#7201=CARTESIAN_POINT('',(-17660.4550514717,-7150.24342867544,0.));
#7202=CARTESIAN_POINT('',(-17543.8131412868,-7431.84191018487,0.));
#7203=CARTESIAN_POINT('',(-17660.4550514717,-7150.24342867544,-1524.));
#7204=CARTESIAN_POINT('',(-17660.4550514717,-7150.24342867544,0.));
#7205=CARTESIAN_POINT('',(-17543.8131412868,-7431.84191018487,-1524.));
#7206=CARTESIAN_POINT('',(-17543.8131412868,-7431.84191018487,-1524.));
#7207=CARTESIAN_POINT('',(-17543.8131412868,-7431.84191018487,0.));
#7208=CARTESIAN_POINT('Origin',(-16991.8976109066,-7038.2744408925,-1524.));
#7209=CARTESIAN_POINT('',(-17543.8131412868,-7431.84191018487,-1524.));
#7210=CARTESIAN_POINT('',(-17566.3760065641,-7111.27461233963,-1524.));
#7211=CARTESIAN_POINT('Origin',(-17660.4550514717,-7150.24342867544,0.));
#7212=CARTESIAN_POINT('',(-5922.57644030568,-2618.16805709052,11621.2367009811));
#7213=CARTESIAN_POINT('',(-17543.8131412868,-7431.84191018487,0.));
#7214=CARTESIAN_POINT('',(-6039.21835049056,-2336.56957558109,11621.2367009811));
#7215=CARTESIAN_POINT('',(-5922.57644030568,-2618.16805709052,11621.2367009811));
#7216=CARTESIAN_POINT('',(-17660.4550514717,-7150.24342867544,0.));
#7217=CARTESIAN_POINT('Origin',(-5886.81835049056,-2273.44342867544,11621.2367009811));
#7218=CARTESIAN_POINT('',(-398.24039169432,7.08579359778076E-14,11621.2367009811));
#7219=CARTESIAN_POINT('',(-398.24039169432,7.08579359778076E-14,11621.2367009811));
#7220=CARTESIAN_POINT('',(-398.24039169432,7.08579359778076E-14,11011.6367009811));
#7221=CARTESIAN_POINT('',(-398.24039169432,7.08579359778076E-14,11621.2367009811));
#7222=CARTESIAN_POINT('',(-398.24039169432,7.08579359778076E-14,11011.6367009811));
#7223=CARTESIAN_POINT('Origin',(-3084.208416,-1245.95788163961,11621.2367009811));
#7224=CARTESIAN_POINT('',(-281.598481509441,-281.598481509441,11621.2367009811));
#7225=CARTESIAN_POINT('',(-281.598481509441,-281.598481509441,11621.2367009811));
#7226=CARTESIAN_POINT('',(-398.24039169432,7.08579359778076E-14,11621.2367009811));
#7227=CARTESIAN_POINT('Origin',(-281.598481509441,-281.598481509441,11621.2367009811));
#7228=CARTESIAN_POINT('',(-281.598481509441,-281.598481509441,11011.6367009811));
#7229=CARTESIAN_POINT('',(-281.598481509441,-281.598481509441,11011.6367009811));
#7230=CARTESIAN_POINT('',(-281.598481509441,-281.598481509441,11621.2367009811));
#7231=CARTESIAN_POINT('Origin',(-398.24039169432,7.08579359778076E-14,11621.2367009811));
#7232=CARTESIAN_POINT('',(-398.24039169432,7.08579359778076E-14,11011.6367009811));
#7233=CARTESIAN_POINT('Origin',(-3084.208416,-1245.95788163961,11011.6367009811));
#7234=CARTESIAN_POINT('Origin',(1245.95788163961,-3008.008416,11011.6367009811));
#7235=CARTESIAN_POINT('',(1535.92695184411,-4106.29606965072,11011.6367009811));
#7236=CARTESIAN_POINT('',(1817.52543335355,-3989.65415946585,11011.6367009811));
#7237=CARTESIAN_POINT('',(1747.12581297628,-4018.81463701203,11011.6367009811));
#7238=CARTESIAN_POINT('',(0.,-398.24039169432,11011.6367009811));
#7239=CARTESIAN_POINT('',(1.75691944611475E-14,-398.24039169432,11011.6367009811));
#7240=CARTESIAN_POINT('',(281.598481509441,-281.598481509441,11011.6367009811));
#7241=CARTESIAN_POINT('',(0.,-398.24039169432,11011.6367009811));
#7242=CARTESIAN_POINT('',(281.598481509441,-281.598481509441,11011.6367009811));
#7243=CARTESIAN_POINT('Origin',(0.,-398.24039169432,11621.2367009811));
#7244=CARTESIAN_POINT('',(0.,-398.24039169432,11621.2367009811));
#7245=CARTESIAN_POINT('',(281.598481509441,-281.598481509441,11621.2367009811));
#7246=CARTESIAN_POINT('',(0.,-398.24039169432,11621.2367009811));
#7247=CARTESIAN_POINT('',(281.598481509441,-281.598481509441,11621.2367009811));
#7248=CARTESIAN_POINT('',(0.,-398.24039169432,11621.2367009811));
#7249=CARTESIAN_POINT('Origin',(281.598481509441,-281.598481509441,11621.2367009811));
#7250=CARTESIAN_POINT('',(2618.16805709052,-5922.57644030568,11621.2367009811));
#7251=CARTESIAN_POINT('',(281.598481509441,-281.598481509441,11621.2367009811));
#7252=CARTESIAN_POINT('',(7431.84191018487,-17543.8131412868,0.));
#7253=CARTESIAN_POINT('',(7431.84191018487,-17543.8131412868,0.));
#7254=CARTESIAN_POINT('',(7431.84191018487,-17543.8131412868,-1524.));
#7255=CARTESIAN_POINT('',(7431.84191018487,-17543.8131412868,0.));
#7256=CARTESIAN_POINT('',(6926.30545310957,-16323.3401703415,-1524.));
#7257=CARTESIAN_POINT('',(7431.84191018487,-17543.8131412868,-1524.));
#7258=CARTESIAN_POINT('',(6926.30545310957,-16323.3401703415,-1333.72294315102));
#7259=CARTESIAN_POINT('',(6926.30545310957,-16323.3401703415,0.));
#7260=CARTESIAN_POINT('',(6551.41642282202,-15418.2779890364,905.062181305097));
#7261=CARTESIAN_POINT('Origin',(5759.88635126081,-13507.355355247,-1333.72294315102));
#7262=CARTESIAN_POINT('',(2767.36151922705,-6282.76132001301,10040.5788503285));
#7263=CARTESIAN_POINT('',(6926.30545310957,-16323.3401703415,0.));
#7264=CARTESIAN_POINT('Origin',(1817.52543335349,-3989.65415946587,7354.03670098111));
#7265=CARTESIAN_POINT('Origin',(1245.95788163961,-3008.008416,11621.2367009811));
#7266=CARTESIAN_POINT('',(2336.56957558109,-6039.21835049056,11621.2367009811));
#7267=CARTESIAN_POINT('',(1.75691944611475E-14,-398.24039169432,11621.2367009811));
#7268=CARTESIAN_POINT('',(2618.16805709052,-5922.57644030568,11621.2367009811));
#7269=CARTESIAN_POINT('Origin',(2210.31728176978,-5734.41835049055,11621.2367009811));
#7270=CARTESIAN_POINT('',(2485.76303771761,-6399.40323019788,10040.5788503285));
#7271=CARTESIAN_POINT('Origin',(1535.92695184413,-4106.29606965071,7354.03670098111));
#7272=CARTESIAN_POINT('',(6269.81794131258,-15534.9198992212,905.062181305097));
#7273=CARTESIAN_POINT('',(6644.70697160013,-16439.9820805263,0.));
#7274=CARTESIAN_POINT('',(6644.70697160013,-16439.9820805263,-1333.72294315102));
#7275=CARTESIAN_POINT('Origin',(5478.28786975137,-13623.9972654319,-1333.72294315102));
#7276=CARTESIAN_POINT('',(6644.70697160013,-16439.9820805263,-1524.));
#7277=CARTESIAN_POINT('',(6644.70697160013,-16439.9820805263,0.));
#7278=CARTESIAN_POINT('',(7150.24342867544,-17660.4550514717,-1524.));
#7279=CARTESIAN_POINT('',(7111.27461233963,-17566.3760065641,-1524.));
#7280=CARTESIAN_POINT('',(7150.24342867544,-17660.4550514717,0.));
#7281=CARTESIAN_POINT('',(7150.24342867544,-17660.4550514717,0.));
#7282=CARTESIAN_POINT('',(7150.24342867544,-17660.4550514717,0.));
#7283=CARTESIAN_POINT('Origin',(7150.24342867544,-17660.4550514717,0.));
#7284=CARTESIAN_POINT('',(7431.84191018487,-17543.8131412868,0.));
#7285=CARTESIAN_POINT('Origin',(7038.2744408925,-16991.8976109066,-1524.));
#7286=CARTESIAN_POINT('',(7431.84191018487,-17543.8131412868,-1524.));
#7287=CARTESIAN_POINT('',(6926.30545310957,-16323.3401703415,-1524.));
#7288=CARTESIAN_POINT('Origin',(7431.84191018487,-17543.8131412868,0.));
#7289=CARTESIAN_POINT('Origin',(6644.70697160013,-16439.9820805263,0.));
#7290=CARTESIAN_POINT('',(6785.50621235485,-16381.6611254339,-1333.72294315102));
#7291=CARTESIAN_POINT('Origin',(5619.0871105061,-13565.6763103395,-1333.72294315102));
#7292=CARTESIAN_POINT('',(6410.61718206731,-15476.5989441288,905.062181305098));
#7293=CARTESIAN_POINT('Origin',(6926.30545310957,-16323.3401703415,0.));
#7294=CARTESIAN_POINT('',(2696.96189884974,-6311.92179755921,10040.5788503285));
#7295=CARTESIAN_POINT('Origin',(1747.12581297628,-4018.81463701203,7354.03670098111));
#7296=CARTESIAN_POINT('Origin',(-1606.32657222137,-4077.13559210454,7354.03670098111));
#7297=CARTESIAN_POINT('',(-1535.9269518441,-4106.29606965073,11011.6367009811));
#7298=CARTESIAN_POINT('',(-2485.76303771759,-6399.4032301979,10040.5788503285));
#7299=CARTESIAN_POINT('Origin',(-1535.92695184416,-4106.2960696507,7354.03670098111));
#7300=CARTESIAN_POINT('',(-2767.36151922703,-6282.76132001301,10040.5788503285));
#7301=CARTESIAN_POINT('',(-2556.1626580949,-6370.24275265169,10040.5788503285));
#7302=CARTESIAN_POINT('',(-1817.52543335355,-3989.65415946584,11011.6367009811));
#7303=CARTESIAN_POINT('Origin',(-1817.52543335352,-3989.65415946585,7354.03670098111));
#7304=CARTESIAN_POINT('',(-1606.32657222137,-4077.13559210454,11011.6367009811));
#7305=CARTESIAN_POINT('Origin',(-6644.70697160009,-16439.9820805264,0.));
#7306=CARTESIAN_POINT('',(-6269.81794131254,-15534.9198992213,905.062181305097));
#7307=CARTESIAN_POINT('',(-6644.70697160009,-16439.9820805264,0.));
#7308=CARTESIAN_POINT('',(-6551.41642282198,-15418.2779890364,905.062181305097));
#7309=CARTESIAN_POINT('',(-6410.61718206724,-15476.5989441288,905.062181305098));
#7310=CARTESIAN_POINT('',(-6926.30545310953,-16323.3401703415,0.));
#7311=CARTESIAN_POINT('Origin',(-5619.08711050597,-13565.6763103395,-1333.72294315102));
#7312=CARTESIAN_POINT('',(-6644.70697160009,-16439.9820805264,-1333.72294315102));
#7313=CARTESIAN_POINT('Origin',(-5478.28786975126,-13623.997265432,-1333.72294315102));
#7314=CARTESIAN_POINT('',(-6926.30545310953,-16323.3401703415,-1333.72294315102));
#7315=CARTESIAN_POINT('',(-6785.5062123548,-16381.6611254339,-1333.72294315102));
#7316=CARTESIAN_POINT('Origin',(-5759.88635126069,-13507.3553552471,-1333.72294315102));
#7317=CARTESIAN_POINT('Origin',(-6926.30545310953,-16323.3401703415,0.));
#7318=CARTESIAN_POINT('',(-6644.70697160009,-16439.9820805264,-1524.));
#7319=CARTESIAN_POINT('',(-6644.70697160009,-16439.9820805264,0.));
#7320=CARTESIAN_POINT('',(-6926.30545310953,-16323.3401703415,-1524.));
#7321=CARTESIAN_POINT('',(-6644.70697160009,-16439.9820805264,-1524.));
#7322=CARTESIAN_POINT('',(-6926.30545310953,-16323.3401703415,0.));
#7323=CARTESIAN_POINT('Origin',(-7150.24342867545,-17660.4550514717,0.));
#7324=CARTESIAN_POINT('',(-7150.24342867545,-17660.4550514717,0.));
#7325=CARTESIAN_POINT('',(-7431.84191018488,-17543.8131412868,0.));
#7326=CARTESIAN_POINT('',(-7150.24342867545,-17660.4550514717,0.));
#7327=CARTESIAN_POINT('',(-7431.84191018488,-17543.8131412868,-1524.));
#7328=CARTESIAN_POINT('',(-7431.84191018488,-17543.8131412868,0.));
#7329=CARTESIAN_POINT('',(-7150.24342867545,-17660.4550514717,-1524.));
#7330=CARTESIAN_POINT('',(-7150.24342867545,-17660.4550514717,-1524.));
#7331=CARTESIAN_POINT('',(-7150.24342867545,-17660.4550514717,0.));
#7332=CARTESIAN_POINT('Origin',(-7038.27444089248,-16991.8976109066,-1524.));
#7333=CARTESIAN_POINT('',(-7150.24342867545,-17660.4550514717,-1524.));
#7334=CARTESIAN_POINT('',(-7392.87309384905,-17449.7340963792,-1524.));
#7335=CARTESIAN_POINT('Origin',(-7431.84191018488,-17543.8131412868,0.));
#7336=CARTESIAN_POINT('',(-2336.56957558112,-6039.21835049055,11621.2367009811));
#7337=CARTESIAN_POINT('',(-7150.24342867545,-17660.4550514717,0.));
#7338=CARTESIAN_POINT('',(-2618.16805709055,-5922.57644030567,11621.2367009811));
#7339=CARTESIAN_POINT('',(-2336.56957558112,-6039.21835049055,11621.2367009811));
#7340=CARTESIAN_POINT('',(-7431.84191018488,-17543.8131412868,0.));
#7341=CARTESIAN_POINT('Origin',(-2491.91576327922,-5617.77644030568,11621.2367009811));
#7342=CARTESIAN_POINT('',(-281.598481509441,-281.598481509441,11621.2367009811));
#7343=CARTESIAN_POINT('',(-281.598481509441,-281.598481509441,11621.2367009811));
#7344=CARTESIAN_POINT('',(-281.598481509441,-281.598481509441,11011.6367009811));
#7345=CARTESIAN_POINT('',(-281.598481509441,-281.598481509441,11621.2367009811));
#7346=CARTESIAN_POINT('',(-281.598481509441,-281.598481509441,11011.6367009811));
#7347=CARTESIAN_POINT('Origin',(-1245.95788163961,-3008.008416,11621.2367009811));
#7348=CARTESIAN_POINT('',(0.,-398.24039169432,11621.2367009811));
#7349=CARTESIAN_POINT('',(0.,-398.24039169432,11621.2367009811));
#7350=CARTESIAN_POINT('',(-281.598481509441,-281.598481509441,11621.2367009811));
#7351=CARTESIAN_POINT('Origin',(-2.51214793389404E-14,-398.24039169432,
11621.2367009811));
#7352=CARTESIAN_POINT('',(0.,-398.24039169432,11011.6367009811));
#7353=CARTESIAN_POINT('',(0.,-398.24039169432,11011.6367009811));
#7354=CARTESIAN_POINT('',(0.,-398.24039169432,11621.2367009811));
#7355=CARTESIAN_POINT('Origin',(-281.598481509441,-281.598481509441,11621.2367009811));
#7356=CARTESIAN_POINT('',(-281.598481509441,-281.598481509441,11011.6367009811));
#7357=CARTESIAN_POINT('Origin',(-1245.95788163961,-3008.008416,11011.6367009811));
#7358=CARTESIAN_POINT('Origin',(3084.208416,-1245.95788163961,11011.6367009811));
#7359=CARTESIAN_POINT('',(3989.65415946584,-1817.52543335354,11011.6367009811));
#7360=CARTESIAN_POINT('',(4106.29606965073,-1535.92695184411,11011.6367009811));
#7361=CARTESIAN_POINT('',(4082.71520792294,-1592.85618803976,11011.6367009811));
#7362=CARTESIAN_POINT('',(281.598481509441,-281.598481509441,11011.6367009811));
#7363=CARTESIAN_POINT('',(281.598481509441,-281.598481509441,11011.6367009811));
#7364=CARTESIAN_POINT('',(398.24039169432,-7.105427357601E-14,11011.6367009811));
#7365=CARTESIAN_POINT('',(281.598481509441,-281.598481509441,11011.6367009811));
#7366=CARTESIAN_POINT('',(398.24039169432,-1.06581410364015E-13,11011.6367009811));
#7367=CARTESIAN_POINT('Origin',(281.598481509441,-281.598481509441,11621.2367009811));
#7368=CARTESIAN_POINT('',(281.598481509441,-281.598481509441,11621.2367009811));
#7369=CARTESIAN_POINT('',(398.24039169432,-7.105427357601E-14,11621.2367009811));
#7370=CARTESIAN_POINT('',(281.598481509441,-281.598481509441,11621.2367009811));
#7371=CARTESIAN_POINT('',(398.24039169432,-7.105427357601E-14,11621.2367009811));
#7372=CARTESIAN_POINT('',(281.598481509441,-281.598481509441,11621.2367009811));
#7373=CARTESIAN_POINT('Origin',(398.24039169432,-1.06581410364015E-13,11621.2367009811));
#7374=CARTESIAN_POINT('',(6039.21835049055,-2336.56957558111,11621.2367009811));
#7375=CARTESIAN_POINT('',(398.24039169432,-1.06581410364015E-13,11621.2367009811));
#7376=CARTESIAN_POINT('',(17660.4550514717,-7150.24342867544,0.));
#7377=CARTESIAN_POINT('',(17660.4550514717,-7150.24342867544,0.));
#7378=CARTESIAN_POINT('',(17660.4550514717,-7150.24342867544,-1524.));
#7379=CARTESIAN_POINT('',(17660.4550514717,-7150.24342867544,0.));
#7380=CARTESIAN_POINT('',(16439.9820805264,-6644.70697160008,-1524.));
#7381=CARTESIAN_POINT('',(17660.4550514717,-7150.24342867544,-1524.));
#7382=CARTESIAN_POINT('',(16439.9820805264,-6644.70697160008,-1333.72294315102));
#7383=CARTESIAN_POINT('',(16439.9820805264,-6644.70697160008,0.));
#7384=CARTESIAN_POINT('',(15534.9198992213,-6269.81794131253,905.062181305097));
#7385=CARTESIAN_POINT('Origin',(13623.997265432,-5478.28786975126,-1333.72294315102));
#7386=CARTESIAN_POINT('',(6399.4032301979,-2485.76303771759,10040.5788503285));
#7387=CARTESIAN_POINT('',(16439.9820805264,-6644.70697160008,0.));
#7388=CARTESIAN_POINT('Origin',(4106.29606965071,-1535.92695184416,7354.03670098111));
#7389=CARTESIAN_POINT('Origin',(3084.208416,-1245.95788163961,11621.2367009811));
#7390=CARTESIAN_POINT('',(5922.57644030567,-2618.16805709055,11621.2367009811));
#7391=CARTESIAN_POINT('',(281.598481509441,-281.598481509441,11621.2367009811));
#7392=CARTESIAN_POINT('',(6039.21835049055,-2336.56957558112,11621.2367009811));
#7393=CARTESIAN_POINT('Origin',(5617.77644030568,-2491.91576327922,11621.2367009811));
#7394=CARTESIAN_POINT('',(6282.76132001302,-2767.36151922703,10040.5788503285));
#7395=CARTESIAN_POINT('Origin',(3989.65415946585,-1817.52543335352,7354.03670098111));
#7396=CARTESIAN_POINT('',(15418.2779890364,-6551.41642282197,905.062181305097));
#7397=CARTESIAN_POINT('',(16323.3401703415,-6926.30545310952,0.));
#7398=CARTESIAN_POINT('',(16323.3401703415,-6926.30545310952,-1333.72294315102));
#7399=CARTESIAN_POINT('Origin',(13507.3553552471,-5759.88635126068,-1333.72294315102));
#7400=CARTESIAN_POINT('',(16323.3401703415,-6926.30545310952,-1524.));
#7401=CARTESIAN_POINT('',(16323.3401703415,-6926.30545310952,0.));
#7402=CARTESIAN_POINT('',(17543.8131412868,-7431.84191018487,-1524.));
#7403=CARTESIAN_POINT('',(17449.7340963792,-7392.87309384905,-1524.));
#7404=CARTESIAN_POINT('',(17543.8131412868,-7431.84191018487,0.));
#7405=CARTESIAN_POINT('',(17543.8131412868,-7431.84191018487,0.));
#7406=CARTESIAN_POINT('',(17543.8131412868,-7431.84191018487,0.));
#7407=CARTESIAN_POINT('Origin',(17543.8131412868,-7431.84191018487,0.));
#7408=CARTESIAN_POINT('',(17660.4550514717,-7150.24342867544,0.));
#7409=CARTESIAN_POINT('Origin',(16991.8976109066,-7038.27444089248,-1524.));
#7410=CARTESIAN_POINT('',(17660.4550514717,-7150.24342867544,-1524.));
#7411=CARTESIAN_POINT('',(16439.9820805264,-6644.70697160008,-1524.));
#7412=CARTESIAN_POINT('Origin',(17660.4550514717,-7150.24342867544,0.));
#7413=CARTESIAN_POINT('Origin',(16323.3401703415,-6926.30545310952,0.));
#7414=CARTESIAN_POINT('',(16381.6611254339,-6785.5062123548,-1333.72294315102));
#7415=CARTESIAN_POINT('Origin',(13565.6763103395,-5619.08711050596,-1333.72294315102));
#7416=CARTESIAN_POINT('',(15476.5989441288,-6410.61718206724,905.062181305098));
#7417=CARTESIAN_POINT('Origin',(16439.9820805264,-6644.70697160008,0.));
#7418=CARTESIAN_POINT('',(6375.8223684701,-2542.69227391329,10040.5788503285));
#7419=CARTESIAN_POINT('Origin',(4082.71520792294,-1592.85618803976,7354.03670098111));
#7420=CARTESIAN_POINT('Origin',(5617.77644030568,-2491.91576327922,11621.2367009811));
#7421=CARTESIAN_POINT('',(2491.91576327922,-5617.77644030567,11621.2367009811));
#7422=CARTESIAN_POINT('',(5617.77644030568,-2491.91576327922,11621.2367009811));
#7423=CARTESIAN_POINT('',(2375.27385309434,-5734.41835049055,11621.2367009811));
#7424=CARTESIAN_POINT('',(2491.91576327922,-5617.77644030567,11545.0367009811));
#7425=CARTESIAN_POINT('',(2491.91576327922,-5617.77644030567,11621.2367009811));
#7426=CARTESIAN_POINT('',(5617.77644030568,-2491.91576327922,11545.0367009811));
#7427=CARTESIAN_POINT('',(2375.27385309434,-5734.41835049055,11545.0367009811));
#7428=CARTESIAN_POINT('',(5617.77644030568,-2491.91576327922,11621.2367009811));
#7429=CARTESIAN_POINT('Origin',(281.598481509441,-281.598481509441,11621.2367009811));
#7430=CARTESIAN_POINT('',(281.598481509441,-281.598481509441,11621.2367009811));
#7431=CARTESIAN_POINT('',(281.598481509441,-281.598481509441,11621.2367009811));
#7432=CARTESIAN_POINT('',(281.598481509441,-281.598481509441,11545.0367009811));
#7433=CARTESIAN_POINT('',(281.598481509441,-281.598481509441,11545.0367009811));
#7434=CARTESIAN_POINT('',(281.598481509441,-281.598481509441,11621.2367009811));
#7435=CARTESIAN_POINT('Origin',(2491.91576327922,-5617.77644030567,11621.2367009811));
#7436=CARTESIAN_POINT('',(281.598481509441,-281.598481509441,11621.2367009811));
#7437=CARTESIAN_POINT('',(281.598481509441,-281.598481509441,11545.0367009811));
#7438=CARTESIAN_POINT('Origin',(2949.68746090756,-2949.68746090756,11621.2367009811));
#7439=CARTESIAN_POINT('Origin',(2949.68746090756,-2949.68746090756,11545.0367009811));
#7440=CARTESIAN_POINT('Origin',(2210.31728176978,-5734.41835049055,11621.2367009811));
#7441=CARTESIAN_POINT('',(-2210.31728176978,-5734.41835049056,11621.2367009811));
#7442=CARTESIAN_POINT('',(2210.31728176978,-5734.41835049055,11621.2367009811));
#7443=CARTESIAN_POINT('',(-2375.27385309434,-5734.41835049056,11621.2367009811));
#7444=CARTESIAN_POINT('',(-2210.31728176978,-5734.41835049056,11545.0367009811));
#7445=CARTESIAN_POINT('',(-2210.31728176978,-5734.41835049056,11621.2367009811));
#7446=CARTESIAN_POINT('',(2210.31728176978,-5734.41835049055,11545.0367009811));
#7447=CARTESIAN_POINT('',(-2375.27385309434,-5734.41835049056,11545.0367009811));
#7448=CARTESIAN_POINT('',(2210.31728176978,-5734.41835049055,11621.2367009811));
#7449=CARTESIAN_POINT('Origin',(1.75691944611475E-14,-398.24039169432,11621.2367009811));
#7450=CARTESIAN_POINT('',(0.,-398.24039169432,11621.2367009811));
#7451=CARTESIAN_POINT('',(1.75691944611475E-14,-398.24039169432,11621.2367009811));
#7452=CARTESIAN_POINT('',(0.,-398.24039169432,11545.0367009811));
#7453=CARTESIAN_POINT('',(1.75691944611475E-14,-398.24039169432,11545.0367009811));
#7454=CARTESIAN_POINT('',(0.,-398.24039169432,11621.2367009811));
#7455=CARTESIAN_POINT('Origin',(-2210.31728176978,-5734.41835049055,11621.2367009811));
#7456=CARTESIAN_POINT('',(0.,-398.24039169432,11621.2367009811));
#7457=CARTESIAN_POINT('',(0.,-398.24039169432,11545.0367009811));
#7458=CARTESIAN_POINT('Origin',(1.4210854715202E-12,-3066.32937109244,11621.2367009811));
#7459=CARTESIAN_POINT('Origin',(1.4210854715202E-12,-3066.32937109244,11545.0367009811));
#7460=CARTESIAN_POINT('Origin',(-2491.91576327923,-5617.77644030568,11621.2367009811));
#7461=CARTESIAN_POINT('',(-5617.77644030568,-2491.91576327922,11621.2367009811));
#7462=CARTESIAN_POINT('',(-2491.91576327923,-5617.77644030568,11621.2367009811));
#7463=CARTESIAN_POINT('',(-5734.41835049056,-2375.27385309434,11621.2367009811));
#7464=CARTESIAN_POINT('',(-5617.77644030568,-2491.91576327922,11545.0367009811));
#7465=CARTESIAN_POINT('',(-5617.77644030568,-2491.91576327922,11621.2367009811));
#7466=CARTESIAN_POINT('',(-2491.91576327923,-5617.77644030568,11545.0367009811));
#7467=CARTESIAN_POINT('',(-5734.41835049056,-2375.27385309434,11545.0367009811));
#7468=CARTESIAN_POINT('',(-2491.91576327923,-5617.77644030568,11621.2367009811));
#7469=CARTESIAN_POINT('Origin',(-281.598481509441,-281.598481509441,11621.2367009811));
#7470=CARTESIAN_POINT('',(-281.598481509441,-281.598481509441,11621.2367009811));
#7471=CARTESIAN_POINT('',(-281.598481509441,-281.598481509441,11621.2367009811));
#7472=CARTESIAN_POINT('',(-281.598481509441,-281.598481509441,11545.0367009811));
#7473=CARTESIAN_POINT('',(-281.598481509441,-281.598481509441,11545.0367009811));
#7474=CARTESIAN_POINT('',(-281.598481509441,-281.598481509441,11621.2367009811));
#7475=CARTESIAN_POINT('Origin',(-5617.77644030567,-2491.91576327922,11621.2367009811));
#7476=CARTESIAN_POINT('',(-281.598481509441,-281.598481509441,11621.2367009811));
#7477=CARTESIAN_POINT('',(-281.598481509441,-281.598481509441,11545.0367009811));
#7478=CARTESIAN_POINT('Origin',(-2949.68746090756,-2949.68746090756,11621.2367009811));
#7479=CARTESIAN_POINT('Origin',(-2949.68746090756,-2949.68746090756,11545.0367009811));
#7480=CARTESIAN_POINT('Origin',(-4024.39425283042,1733.65542879468,7354.03670098111));
#7481=CARTESIAN_POINT('',(-3989.65415946585,1817.52543335355,11011.6367009811));
#7482=CARTESIAN_POINT('',(-6282.76132001301,2767.36151922706,10040.5788503285));
#7483=CARTESIAN_POINT('Origin',(-3989.65415946587,1817.52543335349,7354.03670098111));
#7484=CARTESIAN_POINT('',(-4106.29606965073,1535.92695184411,11011.6367009811));
#7485=CARTESIAN_POINT('',(-4024.39425283042,1733.65542879468,11011.6367009811));
#7486=CARTESIAN_POINT('',(-6399.40323019789,2485.76303771761,10040.5788503285));
#7487=CARTESIAN_POINT('Origin',(-4106.29606965071,1535.92695184413,7354.03670098111));
#7488=CARTESIAN_POINT('',(-6317.50141337761,2683.49151466814,10040.5788503285));
#7489=CARTESIAN_POINT('Origin',(-16323.3401703415,6926.30545310957,0.));
#7490=CARTESIAN_POINT('',(-15534.9198992212,6269.81794131258,905.062181305097));
#7491=CARTESIAN_POINT('',(-16439.9820805263,6644.70697160012,0.));
#7492=CARTESIAN_POINT('',(-15418.2779890364,6551.41642282202,905.062181305097));
#7493=CARTESIAN_POINT('',(-15476.5989441288,6410.61718206731,905.062181305098));
#7494=CARTESIAN_POINT('',(-16323.3401703415,6926.30545310957,0.));
#7495=CARTESIAN_POINT('Origin',(-13565.6763103395,5619.0871105061,-1333.72294315102));
#7496=CARTESIAN_POINT('',(-16323.3401703415,6926.30545310957,-1333.72294315102));
#7497=CARTESIAN_POINT('Origin',(-13507.355355247,5759.88635126081,-1333.72294315102));
#7498=CARTESIAN_POINT('',(-16439.9820805263,6644.70697160012,-1333.72294315102));
#7499=CARTESIAN_POINT('Origin',(-13623.9972654319,5478.28786975137,-1333.72294315102));
#7500=CARTESIAN_POINT('',(-16381.6611254339,6785.50621235485,-1333.72294315102));
#7501=CARTESIAN_POINT('Origin',(-16439.9820805263,6644.70697160012,0.));
#7502=CARTESIAN_POINT('',(-16439.9820805263,6644.70697160012,-1524.));
#7503=CARTESIAN_POINT('',(-16439.9820805263,6644.70697160012,0.));
#7504=CARTESIAN_POINT('',(-16323.3401703415,6926.30545310957,-1524.));
#7505=CARTESIAN_POINT('',(-16323.3401703415,6926.30545310957,-1524.));
#7506=CARTESIAN_POINT('',(-16323.3401703415,6926.30545310957,0.));
#7507=CARTESIAN_POINT('Origin',(-17543.8131412868,7431.84191018487,0.));
#7508=CARTESIAN_POINT('',(-17543.8131412868,7431.84191018487,0.));
#7509=CARTESIAN_POINT('',(-17660.4550514717,7150.24342867544,0.));
#7510=CARTESIAN_POINT('',(-17543.8131412868,7431.84191018487,0.));
#7511=CARTESIAN_POINT('',(-17543.8131412868,7431.84191018487,-1524.));
#7512=CARTESIAN_POINT('',(-17543.8131412868,7431.84191018487,0.));
#7513=CARTESIAN_POINT('',(-17660.4550514717,7150.24342867544,-1524.));
#7514=CARTESIAN_POINT('',(-17543.8131412868,7431.84191018487,-1524.));
#7515=CARTESIAN_POINT('',(-17660.4550514717,7150.24342867544,0.));
#7516=CARTESIAN_POINT('Origin',(-16991.8976109066,7038.2744408925,-1524.));
#7517=CARTESIAN_POINT('',(-17543.8131412868,7431.84191018487,-1524.));
#7518=CARTESIAN_POINT('',(-17566.3760065641,7111.27461233963,-1524.));
#7519=CARTESIAN_POINT('Origin',(-17660.4550514717,7150.24342867544,0.));
#7520=CARTESIAN_POINT('',(-6039.21835049056,2336.56957558109,11621.2367009811));
#7521=CARTESIAN_POINT('',(-17660.4550514717,7150.24342867544,0.));
#7522=CARTESIAN_POINT('',(-5922.57644030568,2618.16805709052,11621.2367009811));
#7523=CARTESIAN_POINT('',(-5922.57644030568,2618.16805709052,11621.2367009811));
#7524=CARTESIAN_POINT('',(-17543.8131412868,7431.84191018487,0.));
#7525=CARTESIAN_POINT('Origin',(-5886.81835049056,2273.44342867544,11621.2367009811));
#7526=CARTESIAN_POINT('',(-398.24039169432,-7.08579359778076E-14,11621.2367009811));
#7527=CARTESIAN_POINT('',(-398.24039169432,-7.08579359778076E-14,11621.2367009811));
#7528=CARTESIAN_POINT('',(-398.24039169432,-7.08579359778076E-14,11011.6367009811));
#7529=CARTESIAN_POINT('',(-398.24039169432,-7.08579359778076E-14,11011.6367009811));
#7530=CARTESIAN_POINT('',(-398.24039169432,-7.08579359778076E-14,11621.2367009811));
#7531=CARTESIAN_POINT('Origin',(-3084.208416,1245.95788163961,11621.2367009811));
#7532=CARTESIAN_POINT('',(-281.598481509441,281.598481509441,11621.2367009811));
#7533=CARTESIAN_POINT('',(-281.598481509441,281.598481509441,11621.2367009811));
#7534=CARTESIAN_POINT('',(-398.24039169432,-7.08579359778076E-14,11621.2367009811));
#7535=CARTESIAN_POINT('Origin',(-281.598481509441,281.598481509441,11621.2367009811));
#7536=CARTESIAN_POINT('',(-281.598481509441,281.598481509441,11011.6367009811));
#7537=CARTESIAN_POINT('',(-281.598481509441,281.598481509441,11011.6367009811));
#7538=CARTESIAN_POINT('',(-281.598481509441,281.598481509441,11621.2367009811));
#7539=CARTESIAN_POINT('Origin',(-398.24039169432,-7.08579359778076E-14,
11621.2367009811));
#7540=CARTESIAN_POINT('',(-398.24039169432,-7.08579359778076E-14,11011.6367009811));
#7541=CARTESIAN_POINT('Origin',(-3084.208416,1245.95788163961,11011.6367009811));
#7542=CARTESIAN_POINT('Origin',(1245.95788163961,3008.008416,11011.6367009811));
#7543=CARTESIAN_POINT('',(1535.92695184411,4106.29606965072,11011.6367009811));
#7544=CARTESIAN_POINT('',(1817.52543335355,3989.65415946585,11011.6367009811));
#7545=CARTESIAN_POINT('',(1747.12581297628,4018.81463701203,11011.6367009811));
#7546=CARTESIAN_POINT('',(281.598481509441,281.598481509441,11011.6367009811));
#7547=CARTESIAN_POINT('',(281.598481509441,281.598481509441,11011.6367009811));
#7548=CARTESIAN_POINT('',(0.,398.24039169432,11011.6367009811));
#7549=CARTESIAN_POINT('',(0.,398.24039169432,11011.6367009811));
#7550=CARTESIAN_POINT('',(1.75691944611475E-14,398.24039169432,11011.6367009811));
#7551=CARTESIAN_POINT('Origin',(0.,398.24039169432,11621.2367009811));
#7552=CARTESIAN_POINT('',(0.,398.24039169432,11621.2367009811));
#7553=CARTESIAN_POINT('',(281.598481509441,281.598481509441,11621.2367009811));
#7554=CARTESIAN_POINT('',(0.,398.24039169432,11621.2367009811));
#7555=CARTESIAN_POINT('',(0.,398.24039169432,11621.2367009811));
#7556=CARTESIAN_POINT('',(281.598481509441,281.598481509441,11621.2367009811));
#7557=CARTESIAN_POINT('Origin',(281.598481509441,281.598481509441,11621.2367009811));
#7558=CARTESIAN_POINT('',(2767.36151922705,6282.76132001301,10040.5788503285));
#7559=CARTESIAN_POINT('Origin',(1817.52543335349,3989.65415946587,7354.03670098111));
#7560=CARTESIAN_POINT('',(6551.41642282202,15418.2779890364,905.062181305097));
#7561=CARTESIAN_POINT('',(6926.30545310957,16323.3401703415,0.));
#7562=CARTESIAN_POINT('',(6926.30545310957,16323.3401703415,-1333.72294315102));
#7563=CARTESIAN_POINT('Origin',(5759.88635126081,13507.355355247,-1333.72294315102));
#7564=CARTESIAN_POINT('',(6926.30545310957,16323.3401703415,-1524.));
#7565=CARTESIAN_POINT('',(6926.30545310957,16323.3401703415,0.));
#7566=CARTESIAN_POINT('',(7431.84191018487,17543.8131412868,-1524.));
#7567=CARTESIAN_POINT('',(7431.84191018487,17543.8131412868,-1524.));
#7568=CARTESIAN_POINT('',(7431.84191018487,17543.8131412868,0.));
#7569=CARTESIAN_POINT('',(7431.84191018487,17543.8131412868,0.));
#7570=CARTESIAN_POINT('',(2618.16805709052,5922.57644030568,11621.2367009811));
#7571=CARTESIAN_POINT('',(7431.84191018487,17543.8131412868,0.));
#7572=CARTESIAN_POINT('',(281.598481509441,281.598481509441,11621.2367009811));
#7573=CARTESIAN_POINT('Origin',(1245.95788163961,3008.008416,11621.2367009811));
#7574=CARTESIAN_POINT('',(2336.56957558109,6039.21835049056,11621.2367009811));
#7575=CARTESIAN_POINT('',(2618.16805709052,5922.57644030568,11621.2367009811));
#7576=CARTESIAN_POINT('',(1.75691944611475E-14,398.24039169432,11621.2367009811));
#7577=CARTESIAN_POINT('Origin',(2210.31728176978,5734.41835049055,11621.2367009811));
#7578=CARTESIAN_POINT('',(7150.24342867544,17660.4550514717,0.));
#7579=CARTESIAN_POINT('',(7150.24342867544,17660.4550514717,0.));
#7580=CARTESIAN_POINT('',(7150.24342867544,17660.4550514717,-1524.));
#7581=CARTESIAN_POINT('',(7150.24342867544,17660.4550514717,0.));
#7582=CARTESIAN_POINT('',(6644.70697160013,16439.9820805263,-1524.));
#7583=CARTESIAN_POINT('',(7111.27461233963,17566.3760065641,-1524.));
#7584=CARTESIAN_POINT('',(6644.70697160013,16439.9820805263,-1333.72294315102));
#7585=CARTESIAN_POINT('',(6644.70697160013,16439.9820805263,0.));
#7586=CARTESIAN_POINT('',(6269.81794131258,15534.9198992212,905.062181305097));
#7587=CARTESIAN_POINT('Origin',(5478.28786975137,13623.9972654319,-1333.72294315102));
#7588=CARTESIAN_POINT('',(2485.76303771761,6399.40323019788,10040.5788503285));
#7589=CARTESIAN_POINT('',(6644.70697160013,16439.9820805263,0.));
#7590=CARTESIAN_POINT('Origin',(1535.92695184413,4106.29606965071,7354.03670098111));
#7591=CARTESIAN_POINT('Origin',(7150.24342867544,17660.4550514717,0.));
#7592=CARTESIAN_POINT('',(7431.84191018487,17543.8131412868,0.));
#7593=CARTESIAN_POINT('Origin',(7038.2744408925,16991.8976109066,-1524.));
#7594=CARTESIAN_POINT('',(6926.30545310957,16323.3401703415,-1524.));
#7595=CARTESIAN_POINT('',(7431.84191018487,17543.8131412868,-1524.));
#7596=CARTESIAN_POINT('Origin',(7431.84191018487,17543.8131412868,0.));
#7597=CARTESIAN_POINT('Origin',(6644.70697160013,16439.9820805263,0.));
#7598=CARTESIAN_POINT('',(6785.50621235485,16381.6611254339,-1333.72294315102));
#7599=CARTESIAN_POINT('Origin',(5619.0871105061,13565.6763103395,-1333.72294315102));
#7600=CARTESIAN_POINT('',(6410.61718206731,15476.5989441288,905.062181305098));
#7601=CARTESIAN_POINT('Origin',(6926.30545310957,16323.3401703415,0.));
#7602=CARTESIAN_POINT('',(2696.96189884974,6311.92179755921,10040.5788503285));
#7603=CARTESIAN_POINT('Origin',(1747.12581297628,4018.81463701203,7354.03670098111));
#7604=CARTESIAN_POINT('Origin',(-1606.32657222137,4077.13559210454,7354.03670098111));
#7605=CARTESIAN_POINT('',(-1535.9269518441,4106.29606965073,11011.6367009811));
#7606=CARTESIAN_POINT('',(-2485.76303771759,6399.4032301979,10040.5788503285));
#7607=CARTESIAN_POINT('Origin',(-1535.92695184416,4106.2960696507,7354.03670098111));
#7608=CARTESIAN_POINT('',(-1817.52543335355,3989.65415946584,11011.6367009811));
#7609=CARTESIAN_POINT('',(-1606.32657222137,4077.13559210454,11011.6367009811));
#7610=CARTESIAN_POINT('',(-2767.36151922703,6282.76132001301,10040.5788503285));
#7611=CARTESIAN_POINT('Origin',(-1817.52543335352,3989.65415946585,7354.03670098111));
#7612=CARTESIAN_POINT('',(-2556.1626580949,6370.24275265169,10040.5788503285));
#7613=CARTESIAN_POINT('Origin',(-6644.70697160009,16439.9820805264,0.));
#7614=CARTESIAN_POINT('',(-6551.41642282198,15418.2779890364,905.062181305097));
#7615=CARTESIAN_POINT('',(-6926.30545310953,16323.3401703415,0.));
#7616=CARTESIAN_POINT('',(-6269.81794131254,15534.9198992213,905.062181305097));
#7617=CARTESIAN_POINT('',(-6410.61718206724,15476.5989441288,905.062181305098));
#7618=CARTESIAN_POINT('',(-6644.70697160009,16439.9820805264,0.));
#7619=CARTESIAN_POINT('Origin',(-5619.08711050597,13565.6763103395,-1333.72294315102));
#7620=CARTESIAN_POINT('',(-6644.70697160009,16439.9820805264,-1333.72294315102));
#7621=CARTESIAN_POINT('Origin',(-5478.28786975126,13623.997265432,-1333.72294315102));
#7622=CARTESIAN_POINT('',(-6926.30545310953,16323.3401703415,-1333.72294315102));
#7623=CARTESIAN_POINT('Origin',(-5759.88635126069,13507.3553552471,-1333.72294315102));
#7624=CARTESIAN_POINT('',(-6785.5062123548,16381.6611254339,-1333.72294315102));
#7625=CARTESIAN_POINT('Origin',(-6926.30545310953,16323.3401703415,0.));
#7626=CARTESIAN_POINT('',(-6926.30545310953,16323.3401703415,-1524.));
#7627=CARTESIAN_POINT('',(-6926.30545310953,16323.3401703415,0.));
#7628=CARTESIAN_POINT('',(-6644.70697160009,16439.9820805264,-1524.));
#7629=CARTESIAN_POINT('',(-6644.70697160009,16439.9820805264,-1524.));
#7630=CARTESIAN_POINT('',(-6644.70697160009,16439.9820805264,0.));
#7631=CARTESIAN_POINT('Origin',(-7150.24342867545,17660.4550514717,0.));
#7632=CARTESIAN_POINT('',(-7150.24342867545,17660.4550514717,0.));
#7633=CARTESIAN_POINT('',(-7431.84191018488,17543.8131412868,0.));
#7634=CARTESIAN_POINT('',(-7150.24342867545,17660.4550514717,0.));
#7635=CARTESIAN_POINT('',(-7150.24342867545,17660.4550514717,-1524.));
#7636=CARTESIAN_POINT('',(-7150.24342867545,17660.4550514717,0.));
#7637=CARTESIAN_POINT('',(-7431.84191018488,17543.8131412868,-1524.));
#7638=CARTESIAN_POINT('',(-7150.24342867545,17660.4550514717,-1524.));
#7639=CARTESIAN_POINT('',(-7431.84191018488,17543.8131412868,0.));
#7640=CARTESIAN_POINT('Origin',(-7038.27444089248,16991.8976109066,-1524.));
#7641=CARTESIAN_POINT('',(-7150.24342867545,17660.4550514717,-1524.));
#7642=CARTESIAN_POINT('',(-7392.87309384905,17449.7340963792,-1524.));
#7643=CARTESIAN_POINT('Origin',(-7431.84191018488,17543.8131412868,0.));
#7644=CARTESIAN_POINT('',(-2618.16805709055,5922.57644030567,11621.2367009811));
#7645=CARTESIAN_POINT('',(-7431.84191018488,17543.8131412868,0.));
#7646=CARTESIAN_POINT('',(-2336.56957558112,6039.21835049055,11621.2367009811));
#7647=CARTESIAN_POINT('',(-2336.56957558112,6039.21835049055,11621.2367009811));
#7648=CARTESIAN_POINT('',(-7150.24342867545,17660.4550514717,0.));
#7649=CARTESIAN_POINT('Origin',(-2491.91576327922,5617.77644030568,11621.2367009811));
#7650=CARTESIAN_POINT('',(-281.598481509441,281.598481509441,11621.2367009811));
#7651=CARTESIAN_POINT('',(-281.598481509441,281.598481509441,11621.2367009811));
#7652=CARTESIAN_POINT('',(-281.598481509441,281.598481509441,11011.6367009811));
#7653=CARTESIAN_POINT('',(-281.598481509441,281.598481509441,11011.6367009811));
#7654=CARTESIAN_POINT('',(-281.598481509441,281.598481509441,11621.2367009811));
#7655=CARTESIAN_POINT('Origin',(-1245.95788163961,3008.008416,11621.2367009811));
#7656=CARTESIAN_POINT('',(0.,398.24039169432,11621.2367009811));
#7657=CARTESIAN_POINT('',(0.,398.24039169432,11621.2367009811));
#7658=CARTESIAN_POINT('',(-281.598481509441,281.598481509441,11621.2367009811));
#7659=CARTESIAN_POINT('Origin',(-2.51214793389404E-14,398.24039169432,11621.2367009811));
#7660=CARTESIAN_POINT('',(0.,398.24039169432,11011.6367009811));
#7661=CARTESIAN_POINT('',(0.,398.24039169432,11011.6367009811));
#7662=CARTESIAN_POINT('',(0.,398.24039169432,11621.2367009811));
#7663=CARTESIAN_POINT('Origin',(-281.598481509441,281.598481509441,11621.2367009811));
#7664=CARTESIAN_POINT('',(-281.598481509441,281.598481509441,11011.6367009811));
#7665=CARTESIAN_POINT('Origin',(-1245.95788163961,3008.008416,11011.6367009811));
#7666=CARTESIAN_POINT('Origin',(3084.208416,1245.95788163961,11011.6367009811));
#7667=CARTESIAN_POINT('',(3989.65415946584,1817.52543335354,11011.6367009811));
#7668=CARTESIAN_POINT('',(4106.29606965073,1535.92695184411,11011.6367009811));
#7669=CARTESIAN_POINT('',(4082.71520792294,1592.85618803976,11011.6367009811));
#7670=CARTESIAN_POINT('',(398.24039169432,7.105427357601E-14,11011.6367009811));
#7671=CARTESIAN_POINT('',(398.24039169432,1.06581410364015E-13,11011.6367009811));
#7672=CARTESIAN_POINT('',(281.598481509441,281.598481509441,11011.6367009811));
#7673=CARTESIAN_POINT('',(281.598481509441,281.598481509441,11011.6367009811));
#7674=CARTESIAN_POINT('',(281.598481509441,281.598481509441,11011.6367009811));
#7675=CARTESIAN_POINT('Origin',(281.598481509441,281.598481509441,11621.2367009811));
#7676=CARTESIAN_POINT('',(281.598481509441,281.598481509441,11621.2367009811));
#7677=CARTESIAN_POINT('',(398.24039169432,7.105427357601E-14,11621.2367009811));
#7678=CARTESIAN_POINT('',(281.598481509441,281.598481509441,11621.2367009811));
#7679=CARTESIAN_POINT('',(281.598481509441,281.598481509441,11621.2367009811));
#7680=CARTESIAN_POINT('',(398.24039169432,7.105427357601E-14,11621.2367009811));
#7681=CARTESIAN_POINT('Origin',(398.24039169432,1.06581410364015E-13,11621.2367009811));
#7682=CARTESIAN_POINT('',(6399.4032301979,2485.76303771759,10040.5788503285));
#7683=CARTESIAN_POINT('Origin',(4106.29606965071,1535.92695184416,7354.03670098111));
#7684=CARTESIAN_POINT('',(15534.9198992213,6269.81794131253,905.062181305097));
#7685=CARTESIAN_POINT('',(16439.9820805264,6644.70697160008,0.));
#7686=CARTESIAN_POINT('',(16439.9820805264,6644.70697160008,-1333.72294315102));
#7687=CARTESIAN_POINT('Origin',(13623.997265432,5478.28786975126,-1333.72294315102));
#7688=CARTESIAN_POINT('',(16439.9820805264,6644.70697160008,-1524.));
#7689=CARTESIAN_POINT('',(16439.9820805264,6644.70697160008,0.));
#7690=CARTESIAN_POINT('',(17660.4550514717,7150.24342867544,-1524.));
#7691=CARTESIAN_POINT('',(17660.4550514717,7150.24342867544,-1524.));
#7692=CARTESIAN_POINT('',(17660.4550514717,7150.24342867544,0.));
#7693=CARTESIAN_POINT('',(17660.4550514717,7150.24342867544,0.));
#7694=CARTESIAN_POINT('',(6039.21835049055,2336.56957558111,11621.2367009811));
#7695=CARTESIAN_POINT('',(17660.4550514717,7150.24342867544,0.));
#7696=CARTESIAN_POINT('',(398.24039169432,1.06581410364015E-13,11621.2367009811));
#7697=CARTESIAN_POINT('Origin',(3084.208416,1245.95788163961,11621.2367009811));
#7698=CARTESIAN_POINT('',(5922.57644030567,2618.16805709055,11621.2367009811));
#7699=CARTESIAN_POINT('',(6039.21835049055,2336.56957558112,11621.2367009811));
#7700=CARTESIAN_POINT('',(281.598481509441,281.598481509441,11621.2367009811));
#7701=CARTESIAN_POINT('Origin',(5617.77644030568,2491.91576327922,11621.2367009811));
#7702=CARTESIAN_POINT('',(17543.8131412868,7431.84191018487,0.));
#7703=CARTESIAN_POINT('',(17543.8131412868,7431.84191018487,0.));
#7704=CARTESIAN_POINT('',(17543.8131412868,7431.84191018487,-1524.));
#7705=CARTESIAN_POINT('',(17543.8131412868,7431.84191018487,0.));
#7706=CARTESIAN_POINT('',(16323.3401703415,6926.30545310952,-1524.));
#7707=CARTESIAN_POINT('',(17449.7340963792,7392.87309384905,-1524.));
#7708=CARTESIAN_POINT('',(16323.3401703415,6926.30545310952,-1333.72294315102));
#7709=CARTESIAN_POINT('',(16323.3401703415,6926.30545310952,0.));
#7710=CARTESIAN_POINT('',(15418.2779890364,6551.41642282197,905.062181305097));
#7711=CARTESIAN_POINT('Origin',(13507.3553552471,5759.88635126068,-1333.72294315102));
#7712=CARTESIAN_POINT('',(6282.76132001302,2767.36151922703,10040.5788503285));
#7713=CARTESIAN_POINT('',(16323.3401703415,6926.30545310952,0.));
#7714=CARTESIAN_POINT('Origin',(3989.65415946585,1817.52543335352,7354.03670098111));
#7715=CARTESIAN_POINT('Origin',(17543.8131412868,7431.84191018487,0.));
#7716=CARTESIAN_POINT('',(17660.4550514717,7150.24342867544,0.));
#7717=CARTESIAN_POINT('Origin',(16991.8976109066,7038.27444089248,-1524.));
#7718=CARTESIAN_POINT('',(16439.9820805264,6644.70697160008,-1524.));
#7719=CARTESIAN_POINT('',(17660.4550514717,7150.24342867544,-1524.));
#7720=CARTESIAN_POINT('Origin',(17660.4550514717,7150.24342867544,0.));
#7721=CARTESIAN_POINT('Origin',(16323.3401703415,6926.30545310952,0.));
#7722=CARTESIAN_POINT('',(16381.6611254339,6785.5062123548,-1333.72294315102));
#7723=CARTESIAN_POINT('Origin',(13565.6763103395,5619.08711050596,-1333.72294315102));
#7724=CARTESIAN_POINT('',(15476.5989441288,6410.61718206724,905.062181305098));
#7725=CARTESIAN_POINT('Origin',(16439.9820805264,6644.70697160008,0.));
#7726=CARTESIAN_POINT('',(6375.8223684701,2542.69227391329,10040.5788503285));
#7727=CARTESIAN_POINT('Origin',(4082.71520792294,1592.85618803976,7354.03670098111));
#7728=CARTESIAN_POINT('Origin',(7.105427357601E-14,398.24039169432,11621.2367009811));
#7729=CARTESIAN_POINT('',(281.598481509441,281.598481509441,11011.6367009811));
#7730=CARTESIAN_POINT('',(7.105427357601E-14,398.24039169432,11011.6367009811));
#7731=CARTESIAN_POINT('',(70.3996203773603,369.079914148101,11011.6367009811));
#7732=CARTESIAN_POINT('',(7.105427357601E-14,398.24039169432,11621.2367009811));
#7733=CARTESIAN_POINT('',(7.105427357601E-14,398.24039169432,11621.2367009811));
#7734=CARTESIAN_POINT('',(281.598481509441,281.598481509441,11621.2367009811));
#7735=CARTESIAN_POINT('',(281.598481509441,281.598481509441,11621.2367009811));
#7736=CARTESIAN_POINT('',(281.598481509441,281.598481509441,11621.2367009811));
#7737=CARTESIAN_POINT('Origin',(-281.598481509441,281.598481509441,11621.2367009811));
#7738=CARTESIAN_POINT('',(-281.598481509441,281.598481509441,11011.6367009811));
#7739=CARTESIAN_POINT('',(-211.198861132081,310.758959055661,11011.6367009811));
#7740=CARTESIAN_POINT('',(-281.598481509441,281.598481509441,11621.2367009811));
#7741=CARTESIAN_POINT('',(-281.598481509441,281.598481509441,11621.2367009811));
#7742=CARTESIAN_POINT('',(7.105427357601E-14,398.24039169432,11621.2367009811));
#7743=CARTESIAN_POINT('Origin',(-398.24039169432,7.105427357601E-14,11621.2367009811));
#7744=CARTESIAN_POINT('',(-398.24039169432,7.08579359778076E-14,11011.6367009811));
#7745=CARTESIAN_POINT('',(-369.079914148101,70.3996203773602,11011.6367009811));
#7746=CARTESIAN_POINT('',(-398.24039169432,7.08579359778076E-14,11621.2367009811));
#7747=CARTESIAN_POINT('',(-398.24039169432,7.08579359778076E-14,11621.2367009811));
#7748=CARTESIAN_POINT('',(-281.598481509441,281.598481509441,11621.2367009811));
#7749=CARTESIAN_POINT('Origin',(-281.598481509441,-281.598481509441,11621.2367009811));
#7750=CARTESIAN_POINT('',(-281.598481509441,-281.598481509441,11011.6367009811));
#7751=CARTESIAN_POINT('',(-310.758959055661,-211.198861132081,11011.6367009811));
#7752=CARTESIAN_POINT('',(-281.598481509441,-281.598481509441,11621.2367009811));
#7753=CARTESIAN_POINT('',(-281.598481509441,-281.598481509441,11621.2367009811));
#7754=CARTESIAN_POINT('',(-398.24039169432,7.08579359778076E-14,11621.2367009811));
#7755=CARTESIAN_POINT('Origin',(0.,-398.24039169432,11621.2367009811));
#7756=CARTESIAN_POINT('',(0.,-398.24039169432,11011.6367009811));
#7757=CARTESIAN_POINT('',(-70.3996203773602,-369.079914148101,11011.6367009811));
#7758=CARTESIAN_POINT('',(0.,-398.24039169432,11621.2367009811));
#7759=CARTESIAN_POINT('',(0.,-398.24039169432,11621.2367009811));
#7760=CARTESIAN_POINT('',(-281.598481509441,-281.598481509441,11621.2367009811));
#7761=CARTESIAN_POINT('Origin',(281.598481509441,-281.598481509441,11621.2367009811));
#7762=CARTESIAN_POINT('',(281.598481509441,-281.598481509441,11011.6367009811));
#7763=CARTESIAN_POINT('',(211.198861132081,-310.758959055661,11011.6367009811));
#7764=CARTESIAN_POINT('',(281.598481509441,-281.598481509441,11621.2367009811));
#7765=CARTESIAN_POINT('',(281.598481509441,-281.598481509441,11621.2367009811));
#7766=CARTESIAN_POINT('',(0.,-398.24039169432,11621.2367009811));
#7767=CARTESIAN_POINT('Origin',(398.24039169432,-7.105427357601E-14,11621.2367009811));
#7768=CARTESIAN_POINT('',(398.24039169432,-7.105427357601E-14,11011.6367009811));
#7769=CARTESIAN_POINT('',(369.079914148101,-70.3996203773603,11011.6367009811));
#7770=CARTESIAN_POINT('',(398.24039169432,-7.105427357601E-14,11621.2367009811));
#7771=CARTESIAN_POINT('',(398.24039169432,-7.105427357601E-14,11621.2367009811));
#7772=CARTESIAN_POINT('',(281.598481509441,-281.598481509441,11621.2367009811));
#7773=CARTESIAN_POINT('Origin',(281.598481509441,281.598481509441,11621.2367009811));
#7774=CARTESIAN_POINT('',(310.758959055661,211.198861132081,11011.6367009811));
#7775=CARTESIAN_POINT('',(398.24039169432,-7.105427357601E-14,11621.2367009811));
#7776=CARTESIAN_POINT('Origin',(0.,-7.105427357601E-14,11621.2367009811));
#7777=CARTESIAN_POINT('Origin',(0.,-3.5527136788005E-14,11011.6367009811));
#7778=CARTESIAN_POINT('',(0.,0.,0.));
#7779=UNCERTAINTY_MEASURE_WITH_UNIT(LENGTH_MEASURE(0.01),#7785,
'DISTANCE_ACCURACY_VALUE',
'Maximum model space distance between geometric entities at asserted c
onnectivities');
#7780=UNCERTAINTY_MEASURE_WITH_UNIT(LENGTH_MEASURE(0.01),#7785,
'DISTANCE_ACCURACY_VALUE',
'Maximum model space distance between geometric entities at asserted c
onnectivities');
#7781=UNCERTAINTY_MEASURE_WITH_UNIT(LENGTH_MEASURE(0.01),#7785,
'DISTANCE_ACCURACY_VALUE',
'Maximum model space distance between geometric entities at asserted c
onnectivities');
#7782=(
GEOMETRIC_REPRESENTATION_CONTEXT(3)
GLOBAL_UNCERTAINTY_ASSIGNED_CONTEXT((#7779))
GLOBAL_UNIT_ASSIGNED_CONTEXT((#7785,#7787,#7788))
REPRESENTATION_CONTEXT('','3D')
);
#7783=(
GEOMETRIC_REPRESENTATION_CONTEXT(3)
GLOBAL_UNCERTAINTY_ASSIGNED_CONTEXT((#7780))
GLOBAL_UNIT_ASSIGNED_CONTEXT((#7785,#7787,#7788))
REPRESENTATION_CONTEXT('','3D')
);
#7784=(
GEOMETRIC_REPRESENTATION_CONTEXT(3)
GLOBAL_UNCERTAINTY_ASSIGNED_CONTEXT((#7781))
GLOBAL_UNIT_ASSIGNED_CONTEXT((#7785,#7787,#7788))
REPRESENTATION_CONTEXT('','3D')
);
#7785=(
LENGTH_UNIT()
NAMED_UNIT(*)
SI_UNIT(.MILLI.,.METRE.)
);
#7786=(
LENGTH_UNIT()
NAMED_UNIT(*)
SI_UNIT($,.METRE.)
);
#7787=(
NAMED_UNIT(*)
PLANE_ANGLE_UNIT()
SI_UNIT($,.RADIAN.)
);
#7788=(
NAMED_UNIT(*)
SI_UNIT($,.STERADIAN.)
SOLID_ANGLE_UNIT()
);
#7789=SHAPE_DEFINITION_REPRESENTATION(#7791,#7794);
#7790=SHAPE_DEFINITION_REPRESENTATION(#7792,#7795);
#7791=PRODUCT_DEFINITION_SHAPE('',$,#7797);
#7792=PRODUCT_DEFINITION_SHAPE('',$,#7798);
#7793=PRODUCT_DEFINITION_SHAPE($,$,#14);
#7794=SHAPE_REPRESENTATION('',(#4859,#5182),#7782);
#7795=SHAPE_REPRESENTATION('',(#4860),#7783);
#7796=PRODUCT_DEFINITION_CONTEXT('part definition',#7804,'design');
#7797=PRODUCT_DEFINITION('Octagon Full','Octagon Full',#7799,#7796);
#7798=PRODUCT_DEFINITION('Left Slope','Left Slope',#7800,#7796);
#7799=PRODUCT_DEFINITION_FORMATION('',$,#7806);
#7800=PRODUCT_DEFINITION_FORMATION('',$,#7807);
#7801=PRODUCT_RELATED_PRODUCT_CATEGORY('Octagon Full','Octagon Full',(#7806));
#7802=PRODUCT_RELATED_PRODUCT_CATEGORY('Left Slope','Left Slope',(#7807));
#7803=APPLICATION_PROTOCOL_DEFINITION('international standard',
'automotive_design',2009,#7804);
#7804=APPLICATION_CONTEXT(
'Core Data for Automotive Mechanical Design Process');
#7805=PRODUCT_CONTEXT('part definition',#7804,'mechanical');
#7806=PRODUCT('Octagon Full','Octagon Full',$,(#7805));
#7807=PRODUCT('Left Slope','Left Slope',$,(#7805));
#7808=PRESENTATION_STYLE_ASSIGNMENT((#7814));
#7809=PRESENTATION_STYLE_ASSIGNMENT((#7815));
#7810=PRESENTATION_STYLE_ASSIGNMENT((#7816));
#7811=PRESENTATION_STYLE_ASSIGNMENT((#7817));
#7812=PRESENTATION_STYLE_ASSIGNMENT((#7818));
#7813=PRESENTATION_STYLE_ASSIGNMENT((#7819));
#7814=SURFACE_STYLE_USAGE(.BOTH.,#7820);
#7815=SURFACE_STYLE_USAGE(.BOTH.,#7821);
#7816=SURFACE_STYLE_USAGE(.BOTH.,#7822);
#7817=SURFACE_STYLE_USAGE(.BOTH.,#7823);
#7818=SURFACE_STYLE_USAGE(.BOTH.,#7824);
#7819=SURFACE_STYLE_USAGE(.BOTH.,#7825);
#7820=SURFACE_SIDE_STYLE('',(#7826));
#7821=SURFACE_SIDE_STYLE('',(#7827));
#7822=SURFACE_SIDE_STYLE('',(#7828));
#7823=SURFACE_SIDE_STYLE('',(#7829));
#7824=SURFACE_SIDE_STYLE('',(#7830));
#7825=SURFACE_SIDE_STYLE('',(#7831));
#7826=SURFACE_STYLE_FILL_AREA(#7832);
#7827=SURFACE_STYLE_FILL_AREA(#7833);
#7828=SURFACE_STYLE_FILL_AREA(#7834);
#7829=SURFACE_STYLE_FILL_AREA(#7835);
#7830=SURFACE_STYLE_FILL_AREA(#7836);
#7831=SURFACE_STYLE_FILL_AREA(#7837);
#7832=FILL_AREA_STYLE('Steel - Satin',(#7838));
#7833=FILL_AREA_STYLE('Radial Beams',(#7839));
#7834=FILL_AREA_STYLE('Panels',(#7840));
#7835=FILL_AREA_STYLE('Verrtical Beams',(#7841));
#7836=FILL_AREA_STYLE('Center Roof',(#7842));
#7837=FILL_AREA_STYLE('Center',(#7843));
#7838=FILL_AREA_STYLE_COLOUR('Steel - Satin',#7844);
#7839=FILL_AREA_STYLE_COLOUR('Radial Beams',#7845);
#7840=FILL_AREA_STYLE_COLOUR('Panels',#7846);
#7841=FILL_AREA_STYLE_COLOUR('Verrtical Beams',#7847);
#7842=FILL_AREA_STYLE_COLOUR('Center Roof',#7848);
#7843=FILL_AREA_STYLE_COLOUR('Center',#7849);
#7844=COLOUR_RGB('Steel - Satin',0.627450980392157,0.627450980392157,0.627450980392157);
#7845=COLOUR_RGB('Radial Beams',0.337254901960784,0.768627450980392,0.149019607843137);
#7846=COLOUR_RGB('Panels',0.768627450980392,0.207843137254902,0.152941176470588);
#7847=COLOUR_RGB('Verrtical Beams',0.643137254901961,0.141176470588235,
0.768627450980392);
#7848=COLOUR_RGB('Center Roof',0.145098039215686,0.756862745098039,0.768627450980392);
#7849=COLOUR_RGB('Center',0.749019607843137,0.768627450980392,0.149019607843137);
ENDSEC;
END-ISO-10303-21;
