ISO-10303-21;
HEADER;
/* Generated by software containing ST-Developer
 * from STEP Tools, Inc. (www.steptools.com) 
 */

FILE_DESCRIPTION(
/* description */ (''),
/* implementation_level */ '2;1');

FILE_NAME(
/* name */ 'Octagon Full.step',
/* time_stamp */ '2026-04-29T14:49:44-04:00',
/* author */ (''),
/* organization */ (''),
/* preprocessor_version */ 'ST-DEVELOPER v20.1',
/* originating_system */ 'Autodesk Translation Framework v14.24.0.0',
/* authorisation */ '');

FILE_SCHEMA (('AUTOMOTIVE_DESIGN { 1 0 10303 214 3 1 1 }'));
ENDSEC;

DATA;
#10=MECHANICAL_DESIGN_GEOMETRIC_PRESENTATION_REPRESENTATION('',(#43,#44,
#45,#46,#47,#48,#49,#50,#51,#52,#53,#54,#55,#56,#57,#58,#59,#60,#61,#62,
#63),#3984);
#11=ITEM_DEFINED_TRANSFORMATION($,$,#2494,#2656);
#12=ITEM_DEFINED_TRANSFORMATION($,$,#2551,#2657);
#13=(
REPRESENTATION_RELATIONSHIP($,$,#3998,#3997)
REPRESENTATION_RELATIONSHIP_WITH_TRANSFORMATION(#11)
SHAPE_REPRESENTATION_RELATIONSHIP()
);
#14=(
REPRESENTATION_RELATIONSHIP($,$,#3999,#3997)
REPRESENTATION_RELATIONSHIP_WITH_TRANSFORMATION(#12)
SHAPE_REPRESENTATION_RELATIONSHIP()
);
#15=CONTEXT_DEPENDENT_SHAPE_REPRESENTATION(#13,#3995);
#16=CONTEXT_DEPENDENT_SHAPE_REPRESENTATION(#14,#3996);
#17=NEXT_ASSEMBLY_USAGE_OCCURRENCE('Middle Slope:1','Middle Slope:1',
'Middle Slope:1',#4001,#4002,'Middle Slope:1');
#18=NEXT_ASSEMBLY_USAGE_OCCURRENCE('Right Slope:1','Right Slope:1',
'Right Slope:1',#4001,#4003,'Right Slope:1');
#19=CYLINDRICAL_SURFACE('',#2612,3657.6);
#20=CYLINDRICAL_SURFACE('',#2615,3048.);
#21=CYLINDRICAL_SURFACE('',#2632,3048.);
#22=CYLINDRICAL_SURFACE('',#2635,3657.6);
#23=CYLINDRICAL_SURFACE('',#2645,3657.6);
#24=CYLINDRICAL_SURFACE('',#2648,3048.);
#25=CIRCLE('',#2610,3657.6);
#26=CIRCLE('',#2611,3048.);
#27=CIRCLE('',#2613,3657.6);
#28=CIRCLE('',#2616,3048.);
#29=CIRCLE('',#2626,3657.6);
#30=CIRCLE('',#2627,3048.);
#31=CIRCLE('',#2633,3048.);
#32=CIRCLE('',#2636,3657.6);
#33=CIRCLE('',#2642,3657.6);
#34=CIRCLE('',#2643,3048.);
#35=CIRCLE('',#2646,3657.6);
#36=CIRCLE('',#2649,3048.);
#37=SHAPE_REPRESENTATION_RELATIONSHIP('SRR','None',#3998,#40);
#38=SHAPE_REPRESENTATION_RELATIONSHIP('SRR','None',#3999,#41);
#39=SHAPE_REPRESENTATION_RELATIONSHIP('SRR','None',#3997,#42);
#40=ADVANCED_BREP_SHAPE_REPRESENTATION('',(#64,#65,#66,#67,#68,#69,#70,
#71,#72),#3982);
#41=ADVANCED_BREP_SHAPE_REPRESENTATION('',(#73,#74,#75,#76,#77,#78,#79,
#80,#81),#3983);
#42=ADVANCED_BREP_SHAPE_REPRESENTATION('',(#82,#83,#84),#3981);
#43=STYLED_ITEM('',(#4018),#64);
#44=STYLED_ITEM('',(#4019),#65);
#45=STYLED_ITEM('',(#4018),#66);
#46=STYLED_ITEM('',(#4019),#67);
#47=STYLED_ITEM('',(#4018),#68);
#48=STYLED_ITEM('',(#4019),#69);
#49=STYLED_ITEM('',(#4018),#70);
#50=STYLED_ITEM('',(#4019),#71);
#51=STYLED_ITEM('',(#4018),#72);
#52=STYLED_ITEM('',(#4018),#73);
#53=STYLED_ITEM('',(#4019),#74);
#54=STYLED_ITEM('',(#4018),#75);
#55=STYLED_ITEM('',(#4019),#76);
#56=STYLED_ITEM('',(#4018),#77);
#57=STYLED_ITEM('',(#4019),#78);
#58=STYLED_ITEM('',(#4018),#79);
#59=STYLED_ITEM('',(#4019),#80);
#60=STYLED_ITEM('',(#4018),#81);
#61=STYLED_ITEM('',(#4017),#82);
#62=STYLED_ITEM('',(#4017),#83);
#63=STYLED_ITEM('',(#4017),#84);
#64=MANIFOLD_SOLID_BREP('Body1',#2449);
#65=MANIFOLD_SOLID_BREP('Body2',#2450);
#66=MANIFOLD_SOLID_BREP('Body3',#2451);
#67=MANIFOLD_SOLID_BREP('Body4',#2452);
#68=MANIFOLD_SOLID_BREP('Body5',#2453);
#69=MANIFOLD_SOLID_BREP('Body6',#2454);
#70=MANIFOLD_SOLID_BREP('Body7',#2455);
#71=MANIFOLD_SOLID_BREP('Body8',#2456);
#72=MANIFOLD_SOLID_BREP('Body9',#2457);
#73=MANIFOLD_SOLID_BREP('Body1',#2458);
#74=MANIFOLD_SOLID_BREP('Body2',#2459);
#75=MANIFOLD_SOLID_BREP('Body3',#2460);
#76=MANIFOLD_SOLID_BREP('Body4',#2461);
#77=MANIFOLD_SOLID_BREP('Body5',#2462);
#78=MANIFOLD_SOLID_BREP('Body6',#2463);
#79=MANIFOLD_SOLID_BREP('Body7',#2464);
#80=MANIFOLD_SOLID_BREP('Body8',#2465);
#81=MANIFOLD_SOLID_BREP('Body9',#2466);
#82=MANIFOLD_SOLID_BREP('Body58',#2467);
#83=MANIFOLD_SOLID_BREP('Body65',#2468);
#84=MANIFOLD_SOLID_BREP('Body66',#2469);
#85=FACE_OUTER_BOUND('',#233,.T.);
#86=FACE_OUTER_BOUND('',#234,.T.);
#87=FACE_OUTER_BOUND('',#235,.T.);
#88=FACE_OUTER_BOUND('',#236,.T.);
#89=FACE_OUTER_BOUND('',#237,.T.);
#90=FACE_OUTER_BOUND('',#238,.T.);
#91=FACE_OUTER_BOUND('',#239,.T.);
#92=FACE_OUTER_BOUND('',#240,.T.);
#93=FACE_OUTER_BOUND('',#241,.T.);
#94=FACE_OUTER_BOUND('',#242,.T.);
#95=FACE_OUTER_BOUND('',#243,.T.);
#96=FACE_OUTER_BOUND('',#244,.T.);
#97=FACE_OUTER_BOUND('',#245,.T.);
#98=FACE_OUTER_BOUND('',#246,.T.);
#99=FACE_OUTER_BOUND('',#247,.T.);
#100=FACE_OUTER_BOUND('',#248,.T.);
#101=FACE_OUTER_BOUND('',#249,.T.);
#102=FACE_OUTER_BOUND('',#250,.T.);
#103=FACE_OUTER_BOUND('',#251,.T.);
#104=FACE_OUTER_BOUND('',#252,.T.);
#105=FACE_OUTER_BOUND('',#253,.T.);
#106=FACE_OUTER_BOUND('',#254,.T.);
#107=FACE_OUTER_BOUND('',#255,.T.);
#108=FACE_OUTER_BOUND('',#256,.T.);
#109=FACE_OUTER_BOUND('',#257,.T.);
#110=FACE_OUTER_BOUND('',#258,.T.);
#111=FACE_OUTER_BOUND('',#259,.T.);
#112=FACE_OUTER_BOUND('',#260,.T.);
#113=FACE_OUTER_BOUND('',#261,.T.);
#114=FACE_OUTER_BOUND('',#262,.T.);
#115=FACE_OUTER_BOUND('',#263,.T.);
#116=FACE_OUTER_BOUND('',#264,.T.);
#117=FACE_OUTER_BOUND('',#265,.T.);
#118=FACE_OUTER_BOUND('',#266,.T.);
#119=FACE_OUTER_BOUND('',#267,.T.);
#120=FACE_OUTER_BOUND('',#268,.T.);
#121=FACE_OUTER_BOUND('',#269,.T.);
#122=FACE_OUTER_BOUND('',#270,.T.);
#123=FACE_OUTER_BOUND('',#271,.T.);
#124=FACE_OUTER_BOUND('',#272,.T.);
#125=FACE_OUTER_BOUND('',#273,.T.);
#126=FACE_OUTER_BOUND('',#274,.T.);
#127=FACE_OUTER_BOUND('',#275,.T.);
#128=FACE_OUTER_BOUND('',#276,.T.);
#129=FACE_OUTER_BOUND('',#277,.T.);
#130=FACE_OUTER_BOUND('',#278,.T.);
#131=FACE_OUTER_BOUND('',#279,.T.);
#132=FACE_OUTER_BOUND('',#280,.T.);
#133=FACE_OUTER_BOUND('',#281,.T.);
#134=FACE_OUTER_BOUND('',#282,.T.);
#135=FACE_OUTER_BOUND('',#283,.T.);
#136=FACE_OUTER_BOUND('',#284,.T.);
#137=FACE_OUTER_BOUND('',#285,.T.);
#138=FACE_OUTER_BOUND('',#286,.T.);
#139=FACE_OUTER_BOUND('',#287,.T.);
#140=FACE_OUTER_BOUND('',#288,.T.);
#141=FACE_OUTER_BOUND('',#289,.T.);
#142=FACE_OUTER_BOUND('',#290,.T.);
#143=FACE_OUTER_BOUND('',#291,.T.);
#144=FACE_OUTER_BOUND('',#292,.T.);
#145=FACE_OUTER_BOUND('',#293,.T.);
#146=FACE_OUTER_BOUND('',#294,.T.);
#147=FACE_OUTER_BOUND('',#295,.T.);
#148=FACE_OUTER_BOUND('',#296,.T.);
#149=FACE_OUTER_BOUND('',#297,.T.);
#150=FACE_OUTER_BOUND('',#298,.T.);
#151=FACE_OUTER_BOUND('',#299,.T.);
#152=FACE_OUTER_BOUND('',#300,.T.);
#153=FACE_OUTER_BOUND('',#301,.T.);
#154=FACE_OUTER_BOUND('',#302,.T.);
#155=FACE_OUTER_BOUND('',#303,.T.);
#156=FACE_OUTER_BOUND('',#304,.T.);
#157=FACE_OUTER_BOUND('',#305,.T.);
#158=FACE_OUTER_BOUND('',#306,.T.);
#159=FACE_OUTER_BOUND('',#307,.T.);
#160=FACE_OUTER_BOUND('',#308,.T.);
#161=FACE_OUTER_BOUND('',#309,.T.);
#162=FACE_OUTER_BOUND('',#310,.T.);
#163=FACE_OUTER_BOUND('',#311,.T.);
#164=FACE_OUTER_BOUND('',#312,.T.);
#165=FACE_OUTER_BOUND('',#313,.T.);
#166=FACE_OUTER_BOUND('',#314,.T.);
#167=FACE_OUTER_BOUND('',#315,.T.);
#168=FACE_OUTER_BOUND('',#316,.T.);
#169=FACE_OUTER_BOUND('',#317,.T.);
#170=FACE_OUTER_BOUND('',#318,.T.);
#171=FACE_OUTER_BOUND('',#319,.T.);
#172=FACE_OUTER_BOUND('',#320,.T.);
#173=FACE_OUTER_BOUND('',#321,.T.);
#174=FACE_OUTER_BOUND('',#322,.T.);
#175=FACE_OUTER_BOUND('',#323,.T.);
#176=FACE_OUTER_BOUND('',#324,.T.);
#177=FACE_OUTER_BOUND('',#325,.T.);
#178=FACE_OUTER_BOUND('',#326,.T.);
#179=FACE_OUTER_BOUND('',#327,.T.);
#180=FACE_OUTER_BOUND('',#328,.T.);
#181=FACE_OUTER_BOUND('',#329,.T.);
#182=FACE_OUTER_BOUND('',#330,.T.);
#183=FACE_OUTER_BOUND('',#331,.T.);
#184=FACE_OUTER_BOUND('',#332,.T.);
#185=FACE_OUTER_BOUND('',#333,.T.);
#186=FACE_OUTER_BOUND('',#334,.T.);
#187=FACE_OUTER_BOUND('',#335,.T.);
#188=FACE_OUTER_BOUND('',#336,.T.);
#189=FACE_OUTER_BOUND('',#337,.T.);
#190=FACE_OUTER_BOUND('',#338,.T.);
#191=FACE_OUTER_BOUND('',#339,.T.);
#192=FACE_OUTER_BOUND('',#340,.T.);
#193=FACE_OUTER_BOUND('',#341,.T.);
#194=FACE_OUTER_BOUND('',#342,.T.);
#195=FACE_OUTER_BOUND('',#343,.T.);
#196=FACE_OUTER_BOUND('',#344,.T.);
#197=FACE_OUTER_BOUND('',#345,.T.);
#198=FACE_OUTER_BOUND('',#346,.T.);
#199=FACE_OUTER_BOUND('',#347,.T.);
#200=FACE_OUTER_BOUND('',#348,.T.);
#201=FACE_OUTER_BOUND('',#349,.T.);
#202=FACE_OUTER_BOUND('',#350,.T.);
#203=FACE_OUTER_BOUND('',#351,.T.);
#204=FACE_OUTER_BOUND('',#352,.T.);
#205=FACE_OUTER_BOUND('',#353,.T.);
#206=FACE_OUTER_BOUND('',#354,.T.);
#207=FACE_OUTER_BOUND('',#355,.T.);
#208=FACE_OUTER_BOUND('',#356,.T.);
#209=FACE_OUTER_BOUND('',#357,.T.);
#210=FACE_OUTER_BOUND('',#358,.T.);
#211=FACE_OUTER_BOUND('',#359,.T.);
#212=FACE_OUTER_BOUND('',#360,.T.);
#213=FACE_OUTER_BOUND('',#361,.T.);
#214=FACE_OUTER_BOUND('',#362,.T.);
#215=FACE_OUTER_BOUND('',#363,.T.);
#216=FACE_OUTER_BOUND('',#364,.T.);
#217=FACE_OUTER_BOUND('',#365,.T.);
#218=FACE_OUTER_BOUND('',#366,.T.);
#219=FACE_OUTER_BOUND('',#367,.T.);
#220=FACE_OUTER_BOUND('',#368,.T.);
#221=FACE_OUTER_BOUND('',#369,.T.);
#222=FACE_OUTER_BOUND('',#370,.T.);
#223=FACE_OUTER_BOUND('',#371,.T.);
#224=FACE_OUTER_BOUND('',#372,.T.);
#225=FACE_OUTER_BOUND('',#373,.T.);
#226=FACE_OUTER_BOUND('',#374,.T.);
#227=FACE_OUTER_BOUND('',#375,.T.);
#228=FACE_OUTER_BOUND('',#376,.T.);
#229=FACE_OUTER_BOUND('',#377,.T.);
#230=FACE_OUTER_BOUND('',#378,.T.);
#231=FACE_OUTER_BOUND('',#379,.T.);
#232=FACE_OUTER_BOUND('',#380,.T.);
#233=EDGE_LOOP('',(#1523,#1524,#1525,#1526,#1527));
#234=EDGE_LOOP('',(#1528,#1529,#1530,#1531));
#235=EDGE_LOOP('',(#1532,#1533,#1534,#1535,#1536,#1537));
#236=EDGE_LOOP('',(#1538,#1539,#1540,#1541,#1542));
#237=EDGE_LOOP('',(#1543,#1544,#1545,#1546));
#238=EDGE_LOOP('',(#1547,#1548,#1549));
#239=EDGE_LOOP('',(#1550,#1551,#1552,#1553,#1554,#1555));
#240=EDGE_LOOP('',(#1556,#1557,#1558));
#241=EDGE_LOOP('',(#1559,#1560,#1561,#1562));
#242=EDGE_LOOP('',(#1563,#1564,#1565,#1566));
#243=EDGE_LOOP('',(#1567,#1568,#1569,#1570));
#244=EDGE_LOOP('',(#1571,#1572,#1573,#1574));
#245=EDGE_LOOP('',(#1575,#1576,#1577,#1578));
#246=EDGE_LOOP('',(#1579,#1580,#1581,#1582));
#247=EDGE_LOOP('',(#1583,#1584,#1585,#1586));
#248=EDGE_LOOP('',(#1587,#1588,#1589,#1590));
#249=EDGE_LOOP('',(#1591,#1592,#1593,#1594));
#250=EDGE_LOOP('',(#1595,#1596,#1597,#1598));
#251=EDGE_LOOP('',(#1599,#1600,#1601,#1602));
#252=EDGE_LOOP('',(#1603,#1604,#1605,#1606));
#253=EDGE_LOOP('',(#1607,#1608,#1609,#1610));
#254=EDGE_LOOP('',(#1611,#1612,#1613,#1614));
#255=EDGE_LOOP('',(#1615,#1616,#1617,#1618));
#256=EDGE_LOOP('',(#1619,#1620,#1621,#1622));
#257=EDGE_LOOP('',(#1623,#1624,#1625,#1626));
#258=EDGE_LOOP('',(#1627,#1628,#1629,#1630));
#259=EDGE_LOOP('',(#1631,#1632,#1633,#1634));
#260=EDGE_LOOP('',(#1635,#1636,#1637,#1638));
#261=EDGE_LOOP('',(#1639,#1640,#1641,#1642));
#262=EDGE_LOOP('',(#1643,#1644,#1645,#1646));
#263=EDGE_LOOP('',(#1647,#1648,#1649,#1650));
#264=EDGE_LOOP('',(#1651,#1652,#1653,#1654));
#265=EDGE_LOOP('',(#1655,#1656,#1657,#1658));
#266=EDGE_LOOP('',(#1659,#1660,#1661,#1662));
#267=EDGE_LOOP('',(#1663,#1664,#1665,#1666));
#268=EDGE_LOOP('',(#1667,#1668,#1669,#1670));
#269=EDGE_LOOP('',(#1671,#1672,#1673,#1674));
#270=EDGE_LOOP('',(#1675,#1676,#1677,#1678));
#271=EDGE_LOOP('',(#1679,#1680,#1681,#1682));
#272=EDGE_LOOP('',(#1683,#1684,#1685,#1686));
#273=EDGE_LOOP('',(#1687,#1688,#1689,#1690));
#274=EDGE_LOOP('',(#1691,#1692,#1693,#1694));
#275=EDGE_LOOP('',(#1695,#1696,#1697,#1698));
#276=EDGE_LOOP('',(#1699,#1700,#1701,#1702));
#277=EDGE_LOOP('',(#1703,#1704,#1705,#1706));
#278=EDGE_LOOP('',(#1707,#1708,#1709,#1710));
#279=EDGE_LOOP('',(#1711,#1712,#1713,#1714));
#280=EDGE_LOOP('',(#1715,#1716,#1717,#1718));
#281=EDGE_LOOP('',(#1719,#1720,#1721,#1722));
#282=EDGE_LOOP('',(#1723,#1724,#1725,#1726));
#283=EDGE_LOOP('',(#1727,#1728,#1729,#1730));
#284=EDGE_LOOP('',(#1731,#1732,#1733,#1734));
#285=EDGE_LOOP('',(#1735,#1736,#1737,#1738));
#286=EDGE_LOOP('',(#1739,#1740,#1741,#1742));
#287=EDGE_LOOP('',(#1743,#1744,#1745,#1746));
#288=EDGE_LOOP('',(#1747,#1748,#1749,#1750));
#289=EDGE_LOOP('',(#1751,#1752,#1753,#1754,#1755));
#290=EDGE_LOOP('',(#1756,#1757,#1758,#1759));
#291=EDGE_LOOP('',(#1760,#1761,#1762,#1763,#1764,#1765));
#292=EDGE_LOOP('',(#1766,#1767,#1768,#1769,#1770));
#293=EDGE_LOOP('',(#1771,#1772,#1773,#1774));
#294=EDGE_LOOP('',(#1775,#1776,#1777));
#295=EDGE_LOOP('',(#1778,#1779,#1780,#1781,#1782,#1783));
#296=EDGE_LOOP('',(#1784,#1785,#1786));
#297=EDGE_LOOP('',(#1787,#1788,#1789,#1790));
#298=EDGE_LOOP('',(#1791,#1792,#1793,#1794));
#299=EDGE_LOOP('',(#1795,#1796,#1797,#1798));
#300=EDGE_LOOP('',(#1799,#1800,#1801,#1802));
#301=EDGE_LOOP('',(#1803,#1804,#1805,#1806));
#302=EDGE_LOOP('',(#1807,#1808,#1809,#1810));
#303=EDGE_LOOP('',(#1811,#1812,#1813,#1814));
#304=EDGE_LOOP('',(#1815,#1816,#1817,#1818));
#305=EDGE_LOOP('',(#1819,#1820,#1821,#1822));
#306=EDGE_LOOP('',(#1823,#1824,#1825,#1826));
#307=EDGE_LOOP('',(#1827,#1828,#1829,#1830));
#308=EDGE_LOOP('',(#1831,#1832,#1833,#1834));
#309=EDGE_LOOP('',(#1835,#1836,#1837,#1838));
#310=EDGE_LOOP('',(#1839,#1840,#1841,#1842));
#311=EDGE_LOOP('',(#1843,#1844,#1845,#1846));
#312=EDGE_LOOP('',(#1847,#1848,#1849,#1850));
#313=EDGE_LOOP('',(#1851,#1852,#1853,#1854));
#314=EDGE_LOOP('',(#1855,#1856,#1857,#1858));
#315=EDGE_LOOP('',(#1859,#1860,#1861,#1862));
#316=EDGE_LOOP('',(#1863,#1864,#1865,#1866));
#317=EDGE_LOOP('',(#1867,#1868,#1869,#1870));
#318=EDGE_LOOP('',(#1871,#1872,#1873,#1874));
#319=EDGE_LOOP('',(#1875,#1876,#1877,#1878));
#320=EDGE_LOOP('',(#1879,#1880,#1881,#1882));
#321=EDGE_LOOP('',(#1883,#1884,#1885,#1886));
#322=EDGE_LOOP('',(#1887,#1888,#1889,#1890));
#323=EDGE_LOOP('',(#1891,#1892,#1893,#1894));
#324=EDGE_LOOP('',(#1895,#1896,#1897,#1898));
#325=EDGE_LOOP('',(#1899,#1900,#1901,#1902));
#326=EDGE_LOOP('',(#1903,#1904,#1905,#1906));
#327=EDGE_LOOP('',(#1907,#1908,#1909,#1910));
#328=EDGE_LOOP('',(#1911,#1912,#1913,#1914));
#329=EDGE_LOOP('',(#1915,#1916,#1917,#1918));
#330=EDGE_LOOP('',(#1919,#1920,#1921,#1922));
#331=EDGE_LOOP('',(#1923,#1924,#1925,#1926));
#332=EDGE_LOOP('',(#1927,#1928,#1929,#1930));
#333=EDGE_LOOP('',(#1931,#1932,#1933,#1934));
#334=EDGE_LOOP('',(#1935,#1936,#1937,#1938));
#335=EDGE_LOOP('',(#1939,#1940,#1941,#1942));
#336=EDGE_LOOP('',(#1943,#1944,#1945,#1946));
#337=EDGE_LOOP('',(#1947,#1948,#1949,#1950));
#338=EDGE_LOOP('',(#1951,#1952,#1953,#1954));
#339=EDGE_LOOP('',(#1955,#1956,#1957,#1958));
#340=EDGE_LOOP('',(#1959,#1960,#1961,#1962));
#341=EDGE_LOOP('',(#1963,#1964,#1965,#1966));
#342=EDGE_LOOP('',(#1967,#1968,#1969,#1970));
#343=EDGE_LOOP('',(#1971,#1972,#1973,#1974));
#344=EDGE_LOOP('',(#1975,#1976,#1977,#1978));
#345=EDGE_LOOP('',(#1979,#1980,#1981,#1982));
#346=EDGE_LOOP('',(#1983,#1984,#1985,#1986,#1987,#1988,#1989,#1990,#1991,
#1992));
#347=EDGE_LOOP('',(#1993,#1994,#1995,#1996));
#348=EDGE_LOOP('',(#1997,#1998,#1999,#2000));
#349=EDGE_LOOP('',(#2001,#2002,#2003,#2004));
#350=EDGE_LOOP('',(#2005,#2006,#2007,#2008));
#351=EDGE_LOOP('',(#2009,#2010,#2011,#2012));
#352=EDGE_LOOP('',(#2013,#2014,#2015,#2016));
#353=EDGE_LOOP('',(#2017,#2018,#2019,#2020));
#354=EDGE_LOOP('',(#2021,#2022,#2023,#2024));
#355=EDGE_LOOP('',(#2025,#2026,#2027,#2028,#2029,#2030,#2031,#2032,#2033,
#2034));
#356=EDGE_LOOP('',(#2035,#2036,#2037,#2038));
#357=EDGE_LOOP('',(#2039,#2040,#2041,#2042));
#358=EDGE_LOOP('',(#2043,#2044,#2045,#2046,#2047,#2048,#2049,#2050,#2051,
#2052));
#359=EDGE_LOOP('',(#2053,#2054,#2055,#2056));
#360=EDGE_LOOP('',(#2057,#2058,#2059,#2060));
#361=EDGE_LOOP('',(#2061,#2062,#2063,#2064));
#362=EDGE_LOOP('',(#2065,#2066,#2067,#2068));
#363=EDGE_LOOP('',(#2069,#2070,#2071,#2072));
#364=EDGE_LOOP('',(#2073,#2074,#2075,#2076));
#365=EDGE_LOOP('',(#2077,#2078,#2079,#2080));
#366=EDGE_LOOP('',(#2081,#2082,#2083,#2084));
#367=EDGE_LOOP('',(#2085,#2086,#2087,#2088,#2089,#2090,#2091,#2092,#2093,
#2094));
#368=EDGE_LOOP('',(#2095,#2096,#2097,#2098));
#369=EDGE_LOOP('',(#2099,#2100,#2101,#2102));
#370=EDGE_LOOP('',(#2103,#2104,#2105,#2106,#2107,#2108,#2109,#2110,#2111,
#2112));
#371=EDGE_LOOP('',(#2113,#2114,#2115,#2116));
#372=EDGE_LOOP('',(#2117,#2118,#2119,#2120));
#373=EDGE_LOOP('',(#2121,#2122,#2123,#2124));
#374=EDGE_LOOP('',(#2125,#2126,#2127,#2128));
#375=EDGE_LOOP('',(#2129,#2130,#2131,#2132));
#376=EDGE_LOOP('',(#2133,#2134,#2135,#2136));
#377=EDGE_LOOP('',(#2137,#2138,#2139,#2140));
#378=EDGE_LOOP('',(#2141,#2142,#2143,#2144));
#379=EDGE_LOOP('',(#2145,#2146,#2147,#2148));
#380=EDGE_LOOP('',(#2149,#2150,#2151,#2152,#2153,#2154,#2155,#2156,#2157,
#2158));
#381=LINE('',#3299,#687);
#382=LINE('',#3301,#688);
#383=LINE('',#3303,#689);
#384=LINE('',#3305,#690);
#385=LINE('',#3306,#691);
#386=LINE('',#3309,#692);
#387=LINE('',#3311,#693);
#388=LINE('',#3312,#694);
#389=LINE('',#3315,#695);
#390=LINE('',#3317,#696);
#391=LINE('',#3319,#697);
#392=LINE('',#3320,#698);
#393=LINE('',#3323,#699);
#394=LINE('',#3325,#700);
#395=LINE('',#3326,#701);
#396=LINE('',#3328,#702);
#397=LINE('',#3330,#703);
#398=LINE('',#3332,#704);
#399=LINE('',#3337,#705);
#400=LINE('',#3339,#706);
#401=LINE('',#3341,#707);
#402=LINE('',#3342,#708);
#403=LINE('',#3345,#709);
#404=LINE('',#3347,#710);
#405=LINE('',#3348,#711);
#406=LINE('',#3351,#712);
#407=LINE('',#3352,#713);
#408=LINE('',#3355,#714);
#409=LINE('',#3356,#715);
#410=LINE('',#3358,#716);
#411=LINE('',#3363,#717);
#412=LINE('',#3365,#718);
#413=LINE('',#3367,#719);
#414=LINE('',#3368,#720);
#415=LINE('',#3371,#721);
#416=LINE('',#3373,#722);
#417=LINE('',#3374,#723);
#418=LINE('',#3377,#724);
#419=LINE('',#3378,#725);
#420=LINE('',#3381,#726);
#421=LINE('',#3382,#727);
#422=LINE('',#3384,#728);
#423=LINE('',#3389,#729);
#424=LINE('',#3391,#730);
#425=LINE('',#3393,#731);
#426=LINE('',#3394,#732);
#427=LINE('',#3397,#733);
#428=LINE('',#3399,#734);
#429=LINE('',#3400,#735);
#430=LINE('',#3403,#736);
#431=LINE('',#3404,#737);
#432=LINE('',#3407,#738);
#433=LINE('',#3408,#739);
#434=LINE('',#3410,#740);
#435=LINE('',#3415,#741);
#436=LINE('',#3417,#742);
#437=LINE('',#3419,#743);
#438=LINE('',#3420,#744);
#439=LINE('',#3423,#745);
#440=LINE('',#3425,#746);
#441=LINE('',#3426,#747);
#442=LINE('',#3429,#748);
#443=LINE('',#3430,#749);
#444=LINE('',#3433,#750);
#445=LINE('',#3434,#751);
#446=LINE('',#3436,#752);
#447=LINE('',#3441,#753);
#448=LINE('',#3443,#754);
#449=LINE('',#3445,#755);
#450=LINE('',#3446,#756);
#451=LINE('',#3449,#757);
#452=LINE('',#3451,#758);
#453=LINE('',#3452,#759);
#454=LINE('',#3455,#760);
#455=LINE('',#3456,#761);
#456=LINE('',#3459,#762);
#457=LINE('',#3460,#763);
#458=LINE('',#3462,#764);
#459=LINE('',#3467,#765);
#460=LINE('',#3469,#766);
#461=LINE('',#3471,#767);
#462=LINE('',#3472,#768);
#463=LINE('',#3475,#769);
#464=LINE('',#3477,#770);
#465=LINE('',#3478,#771);
#466=LINE('',#3481,#772);
#467=LINE('',#3482,#773);
#468=LINE('',#3485,#774);
#469=LINE('',#3486,#775);
#470=LINE('',#3488,#776);
#471=LINE('',#3493,#777);
#472=LINE('',#3495,#778);
#473=LINE('',#3497,#779);
#474=LINE('',#3498,#780);
#475=LINE('',#3501,#781);
#476=LINE('',#3503,#782);
#477=LINE('',#3504,#783);
#478=LINE('',#3507,#784);
#479=LINE('',#3508,#785);
#480=LINE('',#3511,#786);
#481=LINE('',#3512,#787);
#482=LINE('',#3514,#788);
#483=LINE('',#3519,#789);
#484=LINE('',#3521,#790);
#485=LINE('',#3523,#791);
#486=LINE('',#3524,#792);
#487=LINE('',#3527,#793);
#488=LINE('',#3529,#794);
#489=LINE('',#3530,#795);
#490=LINE('',#3533,#796);
#491=LINE('',#3534,#797);
#492=LINE('',#3537,#798);
#493=LINE('',#3538,#799);
#494=LINE('',#3540,#800);
#495=LINE('',#3546,#801);
#496=LINE('',#3548,#802);
#497=LINE('',#3550,#803);
#498=LINE('',#3552,#804);
#499=LINE('',#3553,#805);
#500=LINE('',#3556,#806);
#501=LINE('',#3558,#807);
#502=LINE('',#3559,#808);
#503=LINE('',#3562,#809);
#504=LINE('',#3564,#810);
#505=LINE('',#3566,#811);
#506=LINE('',#3567,#812);
#507=LINE('',#3570,#813);
#508=LINE('',#3572,#814);
#509=LINE('',#3573,#815);
#510=LINE('',#3575,#816);
#511=LINE('',#3577,#817);
#512=LINE('',#3579,#818);
#513=LINE('',#3584,#819);
#514=LINE('',#3586,#820);
#515=LINE('',#3588,#821);
#516=LINE('',#3589,#822);
#517=LINE('',#3592,#823);
#518=LINE('',#3594,#824);
#519=LINE('',#3595,#825);
#520=LINE('',#3598,#826);
#521=LINE('',#3599,#827);
#522=LINE('',#3602,#828);
#523=LINE('',#3603,#829);
#524=LINE('',#3605,#830);
#525=LINE('',#3610,#831);
#526=LINE('',#3612,#832);
#527=LINE('',#3614,#833);
#528=LINE('',#3615,#834);
#529=LINE('',#3618,#835);
#530=LINE('',#3620,#836);
#531=LINE('',#3621,#837);
#532=LINE('',#3624,#838);
#533=LINE('',#3625,#839);
#534=LINE('',#3628,#840);
#535=LINE('',#3629,#841);
#536=LINE('',#3631,#842);
#537=LINE('',#3636,#843);
#538=LINE('',#3638,#844);
#539=LINE('',#3640,#845);
#540=LINE('',#3641,#846);
#541=LINE('',#3644,#847);
#542=LINE('',#3646,#848);
#543=LINE('',#3647,#849);
#544=LINE('',#3650,#850);
#545=LINE('',#3651,#851);
#546=LINE('',#3654,#852);
#547=LINE('',#3655,#853);
#548=LINE('',#3657,#854);
#549=LINE('',#3662,#855);
#550=LINE('',#3664,#856);
#551=LINE('',#3666,#857);
#552=LINE('',#3667,#858);
#553=LINE('',#3670,#859);
#554=LINE('',#3672,#860);
#555=LINE('',#3673,#861);
#556=LINE('',#3676,#862);
#557=LINE('',#3677,#863);
#558=LINE('',#3680,#864);
#559=LINE('',#3681,#865);
#560=LINE('',#3683,#866);
#561=LINE('',#3688,#867);
#562=LINE('',#3690,#868);
#563=LINE('',#3692,#869);
#564=LINE('',#3693,#870);
#565=LINE('',#3696,#871);
#566=LINE('',#3698,#872);
#567=LINE('',#3699,#873);
#568=LINE('',#3702,#874);
#569=LINE('',#3703,#875);
#570=LINE('',#3706,#876);
#571=LINE('',#3707,#877);
#572=LINE('',#3709,#878);
#573=LINE('',#3714,#879);
#574=LINE('',#3716,#880);
#575=LINE('',#3718,#881);
#576=LINE('',#3719,#882);
#577=LINE('',#3722,#883);
#578=LINE('',#3724,#884);
#579=LINE('',#3725,#885);
#580=LINE('',#3728,#886);
#581=LINE('',#3729,#887);
#582=LINE('',#3732,#888);
#583=LINE('',#3733,#889);
#584=LINE('',#3735,#890);
#585=LINE('',#3740,#891);
#586=LINE('',#3742,#892);
#587=LINE('',#3744,#893);
#588=LINE('',#3745,#894);
#589=LINE('',#3748,#895);
#590=LINE('',#3750,#896);
#591=LINE('',#3751,#897);
#592=LINE('',#3754,#898);
#593=LINE('',#3755,#899);
#594=LINE('',#3758,#900);
#595=LINE('',#3759,#901);
#596=LINE('',#3761,#902);
#597=LINE('',#3766,#903);
#598=LINE('',#3768,#904);
#599=LINE('',#3770,#905);
#600=LINE('',#3771,#906);
#601=LINE('',#3774,#907);
#602=LINE('',#3776,#908);
#603=LINE('',#3777,#909);
#604=LINE('',#3780,#910);
#605=LINE('',#3781,#911);
#606=LINE('',#3784,#912);
#607=LINE('',#3785,#913);
#608=LINE('',#3787,#914);
#609=LINE('',#3792,#915);
#610=LINE('',#3794,#916);
#611=LINE('',#3796,#917);
#612=LINE('',#3797,#918);
#613=LINE('',#3800,#919);
#614=LINE('',#3804,#920);
#615=LINE('',#3808,#921);
#616=LINE('',#3810,#922);
#617=LINE('',#3812,#923);
#618=LINE('',#3814,#924);
#619=LINE('',#3815,#925);
#620=LINE('',#3820,#926);
#621=LINE('',#3821,#927);
#622=LINE('',#3824,#928);
#623=LINE('',#3825,#929);
#624=LINE('',#3829,#930);
#625=LINE('',#3832,#931);
#626=LINE('',#3833,#932);
#627=LINE('',#3836,#933);
#628=LINE('',#3838,#934);
#629=LINE('',#3839,#935);
#630=LINE('',#3841,#936);
#631=LINE('',#3844,#937);
#632=LINE('',#3845,#938);
#633=LINE('',#3847,#939);
#634=LINE('',#3849,#940);
#635=LINE('',#3854,#941);
#636=LINE('',#3856,#942);
#637=LINE('',#3858,#943);
#638=LINE('',#3859,#944);
#639=LINE('',#3862,#945);
#640=LINE('',#3866,#946);
#641=LINE('',#3870,#947);
#642=LINE('',#3872,#948);
#643=LINE('',#3874,#949);
#644=LINE('',#3876,#950);
#645=LINE('',#3877,#951);
#646=LINE('',#3880,#952);
#647=LINE('',#3882,#953);
#648=LINE('',#3883,#954);
#649=LINE('',#3887,#955);
#650=LINE('',#3888,#956);
#651=LINE('',#3889,#957);
#652=LINE('',#3891,#958);
#653=LINE('',#3894,#959);
#654=LINE('',#3895,#960);
#655=LINE('',#3899,#961);
#656=LINE('',#3902,#962);
#657=LINE('',#3903,#963);
#658=LINE('',#3908,#964);
#659=LINE('',#3909,#965);
#660=LINE('',#3911,#966);
#661=LINE('',#3916,#967);
#662=LINE('',#3918,#968);
#663=LINE('',#3920,#969);
#664=LINE('',#3921,#970);
#665=LINE('',#3924,#971);
#666=LINE('',#3928,#972);
#667=LINE('',#3932,#973);
#668=LINE('',#3934,#974);
#669=LINE('',#3936,#975);
#670=LINE('',#3938,#976);
#671=LINE('',#3939,#977);
#672=LINE('',#3942,#978);
#673=LINE('',#3943,#979);
#674=LINE('',#3947,#980);
#675=LINE('',#3950,#981);
#676=LINE('',#3951,#982);
#677=LINE('',#3955,#983);
#678=LINE('',#3958,#984);
#679=LINE('',#3959,#985);
#680=LINE('',#3962,#986);
#681=LINE('',#3964,#987);
#682=LINE('',#3965,#988);
#683=LINE('',#3967,#989);
#684=LINE('',#3970,#990);
#685=LINE('',#3971,#991);
#686=LINE('',#3973,#992);
#687=VECTOR('',#2664,10.);
#688=VECTOR('',#2665,10.);
#689=VECTOR('',#2666,10.);
#690=VECTOR('',#2667,10.);
#691=VECTOR('',#2668,10.);
#692=VECTOR('',#2671,10.);
#693=VECTOR('',#2672,10.);
#694=VECTOR('',#2673,10.);
#695=VECTOR('',#2676,10.);
#696=VECTOR('',#2677,10.);
#697=VECTOR('',#2678,10.);
#698=VECTOR('',#2679,10.);
#699=VECTOR('',#2682,10.);
#700=VECTOR('',#2683,10.);
#701=VECTOR('',#2684,10.);
#702=VECTOR('',#2687,10.);
#703=VECTOR('',#2690,10.);
#704=VECTOR('',#2693,10.);
#705=VECTOR('',#2698,10.);
#706=VECTOR('',#2699,10.);
#707=VECTOR('',#2700,10.);
#708=VECTOR('',#2701,10.);
#709=VECTOR('',#2704,10.);
#710=VECTOR('',#2705,10.);
#711=VECTOR('',#2706,10.);
#712=VECTOR('',#2709,10.);
#713=VECTOR('',#2710,10.);
#714=VECTOR('',#2713,10.);
#715=VECTOR('',#2714,10.);
#716=VECTOR('',#2717,10.);
#717=VECTOR('',#2722,10.);
#718=VECTOR('',#2723,10.);
#719=VECTOR('',#2724,10.);
#720=VECTOR('',#2725,10.);
#721=VECTOR('',#2728,10.);
#722=VECTOR('',#2729,10.);
#723=VECTOR('',#2730,10.);
#724=VECTOR('',#2733,10.);
#725=VECTOR('',#2734,10.);
#726=VECTOR('',#2737,10.);
#727=VECTOR('',#2738,10.);
#728=VECTOR('',#2741,10.);
#729=VECTOR('',#2746,10.);
#730=VECTOR('',#2747,10.);
#731=VECTOR('',#2748,10.);
#732=VECTOR('',#2749,10.);
#733=VECTOR('',#2752,10.);
#734=VECTOR('',#2753,10.);
#735=VECTOR('',#2754,10.);
#736=VECTOR('',#2757,10.);
#737=VECTOR('',#2758,10.);
#738=VECTOR('',#2761,10.);
#739=VECTOR('',#2762,10.);
#740=VECTOR('',#2765,10.);
#741=VECTOR('',#2770,10.);
#742=VECTOR('',#2771,10.);
#743=VECTOR('',#2772,10.);
#744=VECTOR('',#2773,10.);
#745=VECTOR('',#2776,10.);
#746=VECTOR('',#2777,10.);
#747=VECTOR('',#2778,10.);
#748=VECTOR('',#2781,10.);
#749=VECTOR('',#2782,10.);
#750=VECTOR('',#2785,10.);
#751=VECTOR('',#2786,10.);
#752=VECTOR('',#2789,10.);
#753=VECTOR('',#2794,10.);
#754=VECTOR('',#2795,10.);
#755=VECTOR('',#2796,10.);
#756=VECTOR('',#2797,10.);
#757=VECTOR('',#2800,10.);
#758=VECTOR('',#2801,10.);
#759=VECTOR('',#2802,10.);
#760=VECTOR('',#2805,10.);
#761=VECTOR('',#2806,10.);
#762=VECTOR('',#2809,10.);
#763=VECTOR('',#2810,10.);
#764=VECTOR('',#2813,10.);
#765=VECTOR('',#2818,10.);
#766=VECTOR('',#2819,10.);
#767=VECTOR('',#2820,10.);
#768=VECTOR('',#2821,10.);
#769=VECTOR('',#2824,10.);
#770=VECTOR('',#2825,10.);
#771=VECTOR('',#2826,10.);
#772=VECTOR('',#2829,10.);
#773=VECTOR('',#2830,10.);
#774=VECTOR('',#2833,10.);
#775=VECTOR('',#2834,10.);
#776=VECTOR('',#2837,10.);
#777=VECTOR('',#2842,10.);
#778=VECTOR('',#2843,10.);
#779=VECTOR('',#2844,10.);
#780=VECTOR('',#2845,10.);
#781=VECTOR('',#2848,10.);
#782=VECTOR('',#2849,10.);
#783=VECTOR('',#2850,10.);
#784=VECTOR('',#2853,10.);
#785=VECTOR('',#2854,10.);
#786=VECTOR('',#2857,10.);
#787=VECTOR('',#2858,10.);
#788=VECTOR('',#2861,10.);
#789=VECTOR('',#2866,10.);
#790=VECTOR('',#2867,10.);
#791=VECTOR('',#2868,10.);
#792=VECTOR('',#2869,10.);
#793=VECTOR('',#2872,10.);
#794=VECTOR('',#2873,10.);
#795=VECTOR('',#2874,10.);
#796=VECTOR('',#2877,10.);
#797=VECTOR('',#2878,10.);
#798=VECTOR('',#2881,10.);
#799=VECTOR('',#2882,10.);
#800=VECTOR('',#2885,10.);
#801=VECTOR('',#2892,10.);
#802=VECTOR('',#2893,10.);
#803=VECTOR('',#2894,10.);
#804=VECTOR('',#2895,10.);
#805=VECTOR('',#2896,10.);
#806=VECTOR('',#2899,10.);
#807=VECTOR('',#2900,10.);
#808=VECTOR('',#2901,10.);
#809=VECTOR('',#2904,10.);
#810=VECTOR('',#2905,10.);
#811=VECTOR('',#2906,10.);
#812=VECTOR('',#2907,10.);
#813=VECTOR('',#2910,10.);
#814=VECTOR('',#2911,10.);
#815=VECTOR('',#2912,10.);
#816=VECTOR('',#2915,10.);
#817=VECTOR('',#2918,10.);
#818=VECTOR('',#2921,10.);
#819=VECTOR('',#2926,10.);
#820=VECTOR('',#2927,10.);
#821=VECTOR('',#2928,10.);
#822=VECTOR('',#2929,10.);
#823=VECTOR('',#2932,10.);
#824=VECTOR('',#2933,10.);
#825=VECTOR('',#2934,10.);
#826=VECTOR('',#2937,10.);
#827=VECTOR('',#2938,10.);
#828=VECTOR('',#2941,10.);
#829=VECTOR('',#2942,10.);
#830=VECTOR('',#2945,10.);
#831=VECTOR('',#2950,10.);
#832=VECTOR('',#2951,10.);
#833=VECTOR('',#2952,10.);
#834=VECTOR('',#2953,10.);
#835=VECTOR('',#2956,10.);
#836=VECTOR('',#2957,10.);
#837=VECTOR('',#2958,10.);
#838=VECTOR('',#2961,10.);
#839=VECTOR('',#2962,10.);
#840=VECTOR('',#2965,10.);
#841=VECTOR('',#2966,10.);
#842=VECTOR('',#2969,10.);
#843=VECTOR('',#2974,10.);
#844=VECTOR('',#2975,10.);
#845=VECTOR('',#2976,10.);
#846=VECTOR('',#2977,10.);
#847=VECTOR('',#2980,10.);
#848=VECTOR('',#2981,10.);
#849=VECTOR('',#2982,10.);
#850=VECTOR('',#2985,10.);
#851=VECTOR('',#2986,10.);
#852=VECTOR('',#2989,10.);
#853=VECTOR('',#2990,10.);
#854=VECTOR('',#2993,10.);
#855=VECTOR('',#2998,10.);
#856=VECTOR('',#2999,10.);
#857=VECTOR('',#3000,10.);
#858=VECTOR('',#3001,10.);
#859=VECTOR('',#3004,10.);
#860=VECTOR('',#3005,10.);
#861=VECTOR('',#3006,10.);
#862=VECTOR('',#3009,10.);
#863=VECTOR('',#3010,10.);
#864=VECTOR('',#3013,10.);
#865=VECTOR('',#3014,10.);
#866=VECTOR('',#3017,10.);
#867=VECTOR('',#3022,10.);
#868=VECTOR('',#3023,10.);
#869=VECTOR('',#3024,10.);
#870=VECTOR('',#3025,10.);
#871=VECTOR('',#3028,10.);
#872=VECTOR('',#3029,10.);
#873=VECTOR('',#3030,10.);
#874=VECTOR('',#3033,10.);
#875=VECTOR('',#3034,10.);
#876=VECTOR('',#3037,10.);
#877=VECTOR('',#3038,10.);
#878=VECTOR('',#3041,10.);
#879=VECTOR('',#3046,10.);
#880=VECTOR('',#3047,10.);
#881=VECTOR('',#3048,10.);
#882=VECTOR('',#3049,10.);
#883=VECTOR('',#3052,10.);
#884=VECTOR('',#3053,10.);
#885=VECTOR('',#3054,10.);
#886=VECTOR('',#3057,10.);
#887=VECTOR('',#3058,10.);
#888=VECTOR('',#3061,10.);
#889=VECTOR('',#3062,10.);
#890=VECTOR('',#3065,10.);
#891=VECTOR('',#3070,10.);
#892=VECTOR('',#3071,10.);
#893=VECTOR('',#3072,10.);
#894=VECTOR('',#3073,10.);
#895=VECTOR('',#3076,10.);
#896=VECTOR('',#3077,10.);
#897=VECTOR('',#3078,10.);
#898=VECTOR('',#3081,10.);
#899=VECTOR('',#3082,10.);
#900=VECTOR('',#3085,10.);
#901=VECTOR('',#3086,10.);
#902=VECTOR('',#3089,10.);
#903=VECTOR('',#3094,10.);
#904=VECTOR('',#3095,10.);
#905=VECTOR('',#3096,10.);
#906=VECTOR('',#3097,10.);
#907=VECTOR('',#3100,10.);
#908=VECTOR('',#3101,10.);
#909=VECTOR('',#3102,10.);
#910=VECTOR('',#3105,10.);
#911=VECTOR('',#3106,10.);
#912=VECTOR('',#3109,10.);
#913=VECTOR('',#3110,10.);
#914=VECTOR('',#3113,10.);
#915=VECTOR('',#3118,10.);
#916=VECTOR('',#3119,10.);
#917=VECTOR('',#3120,10.);
#918=VECTOR('',#3121,10.);
#919=VECTOR('',#3124,10.);
#920=VECTOR('',#3127,10.);
#921=VECTOR('',#3130,10.);
#922=VECTOR('',#3131,10.);
#923=VECTOR('',#3132,10.);
#924=VECTOR('',#3133,10.);
#925=VECTOR('',#3134,10.);
#926=VECTOR('',#3139,10.);
#927=VECTOR('',#3140,10.);
#928=VECTOR('',#3143,10.);
#929=VECTOR('',#3144,10.);
#930=VECTOR('',#3149,10.);
#931=VECTOR('',#3152,10.);
#932=VECTOR('',#3153,10.);
#933=VECTOR('',#3156,10.);
#934=VECTOR('',#3157,10.);
#935=VECTOR('',#3158,10.);
#936=VECTOR('',#3161,10.);
#937=VECTOR('',#3164,10.);
#938=VECTOR('',#3165,10.);
#939=VECTOR('',#3168,10.);
#940=VECTOR('',#3171,10.);
#941=VECTOR('',#3176,10.);
#942=VECTOR('',#3177,10.);
#943=VECTOR('',#3178,10.);
#944=VECTOR('',#3179,10.);
#945=VECTOR('',#3182,10.);
#946=VECTOR('',#3185,10.);
#947=VECTOR('',#3188,10.);
#948=VECTOR('',#3189,10.);
#949=VECTOR('',#3190,10.);
#950=VECTOR('',#3191,10.);
#951=VECTOR('',#3192,10.);
#952=VECTOR('',#3195,10.);
#953=VECTOR('',#3196,10.);
#954=VECTOR('',#3197,10.);
#955=VECTOR('',#3200,10.);
#956=VECTOR('',#3201,10.);
#957=VECTOR('',#3202,10.);
#958=VECTOR('',#3205,10.);
#959=VECTOR('',#3208,10.);
#960=VECTOR('',#3209,10.);
#961=VECTOR('',#3214,10.);
#962=VECTOR('',#3217,10.);
#963=VECTOR('',#3218,10.);
#964=VECTOR('',#3225,10.);
#965=VECTOR('',#3226,10.);
#966=VECTOR('',#3229,10.);
#967=VECTOR('',#3234,10.);
#968=VECTOR('',#3235,10.);
#969=VECTOR('',#3236,10.);
#970=VECTOR('',#3237,10.);
#971=VECTOR('',#3240,10.);
#972=VECTOR('',#3243,10.);
#973=VECTOR('',#3246,10.);
#974=VECTOR('',#3247,10.);
#975=VECTOR('',#3248,10.);
#976=VECTOR('',#3249,10.);
#977=VECTOR('',#3250,10.);
#978=VECTOR('',#3253,10.);
#979=VECTOR('',#3254,10.);
#980=VECTOR('',#3259,10.);
#981=VECTOR('',#3262,10.);
#982=VECTOR('',#3263,10.);
#983=VECTOR('',#3268,10.);
#984=VECTOR('',#3271,10.);
#985=VECTOR('',#3272,10.);
#986=VECTOR('',#3275,10.);
#987=VECTOR('',#3276,10.);
#988=VECTOR('',#3277,10.);
#989=VECTOR('',#3280,10.);
#990=VECTOR('',#3283,10.);
#991=VECTOR('',#3284,10.);
#992=VECTOR('',#3287,10.);
#993=VERTEX_POINT('',#3297);
#994=VERTEX_POINT('',#3298);
#995=VERTEX_POINT('',#3300);
#996=VERTEX_POINT('',#3302);
#997=VERTEX_POINT('',#3304);
#998=VERTEX_POINT('',#3308);
#999=VERTEX_POINT('',#3310);
#1000=VERTEX_POINT('',#3314);
#1001=VERTEX_POINT('',#3316);
#1002=VERTEX_POINT('',#3318);
#1003=VERTEX_POINT('',#3322);
#1004=VERTEX_POINT('',#3324);
#1005=VERTEX_POINT('',#3335);
#1006=VERTEX_POINT('',#3336);
#1007=VERTEX_POINT('',#3338);
#1008=VERTEX_POINT('',#3340);
#1009=VERTEX_POINT('',#3344);
#1010=VERTEX_POINT('',#3346);
#1011=VERTEX_POINT('',#3350);
#1012=VERTEX_POINT('',#3354);
#1013=VERTEX_POINT('',#3361);
#1014=VERTEX_POINT('',#3362);
#1015=VERTEX_POINT('',#3364);
#1016=VERTEX_POINT('',#3366);
#1017=VERTEX_POINT('',#3370);
#1018=VERTEX_POINT('',#3372);
#1019=VERTEX_POINT('',#3376);
#1020=VERTEX_POINT('',#3380);
#1021=VERTEX_POINT('',#3387);
#1022=VERTEX_POINT('',#3388);
#1023=VERTEX_POINT('',#3390);
#1024=VERTEX_POINT('',#3392);
#1025=VERTEX_POINT('',#3396);
#1026=VERTEX_POINT('',#3398);
#1027=VERTEX_POINT('',#3402);
#1028=VERTEX_POINT('',#3406);
#1029=VERTEX_POINT('',#3413);
#1030=VERTEX_POINT('',#3414);
#1031=VERTEX_POINT('',#3416);
#1032=VERTEX_POINT('',#3418);
#1033=VERTEX_POINT('',#3422);
#1034=VERTEX_POINT('',#3424);
#1035=VERTEX_POINT('',#3428);
#1036=VERTEX_POINT('',#3432);
#1037=VERTEX_POINT('',#3439);
#1038=VERTEX_POINT('',#3440);
#1039=VERTEX_POINT('',#3442);
#1040=VERTEX_POINT('',#3444);
#1041=VERTEX_POINT('',#3448);
#1042=VERTEX_POINT('',#3450);
#1043=VERTEX_POINT('',#3454);
#1044=VERTEX_POINT('',#3458);
#1045=VERTEX_POINT('',#3465);
#1046=VERTEX_POINT('',#3466);
#1047=VERTEX_POINT('',#3468);
#1048=VERTEX_POINT('',#3470);
#1049=VERTEX_POINT('',#3474);
#1050=VERTEX_POINT('',#3476);
#1051=VERTEX_POINT('',#3480);
#1052=VERTEX_POINT('',#3484);
#1053=VERTEX_POINT('',#3491);
#1054=VERTEX_POINT('',#3492);
#1055=VERTEX_POINT('',#3494);
#1056=VERTEX_POINT('',#3496);
#1057=VERTEX_POINT('',#3500);
#1058=VERTEX_POINT('',#3502);
#1059=VERTEX_POINT('',#3506);
#1060=VERTEX_POINT('',#3510);
#1061=VERTEX_POINT('',#3517);
#1062=VERTEX_POINT('',#3518);
#1063=VERTEX_POINT('',#3520);
#1064=VERTEX_POINT('',#3522);
#1065=VERTEX_POINT('',#3526);
#1066=VERTEX_POINT('',#3528);
#1067=VERTEX_POINT('',#3532);
#1068=VERTEX_POINT('',#3536);
#1069=VERTEX_POINT('',#3544);
#1070=VERTEX_POINT('',#3545);
#1071=VERTEX_POINT('',#3547);
#1072=VERTEX_POINT('',#3549);
#1073=VERTEX_POINT('',#3551);
#1074=VERTEX_POINT('',#3555);
#1075=VERTEX_POINT('',#3557);
#1076=VERTEX_POINT('',#3561);
#1077=VERTEX_POINT('',#3563);
#1078=VERTEX_POINT('',#3565);
#1079=VERTEX_POINT('',#3569);
#1080=VERTEX_POINT('',#3571);
#1081=VERTEX_POINT('',#3582);
#1082=VERTEX_POINT('',#3583);
#1083=VERTEX_POINT('',#3585);
#1084=VERTEX_POINT('',#3587);
#1085=VERTEX_POINT('',#3591);
#1086=VERTEX_POINT('',#3593);
#1087=VERTEX_POINT('',#3597);
#1088=VERTEX_POINT('',#3601);
#1089=VERTEX_POINT('',#3608);
#1090=VERTEX_POINT('',#3609);
#1091=VERTEX_POINT('',#3611);
#1092=VERTEX_POINT('',#3613);
#1093=VERTEX_POINT('',#3617);
#1094=VERTEX_POINT('',#3619);
#1095=VERTEX_POINT('',#3623);
#1096=VERTEX_POINT('',#3627);
#1097=VERTEX_POINT('',#3634);
#1098=VERTEX_POINT('',#3635);
#1099=VERTEX_POINT('',#3637);
#1100=VERTEX_POINT('',#3639);
#1101=VERTEX_POINT('',#3643);
#1102=VERTEX_POINT('',#3645);
#1103=VERTEX_POINT('',#3649);
#1104=VERTEX_POINT('',#3653);
#1105=VERTEX_POINT('',#3660);
#1106=VERTEX_POINT('',#3661);
#1107=VERTEX_POINT('',#3663);
#1108=VERTEX_POINT('',#3665);
#1109=VERTEX_POINT('',#3669);
#1110=VERTEX_POINT('',#3671);
#1111=VERTEX_POINT('',#3675);
#1112=VERTEX_POINT('',#3679);
#1113=VERTEX_POINT('',#3686);
#1114=VERTEX_POINT('',#3687);
#1115=VERTEX_POINT('',#3689);
#1116=VERTEX_POINT('',#3691);
#1117=VERTEX_POINT('',#3695);
#1118=VERTEX_POINT('',#3697);
#1119=VERTEX_POINT('',#3701);
#1120=VERTEX_POINT('',#3705);
#1121=VERTEX_POINT('',#3712);
#1122=VERTEX_POINT('',#3713);
#1123=VERTEX_POINT('',#3715);
#1124=VERTEX_POINT('',#3717);
#1125=VERTEX_POINT('',#3721);
#1126=VERTEX_POINT('',#3723);
#1127=VERTEX_POINT('',#3727);
#1128=VERTEX_POINT('',#3731);
#1129=VERTEX_POINT('',#3738);
#1130=VERTEX_POINT('',#3739);
#1131=VERTEX_POINT('',#3741);
#1132=VERTEX_POINT('',#3743);
#1133=VERTEX_POINT('',#3747);
#1134=VERTEX_POINT('',#3749);
#1135=VERTEX_POINT('',#3753);
#1136=VERTEX_POINT('',#3757);
#1137=VERTEX_POINT('',#3764);
#1138=VERTEX_POINT('',#3765);
#1139=VERTEX_POINT('',#3767);
#1140=VERTEX_POINT('',#3769);
#1141=VERTEX_POINT('',#3773);
#1142=VERTEX_POINT('',#3775);
#1143=VERTEX_POINT('',#3779);
#1144=VERTEX_POINT('',#3783);
#1145=VERTEX_POINT('',#3790);
#1146=VERTEX_POINT('',#3791);
#1147=VERTEX_POINT('',#3793);
#1148=VERTEX_POINT('',#3795);
#1149=VERTEX_POINT('',#3799);
#1150=VERTEX_POINT('',#3801);
#1151=VERTEX_POINT('',#3803);
#1152=VERTEX_POINT('',#3805);
#1153=VERTEX_POINT('',#3807);
#1154=VERTEX_POINT('',#3809);
#1155=VERTEX_POINT('',#3811);
#1156=VERTEX_POINT('',#3813);
#1157=VERTEX_POINT('',#3817);
#1158=VERTEX_POINT('',#3818);
#1159=VERTEX_POINT('',#3823);
#1160=VERTEX_POINT('',#3827);
#1161=VERTEX_POINT('',#3831);
#1162=VERTEX_POINT('',#3835);
#1163=VERTEX_POINT('',#3837);
#1164=VERTEX_POINT('',#3843);
#1165=VERTEX_POINT('',#3852);
#1166=VERTEX_POINT('',#3853);
#1167=VERTEX_POINT('',#3855);
#1168=VERTEX_POINT('',#3857);
#1169=VERTEX_POINT('',#3861);
#1170=VERTEX_POINT('',#3863);
#1171=VERTEX_POINT('',#3865);
#1172=VERTEX_POINT('',#3867);
#1173=VERTEX_POINT('',#3869);
#1174=VERTEX_POINT('',#3871);
#1175=VERTEX_POINT('',#3873);
#1176=VERTEX_POINT('',#3875);
#1177=VERTEX_POINT('',#3879);
#1178=VERTEX_POINT('',#3881);
#1179=VERTEX_POINT('',#3885);
#1180=VERTEX_POINT('',#3886);
#1181=VERTEX_POINT('',#3893);
#1182=VERTEX_POINT('',#3897);
#1183=VERTEX_POINT('',#3901);
#1184=VERTEX_POINT('',#3907);
#1185=VERTEX_POINT('',#3914);
#1186=VERTEX_POINT('',#3915);
#1187=VERTEX_POINT('',#3917);
#1188=VERTEX_POINT('',#3919);
#1189=VERTEX_POINT('',#3923);
#1190=VERTEX_POINT('',#3925);
#1191=VERTEX_POINT('',#3927);
#1192=VERTEX_POINT('',#3929);
#1193=VERTEX_POINT('',#3931);
#1194=VERTEX_POINT('',#3933);
#1195=VERTEX_POINT('',#3935);
#1196=VERTEX_POINT('',#3937);
#1197=VERTEX_POINT('',#3941);
#1198=VERTEX_POINT('',#3945);
#1199=VERTEX_POINT('',#3949);
#1200=VERTEX_POINT('',#3953);
#1201=VERTEX_POINT('',#3957);
#1202=VERTEX_POINT('',#3961);
#1203=VERTEX_POINT('',#3963);
#1204=VERTEX_POINT('',#3969);
#1205=EDGE_CURVE('',#993,#994,#381,.T.);
#1206=EDGE_CURVE('',#995,#993,#382,.T.);
#1207=EDGE_CURVE('',#996,#995,#383,.T.);
#1208=EDGE_CURVE('',#997,#996,#384,.T.);
#1209=EDGE_CURVE('',#994,#997,#385,.T.);
#1210=EDGE_CURVE('',#996,#998,#386,.T.);
#1211=EDGE_CURVE('',#998,#999,#387,.T.);
#1212=EDGE_CURVE('',#997,#999,#388,.T.);
#1213=EDGE_CURVE('',#995,#1000,#389,.T.);
#1214=EDGE_CURVE('',#1000,#1001,#390,.T.);
#1215=EDGE_CURVE('',#1002,#1001,#391,.T.);
#1216=EDGE_CURVE('',#1002,#998,#392,.T.);
#1217=EDGE_CURVE('',#1003,#1002,#393,.T.);
#1218=EDGE_CURVE('',#1004,#1003,#394,.T.);
#1219=EDGE_CURVE('',#999,#1004,#395,.T.);
#1220=EDGE_CURVE('',#1004,#994,#396,.T.);
#1221=EDGE_CURVE('',#1000,#993,#397,.T.);
#1222=EDGE_CURVE('',#1001,#1003,#398,.T.);
#1223=EDGE_CURVE('',#1005,#1006,#399,.T.);
#1224=EDGE_CURVE('',#1007,#1005,#400,.T.);
#1225=EDGE_CURVE('',#1008,#1007,#401,.T.);
#1226=EDGE_CURVE('',#1006,#1008,#402,.T.);
#1227=EDGE_CURVE('',#1009,#1007,#403,.T.);
#1228=EDGE_CURVE('',#1009,#1010,#404,.T.);
#1229=EDGE_CURVE('',#1010,#1008,#405,.T.);
#1230=EDGE_CURVE('',#1005,#1011,#406,.T.);
#1231=EDGE_CURVE('',#1011,#1009,#407,.T.);
#1232=EDGE_CURVE('',#1012,#1011,#408,.T.);
#1233=EDGE_CURVE('',#1010,#1012,#409,.T.);
#1234=EDGE_CURVE('',#1012,#1006,#410,.T.);
#1235=EDGE_CURVE('',#1013,#1014,#411,.T.);
#1236=EDGE_CURVE('',#1015,#1013,#412,.T.);
#1237=EDGE_CURVE('',#1016,#1015,#413,.T.);
#1238=EDGE_CURVE('',#1014,#1016,#414,.T.);
#1239=EDGE_CURVE('',#1015,#1017,#415,.T.);
#1240=EDGE_CURVE('',#1017,#1018,#416,.T.);
#1241=EDGE_CURVE('',#1016,#1018,#417,.T.);
#1242=EDGE_CURVE('',#1013,#1019,#418,.T.);
#1243=EDGE_CURVE('',#1019,#1017,#419,.T.);
#1244=EDGE_CURVE('',#1020,#1019,#420,.T.);
#1245=EDGE_CURVE('',#1018,#1020,#421,.T.);
#1246=EDGE_CURVE('',#1020,#1014,#422,.T.);
#1247=EDGE_CURVE('',#1021,#1022,#423,.T.);
#1248=EDGE_CURVE('',#1023,#1021,#424,.T.);
#1249=EDGE_CURVE('',#1024,#1023,#425,.T.);
#1250=EDGE_CURVE('',#1022,#1024,#426,.T.);
#1251=EDGE_CURVE('',#1025,#1023,#427,.T.);
#1252=EDGE_CURVE('',#1025,#1026,#428,.T.);
#1253=EDGE_CURVE('',#1026,#1024,#429,.T.);
#1254=EDGE_CURVE('',#1021,#1027,#430,.T.);
#1255=EDGE_CURVE('',#1027,#1025,#431,.T.);
#1256=EDGE_CURVE('',#1028,#1027,#432,.T.);
#1257=EDGE_CURVE('',#1026,#1028,#433,.T.);
#1258=EDGE_CURVE('',#1028,#1022,#434,.T.);
#1259=EDGE_CURVE('',#1029,#1030,#435,.T.);
#1260=EDGE_CURVE('',#1031,#1029,#436,.T.);
#1261=EDGE_CURVE('',#1032,#1031,#437,.T.);
#1262=EDGE_CURVE('',#1030,#1032,#438,.T.);
#1263=EDGE_CURVE('',#1031,#1033,#439,.T.);
#1264=EDGE_CURVE('',#1033,#1034,#440,.T.);
#1265=EDGE_CURVE('',#1032,#1034,#441,.T.);
#1266=EDGE_CURVE('',#1029,#1035,#442,.T.);
#1267=EDGE_CURVE('',#1035,#1033,#443,.T.);
#1268=EDGE_CURVE('',#1036,#1035,#444,.T.);
#1269=EDGE_CURVE('',#1034,#1036,#445,.T.);
#1270=EDGE_CURVE('',#1036,#1030,#446,.T.);
#1271=EDGE_CURVE('',#1037,#1038,#447,.T.);
#1272=EDGE_CURVE('',#1039,#1037,#448,.T.);
#1273=EDGE_CURVE('',#1040,#1039,#449,.T.);
#1274=EDGE_CURVE('',#1038,#1040,#450,.T.);
#1275=EDGE_CURVE('',#1041,#1039,#451,.T.);
#1276=EDGE_CURVE('',#1041,#1042,#452,.T.);
#1277=EDGE_CURVE('',#1042,#1040,#453,.T.);
#1278=EDGE_CURVE('',#1037,#1043,#454,.T.);
#1279=EDGE_CURVE('',#1043,#1041,#455,.T.);
#1280=EDGE_CURVE('',#1044,#1043,#456,.T.);
#1281=EDGE_CURVE('',#1042,#1044,#457,.T.);
#1282=EDGE_CURVE('',#1044,#1038,#458,.T.);
#1283=EDGE_CURVE('',#1045,#1046,#459,.T.);
#1284=EDGE_CURVE('',#1047,#1045,#460,.T.);
#1285=EDGE_CURVE('',#1048,#1047,#461,.T.);
#1286=EDGE_CURVE('',#1046,#1048,#462,.T.);
#1287=EDGE_CURVE('',#1047,#1049,#463,.T.);
#1288=EDGE_CURVE('',#1049,#1050,#464,.T.);
#1289=EDGE_CURVE('',#1048,#1050,#465,.T.);
#1290=EDGE_CURVE('',#1045,#1051,#466,.T.);
#1291=EDGE_CURVE('',#1051,#1049,#467,.T.);
#1292=EDGE_CURVE('',#1052,#1051,#468,.T.);
#1293=EDGE_CURVE('',#1050,#1052,#469,.T.);
#1294=EDGE_CURVE('',#1052,#1046,#470,.T.);
#1295=EDGE_CURVE('',#1053,#1054,#471,.T.);
#1296=EDGE_CURVE('',#1055,#1053,#472,.T.);
#1297=EDGE_CURVE('',#1056,#1055,#473,.T.);
#1298=EDGE_CURVE('',#1054,#1056,#474,.T.);
#1299=EDGE_CURVE('',#1057,#1055,#475,.T.);
#1300=EDGE_CURVE('',#1057,#1058,#476,.T.);
#1301=EDGE_CURVE('',#1058,#1056,#477,.T.);
#1302=EDGE_CURVE('',#1053,#1059,#478,.T.);
#1303=EDGE_CURVE('',#1059,#1057,#479,.T.);
#1304=EDGE_CURVE('',#1060,#1059,#480,.T.);
#1305=EDGE_CURVE('',#1058,#1060,#481,.T.);
#1306=EDGE_CURVE('',#1060,#1054,#482,.T.);
#1307=EDGE_CURVE('',#1061,#1062,#483,.T.);
#1308=EDGE_CURVE('',#1063,#1061,#484,.T.);
#1309=EDGE_CURVE('',#1064,#1063,#485,.T.);
#1310=EDGE_CURVE('',#1062,#1064,#486,.T.);
#1311=EDGE_CURVE('',#1063,#1065,#487,.T.);
#1312=EDGE_CURVE('',#1065,#1066,#488,.T.);
#1313=EDGE_CURVE('',#1064,#1066,#489,.T.);
#1314=EDGE_CURVE('',#1061,#1067,#490,.T.);
#1315=EDGE_CURVE('',#1067,#1065,#491,.T.);
#1316=EDGE_CURVE('',#1068,#1067,#492,.T.);
#1317=EDGE_CURVE('',#1066,#1068,#493,.T.);
#1318=EDGE_CURVE('',#1068,#1062,#494,.T.);
#1319=EDGE_CURVE('',#1069,#1070,#495,.T.);
#1320=EDGE_CURVE('',#1071,#1069,#496,.T.);
#1321=EDGE_CURVE('',#1072,#1071,#497,.T.);
#1322=EDGE_CURVE('',#1073,#1072,#498,.T.);
#1323=EDGE_CURVE('',#1070,#1073,#499,.T.);
#1324=EDGE_CURVE('',#1072,#1074,#500,.T.);
#1325=EDGE_CURVE('',#1074,#1075,#501,.T.);
#1326=EDGE_CURVE('',#1073,#1075,#502,.T.);
#1327=EDGE_CURVE('',#1071,#1076,#503,.T.);
#1328=EDGE_CURVE('',#1076,#1077,#504,.T.);
#1329=EDGE_CURVE('',#1078,#1077,#505,.T.);
#1330=EDGE_CURVE('',#1078,#1074,#506,.T.);
#1331=EDGE_CURVE('',#1079,#1078,#507,.T.);
#1332=EDGE_CURVE('',#1080,#1079,#508,.T.);
#1333=EDGE_CURVE('',#1075,#1080,#509,.T.);
#1334=EDGE_CURVE('',#1080,#1070,#510,.T.);
#1335=EDGE_CURVE('',#1076,#1069,#511,.T.);
#1336=EDGE_CURVE('',#1077,#1079,#512,.T.);
#1337=EDGE_CURVE('',#1081,#1082,#513,.T.);
#1338=EDGE_CURVE('',#1083,#1081,#514,.T.);
#1339=EDGE_CURVE('',#1084,#1083,#515,.T.);
#1340=EDGE_CURVE('',#1082,#1084,#516,.T.);
#1341=EDGE_CURVE('',#1085,#1083,#517,.T.);
#1342=EDGE_CURVE('',#1085,#1086,#518,.T.);
#1343=EDGE_CURVE('',#1086,#1084,#519,.T.);
#1344=EDGE_CURVE('',#1081,#1087,#520,.T.);
#1345=EDGE_CURVE('',#1087,#1085,#521,.T.);
#1346=EDGE_CURVE('',#1088,#1087,#522,.T.);
#1347=EDGE_CURVE('',#1086,#1088,#523,.T.);
#1348=EDGE_CURVE('',#1088,#1082,#524,.T.);
#1349=EDGE_CURVE('',#1089,#1090,#525,.T.);
#1350=EDGE_CURVE('',#1091,#1089,#526,.T.);
#1351=EDGE_CURVE('',#1092,#1091,#527,.T.);
#1352=EDGE_CURVE('',#1090,#1092,#528,.T.);
#1353=EDGE_CURVE('',#1091,#1093,#529,.T.);
#1354=EDGE_CURVE('',#1093,#1094,#530,.T.);
#1355=EDGE_CURVE('',#1092,#1094,#531,.T.);
#1356=EDGE_CURVE('',#1089,#1095,#532,.T.);
#1357=EDGE_CURVE('',#1095,#1093,#533,.T.);
#1358=EDGE_CURVE('',#1096,#1095,#534,.T.);
#1359=EDGE_CURVE('',#1094,#1096,#535,.T.);
#1360=EDGE_CURVE('',#1096,#1090,#536,.T.);
#1361=EDGE_CURVE('',#1097,#1098,#537,.T.);
#1362=EDGE_CURVE('',#1099,#1097,#538,.T.);
#1363=EDGE_CURVE('',#1100,#1099,#539,.T.);
#1364=EDGE_CURVE('',#1098,#1100,#540,.T.);
#1365=EDGE_CURVE('',#1101,#1099,#541,.T.);
#1366=EDGE_CURVE('',#1101,#1102,#542,.T.);
#1367=EDGE_CURVE('',#1102,#1100,#543,.T.);
#1368=EDGE_CURVE('',#1097,#1103,#544,.T.);
#1369=EDGE_CURVE('',#1103,#1101,#545,.T.);
#1370=EDGE_CURVE('',#1104,#1103,#546,.T.);
#1371=EDGE_CURVE('',#1102,#1104,#547,.T.);
#1372=EDGE_CURVE('',#1104,#1098,#548,.T.);
#1373=EDGE_CURVE('',#1105,#1106,#549,.T.);
#1374=EDGE_CURVE('',#1107,#1105,#550,.T.);
#1375=EDGE_CURVE('',#1108,#1107,#551,.T.);
#1376=EDGE_CURVE('',#1106,#1108,#552,.T.);
#1377=EDGE_CURVE('',#1107,#1109,#553,.T.);
#1378=EDGE_CURVE('',#1109,#1110,#554,.T.);
#1379=EDGE_CURVE('',#1108,#1110,#555,.T.);
#1380=EDGE_CURVE('',#1105,#1111,#556,.T.);
#1381=EDGE_CURVE('',#1111,#1109,#557,.T.);
#1382=EDGE_CURVE('',#1112,#1111,#558,.T.);
#1383=EDGE_CURVE('',#1110,#1112,#559,.T.);
#1384=EDGE_CURVE('',#1112,#1106,#560,.T.);
#1385=EDGE_CURVE('',#1113,#1114,#561,.T.);
#1386=EDGE_CURVE('',#1115,#1113,#562,.T.);
#1387=EDGE_CURVE('',#1116,#1115,#563,.T.);
#1388=EDGE_CURVE('',#1114,#1116,#564,.T.);
#1389=EDGE_CURVE('',#1117,#1115,#565,.T.);
#1390=EDGE_CURVE('',#1117,#1118,#566,.T.);
#1391=EDGE_CURVE('',#1118,#1116,#567,.T.);
#1392=EDGE_CURVE('',#1113,#1119,#568,.T.);
#1393=EDGE_CURVE('',#1119,#1117,#569,.T.);
#1394=EDGE_CURVE('',#1120,#1119,#570,.T.);
#1395=EDGE_CURVE('',#1118,#1120,#571,.T.);
#1396=EDGE_CURVE('',#1120,#1114,#572,.T.);
#1397=EDGE_CURVE('',#1121,#1122,#573,.T.);
#1398=EDGE_CURVE('',#1123,#1121,#574,.T.);
#1399=EDGE_CURVE('',#1124,#1123,#575,.T.);
#1400=EDGE_CURVE('',#1122,#1124,#576,.T.);
#1401=EDGE_CURVE('',#1123,#1125,#577,.T.);
#1402=EDGE_CURVE('',#1125,#1126,#578,.T.);
#1403=EDGE_CURVE('',#1124,#1126,#579,.T.);
#1404=EDGE_CURVE('',#1121,#1127,#580,.T.);
#1405=EDGE_CURVE('',#1127,#1125,#581,.T.);
#1406=EDGE_CURVE('',#1128,#1127,#582,.T.);
#1407=EDGE_CURVE('',#1126,#1128,#583,.T.);
#1408=EDGE_CURVE('',#1128,#1122,#584,.T.);
#1409=EDGE_CURVE('',#1129,#1130,#585,.T.);
#1410=EDGE_CURVE('',#1131,#1129,#586,.T.);
#1411=EDGE_CURVE('',#1132,#1131,#587,.T.);
#1412=EDGE_CURVE('',#1130,#1132,#588,.T.);
#1413=EDGE_CURVE('',#1133,#1131,#589,.T.);
#1414=EDGE_CURVE('',#1133,#1134,#590,.T.);
#1415=EDGE_CURVE('',#1134,#1132,#591,.T.);
#1416=EDGE_CURVE('',#1129,#1135,#592,.T.);
#1417=EDGE_CURVE('',#1135,#1133,#593,.T.);
#1418=EDGE_CURVE('',#1136,#1135,#594,.T.);
#1419=EDGE_CURVE('',#1134,#1136,#595,.T.);
#1420=EDGE_CURVE('',#1136,#1130,#596,.T.);
#1421=EDGE_CURVE('',#1137,#1138,#597,.T.);
#1422=EDGE_CURVE('',#1139,#1137,#598,.T.);
#1423=EDGE_CURVE('',#1140,#1139,#599,.T.);
#1424=EDGE_CURVE('',#1138,#1140,#600,.T.);
#1425=EDGE_CURVE('',#1139,#1141,#601,.T.);
#1426=EDGE_CURVE('',#1141,#1142,#602,.T.);
#1427=EDGE_CURVE('',#1140,#1142,#603,.T.);
#1428=EDGE_CURVE('',#1137,#1143,#604,.T.);
#1429=EDGE_CURVE('',#1143,#1141,#605,.T.);
#1430=EDGE_CURVE('',#1144,#1143,#606,.T.);
#1431=EDGE_CURVE('',#1142,#1144,#607,.T.);
#1432=EDGE_CURVE('',#1144,#1138,#608,.T.);
#1433=EDGE_CURVE('',#1145,#1146,#609,.T.);
#1434=EDGE_CURVE('',#1147,#1145,#610,.T.);
#1435=EDGE_CURVE('',#1148,#1147,#611,.T.);
#1436=EDGE_CURVE('',#1146,#1148,#612,.T.);
#1437=EDGE_CURVE('',#1149,#1146,#613,.T.);
#1438=EDGE_CURVE('',#1150,#1149,#25,.T.);
#1439=EDGE_CURVE('',#1151,#1150,#614,.T.);
#1440=EDGE_CURVE('',#1152,#1151,#26,.T.);
#1441=EDGE_CURVE('',#1152,#1153,#615,.T.);
#1442=EDGE_CURVE('',#1154,#1153,#616,.T.);
#1443=EDGE_CURVE('',#1155,#1154,#617,.T.);
#1444=EDGE_CURVE('',#1155,#1156,#618,.T.);
#1445=EDGE_CURVE('',#1145,#1156,#619,.T.);
#1446=EDGE_CURVE('',#1157,#1158,#27,.T.);
#1447=EDGE_CURVE('',#1158,#1150,#620,.T.);
#1448=EDGE_CURVE('',#1149,#1157,#621,.T.);
#1449=EDGE_CURVE('',#1159,#1158,#622,.T.);
#1450=EDGE_CURVE('',#1151,#1159,#623,.T.);
#1451=EDGE_CURVE('',#1159,#1160,#28,.T.);
#1452=EDGE_CURVE('',#1160,#1152,#624,.T.);
#1453=EDGE_CURVE('',#1160,#1161,#625,.T.);
#1454=EDGE_CURVE('',#1153,#1161,#626,.T.);
#1455=EDGE_CURVE('',#1162,#1155,#627,.T.);
#1456=EDGE_CURVE('',#1163,#1154,#628,.T.);
#1457=EDGE_CURVE('',#1162,#1163,#629,.T.);
#1458=EDGE_CURVE('',#1161,#1163,#630,.T.);
#1459=EDGE_CURVE('',#1162,#1164,#631,.T.);
#1460=EDGE_CURVE('',#1156,#1164,#632,.T.);
#1461=EDGE_CURVE('',#1147,#1164,#633,.T.);
#1462=EDGE_CURVE('',#1148,#1157,#634,.T.);
#1463=EDGE_CURVE('',#1165,#1166,#635,.T.);
#1464=EDGE_CURVE('',#1166,#1167,#636,.T.);
#1465=EDGE_CURVE('',#1168,#1167,#637,.T.);
#1466=EDGE_CURVE('',#1168,#1165,#638,.T.);
#1467=EDGE_CURVE('',#1169,#1165,#639,.T.);
#1468=EDGE_CURVE('',#1170,#1168,#29,.T.);
#1469=EDGE_CURVE('',#1171,#1170,#640,.T.);
#1470=EDGE_CURVE('',#1172,#1171,#30,.T.);
#1471=EDGE_CURVE('',#1172,#1173,#641,.T.);
#1472=EDGE_CURVE('',#1174,#1173,#642,.T.);
#1473=EDGE_CURVE('',#1175,#1174,#643,.T.);
#1474=EDGE_CURVE('',#1175,#1176,#644,.T.);
#1475=EDGE_CURVE('',#1169,#1176,#645,.T.);
#1476=EDGE_CURVE('',#1177,#1175,#646,.T.);
#1477=EDGE_CURVE('',#1177,#1178,#647,.T.);
#1478=EDGE_CURVE('',#1176,#1178,#648,.T.);
#1479=EDGE_CURVE('',#1179,#1180,#649,.T.);
#1480=EDGE_CURVE('',#1180,#1174,#650,.T.);
#1481=EDGE_CURVE('',#1173,#1179,#651,.T.);
#1482=EDGE_CURVE('',#1177,#1180,#652,.T.);
#1483=EDGE_CURVE('',#1181,#1172,#653,.T.);
#1484=EDGE_CURVE('',#1181,#1179,#654,.T.);
#1485=EDGE_CURVE('',#1182,#1181,#31,.T.);
#1486=EDGE_CURVE('',#1171,#1182,#655,.T.);
#1487=EDGE_CURVE('',#1183,#1170,#656,.T.);
#1488=EDGE_CURVE('',#1182,#1183,#657,.T.);
#1489=EDGE_CURVE('',#1167,#1183,#32,.T.);
#1490=EDGE_CURVE('',#1184,#1169,#658,.T.);
#1491=EDGE_CURVE('',#1184,#1178,#659,.T.);
#1492=EDGE_CURVE('',#1166,#1184,#660,.T.);
#1493=EDGE_CURVE('',#1185,#1186,#661,.T.);
#1494=EDGE_CURVE('',#1187,#1185,#662,.T.);
#1495=EDGE_CURVE('',#1188,#1187,#663,.T.);
#1496=EDGE_CURVE('',#1186,#1188,#664,.T.);
#1497=EDGE_CURVE('',#1189,#1186,#665,.T.);
#1498=EDGE_CURVE('',#1190,#1189,#33,.T.);
#1499=EDGE_CURVE('',#1191,#1190,#666,.T.);
#1500=EDGE_CURVE('',#1192,#1191,#34,.T.);
#1501=EDGE_CURVE('',#1192,#1193,#667,.T.);
#1502=EDGE_CURVE('',#1194,#1193,#668,.T.);
#1503=EDGE_CURVE('',#1195,#1194,#669,.T.);
#1504=EDGE_CURVE('',#1195,#1196,#670,.T.);
#1505=EDGE_CURVE('',#1185,#1196,#671,.T.);
#1506=EDGE_CURVE('',#1188,#1197,#672,.T.);
#1507=EDGE_CURVE('',#1189,#1197,#673,.T.);
#1508=EDGE_CURVE('',#1197,#1198,#35,.T.);
#1509=EDGE_CURVE('',#1198,#1190,#674,.T.);
#1510=EDGE_CURVE('',#1199,#1198,#675,.T.);
#1511=EDGE_CURVE('',#1191,#1199,#676,.T.);
#1512=EDGE_CURVE('',#1199,#1200,#36,.T.);
#1513=EDGE_CURVE('',#1200,#1192,#677,.T.);
#1514=EDGE_CURVE('',#1200,#1201,#678,.T.);
#1515=EDGE_CURVE('',#1193,#1201,#679,.T.);
#1516=EDGE_CURVE('',#1202,#1195,#680,.T.);
#1517=EDGE_CURVE('',#1203,#1194,#681,.T.);
#1518=EDGE_CURVE('',#1202,#1203,#682,.T.);
#1519=EDGE_CURVE('',#1201,#1203,#683,.T.);
#1520=EDGE_CURVE('',#1202,#1204,#684,.T.);
#1521=EDGE_CURVE('',#1196,#1204,#685,.T.);
#1522=EDGE_CURVE('',#1187,#1204,#686,.T.);
#1523=ORIENTED_EDGE('',*,*,#1205,.F.);
#1524=ORIENTED_EDGE('',*,*,#1206,.F.);
#1525=ORIENTED_EDGE('',*,*,#1207,.F.);
#1526=ORIENTED_EDGE('',*,*,#1208,.F.);
#1527=ORIENTED_EDGE('',*,*,#1209,.F.);
#1528=ORIENTED_EDGE('',*,*,#1208,.T.);
#1529=ORIENTED_EDGE('',*,*,#1210,.T.);
#1530=ORIENTED_EDGE('',*,*,#1211,.T.);
#1531=ORIENTED_EDGE('',*,*,#1212,.F.);
#1532=ORIENTED_EDGE('',*,*,#1207,.T.);
#1533=ORIENTED_EDGE('',*,*,#1213,.T.);
#1534=ORIENTED_EDGE('',*,*,#1214,.T.);
#1535=ORIENTED_EDGE('',*,*,#1215,.F.);
#1536=ORIENTED_EDGE('',*,*,#1216,.T.);
#1537=ORIENTED_EDGE('',*,*,#1210,.F.);
#1538=ORIENTED_EDGE('',*,*,#1217,.F.);
#1539=ORIENTED_EDGE('',*,*,#1218,.F.);
#1540=ORIENTED_EDGE('',*,*,#1219,.F.);
#1541=ORIENTED_EDGE('',*,*,#1211,.F.);
#1542=ORIENTED_EDGE('',*,*,#1216,.F.);
#1543=ORIENTED_EDGE('',*,*,#1209,.T.);
#1544=ORIENTED_EDGE('',*,*,#1212,.T.);
#1545=ORIENTED_EDGE('',*,*,#1219,.T.);
#1546=ORIENTED_EDGE('',*,*,#1220,.T.);
#1547=ORIENTED_EDGE('',*,*,#1206,.T.);
#1548=ORIENTED_EDGE('',*,*,#1221,.F.);
#1549=ORIENTED_EDGE('',*,*,#1213,.F.);
#1550=ORIENTED_EDGE('',*,*,#1205,.T.);
#1551=ORIENTED_EDGE('',*,*,#1220,.F.);
#1552=ORIENTED_EDGE('',*,*,#1218,.T.);
#1553=ORIENTED_EDGE('',*,*,#1222,.F.);
#1554=ORIENTED_EDGE('',*,*,#1214,.F.);
#1555=ORIENTED_EDGE('',*,*,#1221,.T.);
#1556=ORIENTED_EDGE('',*,*,#1217,.T.);
#1557=ORIENTED_EDGE('',*,*,#1215,.T.);
#1558=ORIENTED_EDGE('',*,*,#1222,.T.);
#1559=ORIENTED_EDGE('',*,*,#1223,.F.);
#1560=ORIENTED_EDGE('',*,*,#1224,.F.);
#1561=ORIENTED_EDGE('',*,*,#1225,.F.);
#1562=ORIENTED_EDGE('',*,*,#1226,.F.);
#1563=ORIENTED_EDGE('',*,*,#1225,.T.);
#1564=ORIENTED_EDGE('',*,*,#1227,.F.);
#1565=ORIENTED_EDGE('',*,*,#1228,.T.);
#1566=ORIENTED_EDGE('',*,*,#1229,.T.);
#1567=ORIENTED_EDGE('',*,*,#1224,.T.);
#1568=ORIENTED_EDGE('',*,*,#1230,.T.);
#1569=ORIENTED_EDGE('',*,*,#1231,.T.);
#1570=ORIENTED_EDGE('',*,*,#1227,.T.);
#1571=ORIENTED_EDGE('',*,*,#1228,.F.);
#1572=ORIENTED_EDGE('',*,*,#1231,.F.);
#1573=ORIENTED_EDGE('',*,*,#1232,.F.);
#1574=ORIENTED_EDGE('',*,*,#1233,.F.);
#1575=ORIENTED_EDGE('',*,*,#1223,.T.);
#1576=ORIENTED_EDGE('',*,*,#1234,.F.);
#1577=ORIENTED_EDGE('',*,*,#1232,.T.);
#1578=ORIENTED_EDGE('',*,*,#1230,.F.);
#1579=ORIENTED_EDGE('',*,*,#1226,.T.);
#1580=ORIENTED_EDGE('',*,*,#1229,.F.);
#1581=ORIENTED_EDGE('',*,*,#1233,.T.);
#1582=ORIENTED_EDGE('',*,*,#1234,.T.);
#1583=ORIENTED_EDGE('',*,*,#1235,.F.);
#1584=ORIENTED_EDGE('',*,*,#1236,.F.);
#1585=ORIENTED_EDGE('',*,*,#1237,.F.);
#1586=ORIENTED_EDGE('',*,*,#1238,.F.);
#1587=ORIENTED_EDGE('',*,*,#1237,.T.);
#1588=ORIENTED_EDGE('',*,*,#1239,.T.);
#1589=ORIENTED_EDGE('',*,*,#1240,.T.);
#1590=ORIENTED_EDGE('',*,*,#1241,.F.);
#1591=ORIENTED_EDGE('',*,*,#1236,.T.);
#1592=ORIENTED_EDGE('',*,*,#1242,.T.);
#1593=ORIENTED_EDGE('',*,*,#1243,.T.);
#1594=ORIENTED_EDGE('',*,*,#1239,.F.);
#1595=ORIENTED_EDGE('',*,*,#1240,.F.);
#1596=ORIENTED_EDGE('',*,*,#1243,.F.);
#1597=ORIENTED_EDGE('',*,*,#1244,.F.);
#1598=ORIENTED_EDGE('',*,*,#1245,.F.);
#1599=ORIENTED_EDGE('',*,*,#1235,.T.);
#1600=ORIENTED_EDGE('',*,*,#1246,.F.);
#1601=ORIENTED_EDGE('',*,*,#1244,.T.);
#1602=ORIENTED_EDGE('',*,*,#1242,.F.);
#1603=ORIENTED_EDGE('',*,*,#1238,.T.);
#1604=ORIENTED_EDGE('',*,*,#1241,.T.);
#1605=ORIENTED_EDGE('',*,*,#1245,.T.);
#1606=ORIENTED_EDGE('',*,*,#1246,.T.);
#1607=ORIENTED_EDGE('',*,*,#1247,.F.);
#1608=ORIENTED_EDGE('',*,*,#1248,.F.);
#1609=ORIENTED_EDGE('',*,*,#1249,.F.);
#1610=ORIENTED_EDGE('',*,*,#1250,.F.);
#1611=ORIENTED_EDGE('',*,*,#1249,.T.);
#1612=ORIENTED_EDGE('',*,*,#1251,.F.);
#1613=ORIENTED_EDGE('',*,*,#1252,.T.);
#1614=ORIENTED_EDGE('',*,*,#1253,.T.);
#1615=ORIENTED_EDGE('',*,*,#1248,.T.);
#1616=ORIENTED_EDGE('',*,*,#1254,.T.);
#1617=ORIENTED_EDGE('',*,*,#1255,.T.);
#1618=ORIENTED_EDGE('',*,*,#1251,.T.);
#1619=ORIENTED_EDGE('',*,*,#1252,.F.);
#1620=ORIENTED_EDGE('',*,*,#1255,.F.);
#1621=ORIENTED_EDGE('',*,*,#1256,.F.);
#1622=ORIENTED_EDGE('',*,*,#1257,.F.);
#1623=ORIENTED_EDGE('',*,*,#1247,.T.);
#1624=ORIENTED_EDGE('',*,*,#1258,.F.);
#1625=ORIENTED_EDGE('',*,*,#1256,.T.);
#1626=ORIENTED_EDGE('',*,*,#1254,.F.);
#1627=ORIENTED_EDGE('',*,*,#1250,.T.);
#1628=ORIENTED_EDGE('',*,*,#1253,.F.);
#1629=ORIENTED_EDGE('',*,*,#1257,.T.);
#1630=ORIENTED_EDGE('',*,*,#1258,.T.);
#1631=ORIENTED_EDGE('',*,*,#1259,.F.);
#1632=ORIENTED_EDGE('',*,*,#1260,.F.);
#1633=ORIENTED_EDGE('',*,*,#1261,.F.);
#1634=ORIENTED_EDGE('',*,*,#1262,.F.);
#1635=ORIENTED_EDGE('',*,*,#1261,.T.);
#1636=ORIENTED_EDGE('',*,*,#1263,.T.);
#1637=ORIENTED_EDGE('',*,*,#1264,.T.);
#1638=ORIENTED_EDGE('',*,*,#1265,.F.);
#1639=ORIENTED_EDGE('',*,*,#1260,.T.);
#1640=ORIENTED_EDGE('',*,*,#1266,.T.);
#1641=ORIENTED_EDGE('',*,*,#1267,.T.);
#1642=ORIENTED_EDGE('',*,*,#1263,.F.);
#1643=ORIENTED_EDGE('',*,*,#1264,.F.);
#1644=ORIENTED_EDGE('',*,*,#1267,.F.);
#1645=ORIENTED_EDGE('',*,*,#1268,.F.);
#1646=ORIENTED_EDGE('',*,*,#1269,.F.);
#1647=ORIENTED_EDGE('',*,*,#1259,.T.);
#1648=ORIENTED_EDGE('',*,*,#1270,.F.);
#1649=ORIENTED_EDGE('',*,*,#1268,.T.);
#1650=ORIENTED_EDGE('',*,*,#1266,.F.);
#1651=ORIENTED_EDGE('',*,*,#1262,.T.);
#1652=ORIENTED_EDGE('',*,*,#1265,.T.);
#1653=ORIENTED_EDGE('',*,*,#1269,.T.);
#1654=ORIENTED_EDGE('',*,*,#1270,.T.);
#1655=ORIENTED_EDGE('',*,*,#1271,.F.);
#1656=ORIENTED_EDGE('',*,*,#1272,.F.);
#1657=ORIENTED_EDGE('',*,*,#1273,.F.);
#1658=ORIENTED_EDGE('',*,*,#1274,.F.);
#1659=ORIENTED_EDGE('',*,*,#1273,.T.);
#1660=ORIENTED_EDGE('',*,*,#1275,.F.);
#1661=ORIENTED_EDGE('',*,*,#1276,.T.);
#1662=ORIENTED_EDGE('',*,*,#1277,.T.);
#1663=ORIENTED_EDGE('',*,*,#1272,.T.);
#1664=ORIENTED_EDGE('',*,*,#1278,.T.);
#1665=ORIENTED_EDGE('',*,*,#1279,.T.);
#1666=ORIENTED_EDGE('',*,*,#1275,.T.);
#1667=ORIENTED_EDGE('',*,*,#1276,.F.);
#1668=ORIENTED_EDGE('',*,*,#1279,.F.);
#1669=ORIENTED_EDGE('',*,*,#1280,.F.);
#1670=ORIENTED_EDGE('',*,*,#1281,.F.);
#1671=ORIENTED_EDGE('',*,*,#1271,.T.);
#1672=ORIENTED_EDGE('',*,*,#1282,.F.);
#1673=ORIENTED_EDGE('',*,*,#1280,.T.);
#1674=ORIENTED_EDGE('',*,*,#1278,.F.);
#1675=ORIENTED_EDGE('',*,*,#1274,.T.);
#1676=ORIENTED_EDGE('',*,*,#1277,.F.);
#1677=ORIENTED_EDGE('',*,*,#1281,.T.);
#1678=ORIENTED_EDGE('',*,*,#1282,.T.);
#1679=ORIENTED_EDGE('',*,*,#1283,.F.);
#1680=ORIENTED_EDGE('',*,*,#1284,.F.);
#1681=ORIENTED_EDGE('',*,*,#1285,.F.);
#1682=ORIENTED_EDGE('',*,*,#1286,.F.);
#1683=ORIENTED_EDGE('',*,*,#1285,.T.);
#1684=ORIENTED_EDGE('',*,*,#1287,.T.);
#1685=ORIENTED_EDGE('',*,*,#1288,.T.);
#1686=ORIENTED_EDGE('',*,*,#1289,.F.);
#1687=ORIENTED_EDGE('',*,*,#1284,.T.);
#1688=ORIENTED_EDGE('',*,*,#1290,.T.);
#1689=ORIENTED_EDGE('',*,*,#1291,.T.);
#1690=ORIENTED_EDGE('',*,*,#1287,.F.);
#1691=ORIENTED_EDGE('',*,*,#1288,.F.);
#1692=ORIENTED_EDGE('',*,*,#1291,.F.);
#1693=ORIENTED_EDGE('',*,*,#1292,.F.);
#1694=ORIENTED_EDGE('',*,*,#1293,.F.);
#1695=ORIENTED_EDGE('',*,*,#1283,.T.);
#1696=ORIENTED_EDGE('',*,*,#1294,.F.);
#1697=ORIENTED_EDGE('',*,*,#1292,.T.);
#1698=ORIENTED_EDGE('',*,*,#1290,.F.);
#1699=ORIENTED_EDGE('',*,*,#1286,.T.);
#1700=ORIENTED_EDGE('',*,*,#1289,.T.);
#1701=ORIENTED_EDGE('',*,*,#1293,.T.);
#1702=ORIENTED_EDGE('',*,*,#1294,.T.);
#1703=ORIENTED_EDGE('',*,*,#1295,.F.);
#1704=ORIENTED_EDGE('',*,*,#1296,.F.);
#1705=ORIENTED_EDGE('',*,*,#1297,.F.);
#1706=ORIENTED_EDGE('',*,*,#1298,.F.);
#1707=ORIENTED_EDGE('',*,*,#1297,.T.);
#1708=ORIENTED_EDGE('',*,*,#1299,.F.);
#1709=ORIENTED_EDGE('',*,*,#1300,.T.);
#1710=ORIENTED_EDGE('',*,*,#1301,.T.);
#1711=ORIENTED_EDGE('',*,*,#1296,.T.);
#1712=ORIENTED_EDGE('',*,*,#1302,.T.);
#1713=ORIENTED_EDGE('',*,*,#1303,.T.);
#1714=ORIENTED_EDGE('',*,*,#1299,.T.);
#1715=ORIENTED_EDGE('',*,*,#1300,.F.);
#1716=ORIENTED_EDGE('',*,*,#1303,.F.);
#1717=ORIENTED_EDGE('',*,*,#1304,.F.);
#1718=ORIENTED_EDGE('',*,*,#1305,.F.);
#1719=ORIENTED_EDGE('',*,*,#1295,.T.);
#1720=ORIENTED_EDGE('',*,*,#1306,.F.);
#1721=ORIENTED_EDGE('',*,*,#1304,.T.);
#1722=ORIENTED_EDGE('',*,*,#1302,.F.);
#1723=ORIENTED_EDGE('',*,*,#1298,.T.);
#1724=ORIENTED_EDGE('',*,*,#1301,.F.);
#1725=ORIENTED_EDGE('',*,*,#1305,.T.);
#1726=ORIENTED_EDGE('',*,*,#1306,.T.);
#1727=ORIENTED_EDGE('',*,*,#1307,.F.);
#1728=ORIENTED_EDGE('',*,*,#1308,.F.);
#1729=ORIENTED_EDGE('',*,*,#1309,.F.);
#1730=ORIENTED_EDGE('',*,*,#1310,.F.);
#1731=ORIENTED_EDGE('',*,*,#1309,.T.);
#1732=ORIENTED_EDGE('',*,*,#1311,.T.);
#1733=ORIENTED_EDGE('',*,*,#1312,.T.);
#1734=ORIENTED_EDGE('',*,*,#1313,.F.);
#1735=ORIENTED_EDGE('',*,*,#1308,.T.);
#1736=ORIENTED_EDGE('',*,*,#1314,.T.);
#1737=ORIENTED_EDGE('',*,*,#1315,.T.);
#1738=ORIENTED_EDGE('',*,*,#1311,.F.);
#1739=ORIENTED_EDGE('',*,*,#1312,.F.);
#1740=ORIENTED_EDGE('',*,*,#1315,.F.);
#1741=ORIENTED_EDGE('',*,*,#1316,.F.);
#1742=ORIENTED_EDGE('',*,*,#1317,.F.);
#1743=ORIENTED_EDGE('',*,*,#1307,.T.);
#1744=ORIENTED_EDGE('',*,*,#1318,.F.);
#1745=ORIENTED_EDGE('',*,*,#1316,.T.);
#1746=ORIENTED_EDGE('',*,*,#1314,.F.);
#1747=ORIENTED_EDGE('',*,*,#1310,.T.);
#1748=ORIENTED_EDGE('',*,*,#1313,.T.);
#1749=ORIENTED_EDGE('',*,*,#1317,.T.);
#1750=ORIENTED_EDGE('',*,*,#1318,.T.);
#1751=ORIENTED_EDGE('',*,*,#1319,.F.);
#1752=ORIENTED_EDGE('',*,*,#1320,.F.);
#1753=ORIENTED_EDGE('',*,*,#1321,.F.);
#1754=ORIENTED_EDGE('',*,*,#1322,.F.);
#1755=ORIENTED_EDGE('',*,*,#1323,.F.);
#1756=ORIENTED_EDGE('',*,*,#1322,.T.);
#1757=ORIENTED_EDGE('',*,*,#1324,.T.);
#1758=ORIENTED_EDGE('',*,*,#1325,.T.);
#1759=ORIENTED_EDGE('',*,*,#1326,.F.);
#1760=ORIENTED_EDGE('',*,*,#1321,.T.);
#1761=ORIENTED_EDGE('',*,*,#1327,.T.);
#1762=ORIENTED_EDGE('',*,*,#1328,.T.);
#1763=ORIENTED_EDGE('',*,*,#1329,.F.);
#1764=ORIENTED_EDGE('',*,*,#1330,.T.);
#1765=ORIENTED_EDGE('',*,*,#1324,.F.);
#1766=ORIENTED_EDGE('',*,*,#1331,.F.);
#1767=ORIENTED_EDGE('',*,*,#1332,.F.);
#1768=ORIENTED_EDGE('',*,*,#1333,.F.);
#1769=ORIENTED_EDGE('',*,*,#1325,.F.);
#1770=ORIENTED_EDGE('',*,*,#1330,.F.);
#1771=ORIENTED_EDGE('',*,*,#1323,.T.);
#1772=ORIENTED_EDGE('',*,*,#1326,.T.);
#1773=ORIENTED_EDGE('',*,*,#1333,.T.);
#1774=ORIENTED_EDGE('',*,*,#1334,.T.);
#1775=ORIENTED_EDGE('',*,*,#1320,.T.);
#1776=ORIENTED_EDGE('',*,*,#1335,.F.);
#1777=ORIENTED_EDGE('',*,*,#1327,.F.);
#1778=ORIENTED_EDGE('',*,*,#1319,.T.);
#1779=ORIENTED_EDGE('',*,*,#1334,.F.);
#1780=ORIENTED_EDGE('',*,*,#1332,.T.);
#1781=ORIENTED_EDGE('',*,*,#1336,.F.);
#1782=ORIENTED_EDGE('',*,*,#1328,.F.);
#1783=ORIENTED_EDGE('',*,*,#1335,.T.);
#1784=ORIENTED_EDGE('',*,*,#1331,.T.);
#1785=ORIENTED_EDGE('',*,*,#1329,.T.);
#1786=ORIENTED_EDGE('',*,*,#1336,.T.);
#1787=ORIENTED_EDGE('',*,*,#1337,.F.);
#1788=ORIENTED_EDGE('',*,*,#1338,.F.);
#1789=ORIENTED_EDGE('',*,*,#1339,.F.);
#1790=ORIENTED_EDGE('',*,*,#1340,.F.);
#1791=ORIENTED_EDGE('',*,*,#1339,.T.);
#1792=ORIENTED_EDGE('',*,*,#1341,.F.);
#1793=ORIENTED_EDGE('',*,*,#1342,.T.);
#1794=ORIENTED_EDGE('',*,*,#1343,.T.);
#1795=ORIENTED_EDGE('',*,*,#1338,.T.);
#1796=ORIENTED_EDGE('',*,*,#1344,.T.);
#1797=ORIENTED_EDGE('',*,*,#1345,.T.);
#1798=ORIENTED_EDGE('',*,*,#1341,.T.);
#1799=ORIENTED_EDGE('',*,*,#1342,.F.);
#1800=ORIENTED_EDGE('',*,*,#1345,.F.);
#1801=ORIENTED_EDGE('',*,*,#1346,.F.);
#1802=ORIENTED_EDGE('',*,*,#1347,.F.);
#1803=ORIENTED_EDGE('',*,*,#1337,.T.);
#1804=ORIENTED_EDGE('',*,*,#1348,.F.);
#1805=ORIENTED_EDGE('',*,*,#1346,.T.);
#1806=ORIENTED_EDGE('',*,*,#1344,.F.);
#1807=ORIENTED_EDGE('',*,*,#1340,.T.);
#1808=ORIENTED_EDGE('',*,*,#1343,.F.);
#1809=ORIENTED_EDGE('',*,*,#1347,.T.);
#1810=ORIENTED_EDGE('',*,*,#1348,.T.);
#1811=ORIENTED_EDGE('',*,*,#1349,.F.);
#1812=ORIENTED_EDGE('',*,*,#1350,.F.);
#1813=ORIENTED_EDGE('',*,*,#1351,.F.);
#1814=ORIENTED_EDGE('',*,*,#1352,.F.);
#1815=ORIENTED_EDGE('',*,*,#1351,.T.);
#1816=ORIENTED_EDGE('',*,*,#1353,.T.);
#1817=ORIENTED_EDGE('',*,*,#1354,.T.);
#1818=ORIENTED_EDGE('',*,*,#1355,.F.);
#1819=ORIENTED_EDGE('',*,*,#1350,.T.);
#1820=ORIENTED_EDGE('',*,*,#1356,.T.);
#1821=ORIENTED_EDGE('',*,*,#1357,.T.);
#1822=ORIENTED_EDGE('',*,*,#1353,.F.);
#1823=ORIENTED_EDGE('',*,*,#1354,.F.);
#1824=ORIENTED_EDGE('',*,*,#1357,.F.);
#1825=ORIENTED_EDGE('',*,*,#1358,.F.);
#1826=ORIENTED_EDGE('',*,*,#1359,.F.);
#1827=ORIENTED_EDGE('',*,*,#1349,.T.);
#1828=ORIENTED_EDGE('',*,*,#1360,.F.);
#1829=ORIENTED_EDGE('',*,*,#1358,.T.);
#1830=ORIENTED_EDGE('',*,*,#1356,.F.);
#1831=ORIENTED_EDGE('',*,*,#1352,.T.);
#1832=ORIENTED_EDGE('',*,*,#1355,.T.);
#1833=ORIENTED_EDGE('',*,*,#1359,.T.);
#1834=ORIENTED_EDGE('',*,*,#1360,.T.);
#1835=ORIENTED_EDGE('',*,*,#1361,.F.);
#1836=ORIENTED_EDGE('',*,*,#1362,.F.);
#1837=ORIENTED_EDGE('',*,*,#1363,.F.);
#1838=ORIENTED_EDGE('',*,*,#1364,.F.);
#1839=ORIENTED_EDGE('',*,*,#1363,.T.);
#1840=ORIENTED_EDGE('',*,*,#1365,.F.);
#1841=ORIENTED_EDGE('',*,*,#1366,.T.);
#1842=ORIENTED_EDGE('',*,*,#1367,.T.);
#1843=ORIENTED_EDGE('',*,*,#1362,.T.);
#1844=ORIENTED_EDGE('',*,*,#1368,.T.);
#1845=ORIENTED_EDGE('',*,*,#1369,.T.);
#1846=ORIENTED_EDGE('',*,*,#1365,.T.);
#1847=ORIENTED_EDGE('',*,*,#1366,.F.);
#1848=ORIENTED_EDGE('',*,*,#1369,.F.);
#1849=ORIENTED_EDGE('',*,*,#1370,.F.);
#1850=ORIENTED_EDGE('',*,*,#1371,.F.);
#1851=ORIENTED_EDGE('',*,*,#1361,.T.);
#1852=ORIENTED_EDGE('',*,*,#1372,.F.);
#1853=ORIENTED_EDGE('',*,*,#1370,.T.);
#1854=ORIENTED_EDGE('',*,*,#1368,.F.);
#1855=ORIENTED_EDGE('',*,*,#1364,.T.);
#1856=ORIENTED_EDGE('',*,*,#1367,.F.);
#1857=ORIENTED_EDGE('',*,*,#1371,.T.);
#1858=ORIENTED_EDGE('',*,*,#1372,.T.);
#1859=ORIENTED_EDGE('',*,*,#1373,.F.);
#1860=ORIENTED_EDGE('',*,*,#1374,.F.);
#1861=ORIENTED_EDGE('',*,*,#1375,.F.);
#1862=ORIENTED_EDGE('',*,*,#1376,.F.);
#1863=ORIENTED_EDGE('',*,*,#1375,.T.);
#1864=ORIENTED_EDGE('',*,*,#1377,.T.);
#1865=ORIENTED_EDGE('',*,*,#1378,.T.);
#1866=ORIENTED_EDGE('',*,*,#1379,.F.);
#1867=ORIENTED_EDGE('',*,*,#1374,.T.);
#1868=ORIENTED_EDGE('',*,*,#1380,.T.);
#1869=ORIENTED_EDGE('',*,*,#1381,.T.);
#1870=ORIENTED_EDGE('',*,*,#1377,.F.);
#1871=ORIENTED_EDGE('',*,*,#1378,.F.);
#1872=ORIENTED_EDGE('',*,*,#1381,.F.);
#1873=ORIENTED_EDGE('',*,*,#1382,.F.);
#1874=ORIENTED_EDGE('',*,*,#1383,.F.);
#1875=ORIENTED_EDGE('',*,*,#1373,.T.);
#1876=ORIENTED_EDGE('',*,*,#1384,.F.);
#1877=ORIENTED_EDGE('',*,*,#1382,.T.);
#1878=ORIENTED_EDGE('',*,*,#1380,.F.);
#1879=ORIENTED_EDGE('',*,*,#1376,.T.);
#1880=ORIENTED_EDGE('',*,*,#1379,.T.);
#1881=ORIENTED_EDGE('',*,*,#1383,.T.);
#1882=ORIENTED_EDGE('',*,*,#1384,.T.);
#1883=ORIENTED_EDGE('',*,*,#1385,.F.);
#1884=ORIENTED_EDGE('',*,*,#1386,.F.);
#1885=ORIENTED_EDGE('',*,*,#1387,.F.);
#1886=ORIENTED_EDGE('',*,*,#1388,.F.);
#1887=ORIENTED_EDGE('',*,*,#1387,.T.);
#1888=ORIENTED_EDGE('',*,*,#1389,.F.);
#1889=ORIENTED_EDGE('',*,*,#1390,.T.);
#1890=ORIENTED_EDGE('',*,*,#1391,.T.);
#1891=ORIENTED_EDGE('',*,*,#1386,.T.);
#1892=ORIENTED_EDGE('',*,*,#1392,.T.);
#1893=ORIENTED_EDGE('',*,*,#1393,.T.);
#1894=ORIENTED_EDGE('',*,*,#1389,.T.);
#1895=ORIENTED_EDGE('',*,*,#1390,.F.);
#1896=ORIENTED_EDGE('',*,*,#1393,.F.);
#1897=ORIENTED_EDGE('',*,*,#1394,.F.);
#1898=ORIENTED_EDGE('',*,*,#1395,.F.);
#1899=ORIENTED_EDGE('',*,*,#1385,.T.);
#1900=ORIENTED_EDGE('',*,*,#1396,.F.);
#1901=ORIENTED_EDGE('',*,*,#1394,.T.);
#1902=ORIENTED_EDGE('',*,*,#1392,.F.);
#1903=ORIENTED_EDGE('',*,*,#1388,.T.);
#1904=ORIENTED_EDGE('',*,*,#1391,.F.);
#1905=ORIENTED_EDGE('',*,*,#1395,.T.);
#1906=ORIENTED_EDGE('',*,*,#1396,.T.);
#1907=ORIENTED_EDGE('',*,*,#1397,.F.);
#1908=ORIENTED_EDGE('',*,*,#1398,.F.);
#1909=ORIENTED_EDGE('',*,*,#1399,.F.);
#1910=ORIENTED_EDGE('',*,*,#1400,.F.);
#1911=ORIENTED_EDGE('',*,*,#1399,.T.);
#1912=ORIENTED_EDGE('',*,*,#1401,.T.);
#1913=ORIENTED_EDGE('',*,*,#1402,.T.);
#1914=ORIENTED_EDGE('',*,*,#1403,.F.);
#1915=ORIENTED_EDGE('',*,*,#1398,.T.);
#1916=ORIENTED_EDGE('',*,*,#1404,.T.);
#1917=ORIENTED_EDGE('',*,*,#1405,.T.);
#1918=ORIENTED_EDGE('',*,*,#1401,.F.);
#1919=ORIENTED_EDGE('',*,*,#1402,.F.);
#1920=ORIENTED_EDGE('',*,*,#1405,.F.);
#1921=ORIENTED_EDGE('',*,*,#1406,.F.);
#1922=ORIENTED_EDGE('',*,*,#1407,.F.);
#1923=ORIENTED_EDGE('',*,*,#1397,.T.);
#1924=ORIENTED_EDGE('',*,*,#1408,.F.);
#1925=ORIENTED_EDGE('',*,*,#1406,.T.);
#1926=ORIENTED_EDGE('',*,*,#1404,.F.);
#1927=ORIENTED_EDGE('',*,*,#1400,.T.);
#1928=ORIENTED_EDGE('',*,*,#1403,.T.);
#1929=ORIENTED_EDGE('',*,*,#1407,.T.);
#1930=ORIENTED_EDGE('',*,*,#1408,.T.);
#1931=ORIENTED_EDGE('',*,*,#1409,.F.);
#1932=ORIENTED_EDGE('',*,*,#1410,.F.);
#1933=ORIENTED_EDGE('',*,*,#1411,.F.);
#1934=ORIENTED_EDGE('',*,*,#1412,.F.);
#1935=ORIENTED_EDGE('',*,*,#1411,.T.);
#1936=ORIENTED_EDGE('',*,*,#1413,.F.);
#1937=ORIENTED_EDGE('',*,*,#1414,.T.);
#1938=ORIENTED_EDGE('',*,*,#1415,.T.);
#1939=ORIENTED_EDGE('',*,*,#1410,.T.);
#1940=ORIENTED_EDGE('',*,*,#1416,.T.);
#1941=ORIENTED_EDGE('',*,*,#1417,.T.);
#1942=ORIENTED_EDGE('',*,*,#1413,.T.);
#1943=ORIENTED_EDGE('',*,*,#1414,.F.);
#1944=ORIENTED_EDGE('',*,*,#1417,.F.);
#1945=ORIENTED_EDGE('',*,*,#1418,.F.);
#1946=ORIENTED_EDGE('',*,*,#1419,.F.);
#1947=ORIENTED_EDGE('',*,*,#1409,.T.);
#1948=ORIENTED_EDGE('',*,*,#1420,.F.);
#1949=ORIENTED_EDGE('',*,*,#1418,.T.);
#1950=ORIENTED_EDGE('',*,*,#1416,.F.);
#1951=ORIENTED_EDGE('',*,*,#1412,.T.);
#1952=ORIENTED_EDGE('',*,*,#1415,.F.);
#1953=ORIENTED_EDGE('',*,*,#1419,.T.);
#1954=ORIENTED_EDGE('',*,*,#1420,.T.);
#1955=ORIENTED_EDGE('',*,*,#1421,.F.);
#1956=ORIENTED_EDGE('',*,*,#1422,.F.);
#1957=ORIENTED_EDGE('',*,*,#1423,.F.);
#1958=ORIENTED_EDGE('',*,*,#1424,.F.);
#1959=ORIENTED_EDGE('',*,*,#1423,.T.);
#1960=ORIENTED_EDGE('',*,*,#1425,.T.);
#1961=ORIENTED_EDGE('',*,*,#1426,.T.);
#1962=ORIENTED_EDGE('',*,*,#1427,.F.);
#1963=ORIENTED_EDGE('',*,*,#1422,.T.);
#1964=ORIENTED_EDGE('',*,*,#1428,.T.);
#1965=ORIENTED_EDGE('',*,*,#1429,.T.);
#1966=ORIENTED_EDGE('',*,*,#1425,.F.);
#1967=ORIENTED_EDGE('',*,*,#1426,.F.);
#1968=ORIENTED_EDGE('',*,*,#1429,.F.);
#1969=ORIENTED_EDGE('',*,*,#1430,.F.);
#1970=ORIENTED_EDGE('',*,*,#1431,.F.);
#1971=ORIENTED_EDGE('',*,*,#1421,.T.);
#1972=ORIENTED_EDGE('',*,*,#1432,.F.);
#1973=ORIENTED_EDGE('',*,*,#1430,.T.);
#1974=ORIENTED_EDGE('',*,*,#1428,.F.);
#1975=ORIENTED_EDGE('',*,*,#1424,.T.);
#1976=ORIENTED_EDGE('',*,*,#1427,.T.);
#1977=ORIENTED_EDGE('',*,*,#1431,.T.);
#1978=ORIENTED_EDGE('',*,*,#1432,.T.);
#1979=ORIENTED_EDGE('',*,*,#1433,.F.);
#1980=ORIENTED_EDGE('',*,*,#1434,.F.);
#1981=ORIENTED_EDGE('',*,*,#1435,.F.);
#1982=ORIENTED_EDGE('',*,*,#1436,.F.);
#1983=ORIENTED_EDGE('',*,*,#1433,.T.);
#1984=ORIENTED_EDGE('',*,*,#1437,.F.);
#1985=ORIENTED_EDGE('',*,*,#1438,.F.);
#1986=ORIENTED_EDGE('',*,*,#1439,.F.);
#1987=ORIENTED_EDGE('',*,*,#1440,.F.);
#1988=ORIENTED_EDGE('',*,*,#1441,.T.);
#1989=ORIENTED_EDGE('',*,*,#1442,.F.);
#1990=ORIENTED_EDGE('',*,*,#1443,.F.);
#1991=ORIENTED_EDGE('',*,*,#1444,.T.);
#1992=ORIENTED_EDGE('',*,*,#1445,.F.);
#1993=ORIENTED_EDGE('',*,*,#1446,.T.);
#1994=ORIENTED_EDGE('',*,*,#1447,.T.);
#1995=ORIENTED_EDGE('',*,*,#1438,.T.);
#1996=ORIENTED_EDGE('',*,*,#1448,.T.);
#1997=ORIENTED_EDGE('',*,*,#1447,.F.);
#1998=ORIENTED_EDGE('',*,*,#1449,.F.);
#1999=ORIENTED_EDGE('',*,*,#1450,.F.);
#2000=ORIENTED_EDGE('',*,*,#1439,.T.);
#2001=ORIENTED_EDGE('',*,*,#1451,.T.);
#2002=ORIENTED_EDGE('',*,*,#1452,.T.);
#2003=ORIENTED_EDGE('',*,*,#1440,.T.);
#2004=ORIENTED_EDGE('',*,*,#1450,.T.);
#2005=ORIENTED_EDGE('',*,*,#1452,.F.);
#2006=ORIENTED_EDGE('',*,*,#1453,.T.);
#2007=ORIENTED_EDGE('',*,*,#1454,.F.);
#2008=ORIENTED_EDGE('',*,*,#1441,.F.);
#2009=ORIENTED_EDGE('',*,*,#1455,.T.);
#2010=ORIENTED_EDGE('',*,*,#1443,.T.);
#2011=ORIENTED_EDGE('',*,*,#1456,.F.);
#2012=ORIENTED_EDGE('',*,*,#1457,.F.);
#2013=ORIENTED_EDGE('',*,*,#1458,.T.);
#2014=ORIENTED_EDGE('',*,*,#1456,.T.);
#2015=ORIENTED_EDGE('',*,*,#1442,.T.);
#2016=ORIENTED_EDGE('',*,*,#1454,.T.);
#2017=ORIENTED_EDGE('',*,*,#1455,.F.);
#2018=ORIENTED_EDGE('',*,*,#1459,.T.);
#2019=ORIENTED_EDGE('',*,*,#1460,.F.);
#2020=ORIENTED_EDGE('',*,*,#1444,.F.);
#2021=ORIENTED_EDGE('',*,*,#1434,.T.);
#2022=ORIENTED_EDGE('',*,*,#1445,.T.);
#2023=ORIENTED_EDGE('',*,*,#1460,.T.);
#2024=ORIENTED_EDGE('',*,*,#1461,.F.);
#2025=ORIENTED_EDGE('',*,*,#1435,.T.);
#2026=ORIENTED_EDGE('',*,*,#1461,.T.);
#2027=ORIENTED_EDGE('',*,*,#1459,.F.);
#2028=ORIENTED_EDGE('',*,*,#1457,.T.);
#2029=ORIENTED_EDGE('',*,*,#1458,.F.);
#2030=ORIENTED_EDGE('',*,*,#1453,.F.);
#2031=ORIENTED_EDGE('',*,*,#1451,.F.);
#2032=ORIENTED_EDGE('',*,*,#1449,.T.);
#2033=ORIENTED_EDGE('',*,*,#1446,.F.);
#2034=ORIENTED_EDGE('',*,*,#1462,.F.);
#2035=ORIENTED_EDGE('',*,*,#1436,.T.);
#2036=ORIENTED_EDGE('',*,*,#1462,.T.);
#2037=ORIENTED_EDGE('',*,*,#1448,.F.);
#2038=ORIENTED_EDGE('',*,*,#1437,.T.);
#2039=ORIENTED_EDGE('',*,*,#1463,.T.);
#2040=ORIENTED_EDGE('',*,*,#1464,.T.);
#2041=ORIENTED_EDGE('',*,*,#1465,.F.);
#2042=ORIENTED_EDGE('',*,*,#1466,.T.);
#2043=ORIENTED_EDGE('',*,*,#1467,.T.);
#2044=ORIENTED_EDGE('',*,*,#1466,.F.);
#2045=ORIENTED_EDGE('',*,*,#1468,.F.);
#2046=ORIENTED_EDGE('',*,*,#1469,.F.);
#2047=ORIENTED_EDGE('',*,*,#1470,.F.);
#2048=ORIENTED_EDGE('',*,*,#1471,.T.);
#2049=ORIENTED_EDGE('',*,*,#1472,.F.);
#2050=ORIENTED_EDGE('',*,*,#1473,.F.);
#2051=ORIENTED_EDGE('',*,*,#1474,.T.);
#2052=ORIENTED_EDGE('',*,*,#1475,.F.);
#2053=ORIENTED_EDGE('',*,*,#1476,.F.);
#2054=ORIENTED_EDGE('',*,*,#1477,.T.);
#2055=ORIENTED_EDGE('',*,*,#1478,.F.);
#2056=ORIENTED_EDGE('',*,*,#1474,.F.);
#2057=ORIENTED_EDGE('',*,*,#1479,.T.);
#2058=ORIENTED_EDGE('',*,*,#1480,.T.);
#2059=ORIENTED_EDGE('',*,*,#1472,.T.);
#2060=ORIENTED_EDGE('',*,*,#1481,.T.);
#2061=ORIENTED_EDGE('',*,*,#1476,.T.);
#2062=ORIENTED_EDGE('',*,*,#1473,.T.);
#2063=ORIENTED_EDGE('',*,*,#1480,.F.);
#2064=ORIENTED_EDGE('',*,*,#1482,.F.);
#2065=ORIENTED_EDGE('',*,*,#1483,.F.);
#2066=ORIENTED_EDGE('',*,*,#1484,.T.);
#2067=ORIENTED_EDGE('',*,*,#1481,.F.);
#2068=ORIENTED_EDGE('',*,*,#1471,.F.);
#2069=ORIENTED_EDGE('',*,*,#1485,.T.);
#2070=ORIENTED_EDGE('',*,*,#1483,.T.);
#2071=ORIENTED_EDGE('',*,*,#1470,.T.);
#2072=ORIENTED_EDGE('',*,*,#1486,.T.);
#2073=ORIENTED_EDGE('',*,*,#1487,.F.);
#2074=ORIENTED_EDGE('',*,*,#1488,.F.);
#2075=ORIENTED_EDGE('',*,*,#1486,.F.);
#2076=ORIENTED_EDGE('',*,*,#1469,.T.);
#2077=ORIENTED_EDGE('',*,*,#1489,.T.);
#2078=ORIENTED_EDGE('',*,*,#1487,.T.);
#2079=ORIENTED_EDGE('',*,*,#1468,.T.);
#2080=ORIENTED_EDGE('',*,*,#1465,.T.);
#2081=ORIENTED_EDGE('',*,*,#1490,.T.);
#2082=ORIENTED_EDGE('',*,*,#1475,.T.);
#2083=ORIENTED_EDGE('',*,*,#1478,.T.);
#2084=ORIENTED_EDGE('',*,*,#1491,.F.);
#2085=ORIENTED_EDGE('',*,*,#1492,.T.);
#2086=ORIENTED_EDGE('',*,*,#1491,.T.);
#2087=ORIENTED_EDGE('',*,*,#1477,.F.);
#2088=ORIENTED_EDGE('',*,*,#1482,.T.);
#2089=ORIENTED_EDGE('',*,*,#1479,.F.);
#2090=ORIENTED_EDGE('',*,*,#1484,.F.);
#2091=ORIENTED_EDGE('',*,*,#1485,.F.);
#2092=ORIENTED_EDGE('',*,*,#1488,.T.);
#2093=ORIENTED_EDGE('',*,*,#1489,.F.);
#2094=ORIENTED_EDGE('',*,*,#1464,.F.);
#2095=ORIENTED_EDGE('',*,*,#1492,.F.);
#2096=ORIENTED_EDGE('',*,*,#1463,.F.);
#2097=ORIENTED_EDGE('',*,*,#1467,.F.);
#2098=ORIENTED_EDGE('',*,*,#1490,.F.);
#2099=ORIENTED_EDGE('',*,*,#1493,.F.);
#2100=ORIENTED_EDGE('',*,*,#1494,.F.);
#2101=ORIENTED_EDGE('',*,*,#1495,.F.);
#2102=ORIENTED_EDGE('',*,*,#1496,.F.);
#2103=ORIENTED_EDGE('',*,*,#1493,.T.);
#2104=ORIENTED_EDGE('',*,*,#1497,.F.);
#2105=ORIENTED_EDGE('',*,*,#1498,.F.);
#2106=ORIENTED_EDGE('',*,*,#1499,.F.);
#2107=ORIENTED_EDGE('',*,*,#1500,.F.);
#2108=ORIENTED_EDGE('',*,*,#1501,.T.);
#2109=ORIENTED_EDGE('',*,*,#1502,.F.);
#2110=ORIENTED_EDGE('',*,*,#1503,.F.);
#2111=ORIENTED_EDGE('',*,*,#1504,.T.);
#2112=ORIENTED_EDGE('',*,*,#1505,.F.);
#2113=ORIENTED_EDGE('',*,*,#1496,.T.);
#2114=ORIENTED_EDGE('',*,*,#1506,.T.);
#2115=ORIENTED_EDGE('',*,*,#1507,.F.);
#2116=ORIENTED_EDGE('',*,*,#1497,.T.);
#2117=ORIENTED_EDGE('',*,*,#1508,.T.);
#2118=ORIENTED_EDGE('',*,*,#1509,.T.);
#2119=ORIENTED_EDGE('',*,*,#1498,.T.);
#2120=ORIENTED_EDGE('',*,*,#1507,.T.);
#2121=ORIENTED_EDGE('',*,*,#1509,.F.);
#2122=ORIENTED_EDGE('',*,*,#1510,.F.);
#2123=ORIENTED_EDGE('',*,*,#1511,.F.);
#2124=ORIENTED_EDGE('',*,*,#1499,.T.);
#2125=ORIENTED_EDGE('',*,*,#1512,.T.);
#2126=ORIENTED_EDGE('',*,*,#1513,.T.);
#2127=ORIENTED_EDGE('',*,*,#1500,.T.);
#2128=ORIENTED_EDGE('',*,*,#1511,.T.);
#2129=ORIENTED_EDGE('',*,*,#1513,.F.);
#2130=ORIENTED_EDGE('',*,*,#1514,.T.);
#2131=ORIENTED_EDGE('',*,*,#1515,.F.);
#2132=ORIENTED_EDGE('',*,*,#1501,.F.);
#2133=ORIENTED_EDGE('',*,*,#1516,.T.);
#2134=ORIENTED_EDGE('',*,*,#1503,.T.);
#2135=ORIENTED_EDGE('',*,*,#1517,.F.);
#2136=ORIENTED_EDGE('',*,*,#1518,.F.);
#2137=ORIENTED_EDGE('',*,*,#1519,.T.);
#2138=ORIENTED_EDGE('',*,*,#1517,.T.);
#2139=ORIENTED_EDGE('',*,*,#1502,.T.);
#2140=ORIENTED_EDGE('',*,*,#1515,.T.);
#2141=ORIENTED_EDGE('',*,*,#1516,.F.);
#2142=ORIENTED_EDGE('',*,*,#1520,.T.);
#2143=ORIENTED_EDGE('',*,*,#1521,.F.);
#2144=ORIENTED_EDGE('',*,*,#1504,.F.);
#2145=ORIENTED_EDGE('',*,*,#1494,.T.);
#2146=ORIENTED_EDGE('',*,*,#1505,.T.);
#2147=ORIENTED_EDGE('',*,*,#1521,.T.);
#2148=ORIENTED_EDGE('',*,*,#1522,.F.);
#2149=ORIENTED_EDGE('',*,*,#1495,.T.);
#2150=ORIENTED_EDGE('',*,*,#1522,.T.);
#2151=ORIENTED_EDGE('',*,*,#1520,.F.);
#2152=ORIENTED_EDGE('',*,*,#1518,.T.);
#2153=ORIENTED_EDGE('',*,*,#1519,.F.);
#2154=ORIENTED_EDGE('',*,*,#1514,.F.);
#2155=ORIENTED_EDGE('',*,*,#1512,.F.);
#2156=ORIENTED_EDGE('',*,*,#1510,.T.);
#2157=ORIENTED_EDGE('',*,*,#1508,.F.);
#2158=ORIENTED_EDGE('',*,*,#1506,.F.);
#2159=PLANE('',#2495);
#2160=PLANE('',#2496);
#2161=PLANE('',#2497);
#2162=PLANE('',#2498);
#2163=PLANE('',#2499);
#2164=PLANE('',#2500);
#2165=PLANE('',#2501);
#2166=PLANE('',#2502);
#2167=PLANE('',#2503);
#2168=PLANE('',#2504);
#2169=PLANE('',#2505);
#2170=PLANE('',#2506);
#2171=PLANE('',#2507);
#2172=PLANE('',#2508);
#2173=PLANE('',#2509);
#2174=PLANE('',#2510);
#2175=PLANE('',#2511);
#2176=PLANE('',#2512);
#2177=PLANE('',#2513);
#2178=PLANE('',#2514);
#2179=PLANE('',#2515);
#2180=PLANE('',#2516);
#2181=PLANE('',#2517);
#2182=PLANE('',#2518);
#2183=PLANE('',#2519);
#2184=PLANE('',#2520);
#2185=PLANE('',#2521);
#2186=PLANE('',#2522);
#2187=PLANE('',#2523);
#2188=PLANE('',#2524);
#2189=PLANE('',#2525);
#2190=PLANE('',#2526);
#2191=PLANE('',#2527);
#2192=PLANE('',#2528);
#2193=PLANE('',#2529);
#2194=PLANE('',#2530);
#2195=PLANE('',#2531);
#2196=PLANE('',#2532);
#2197=PLANE('',#2533);
#2198=PLANE('',#2534);
#2199=PLANE('',#2535);
#2200=PLANE('',#2536);
#2201=PLANE('',#2537);
#2202=PLANE('',#2538);
#2203=PLANE('',#2539);
#2204=PLANE('',#2540);
#2205=PLANE('',#2541);
#2206=PLANE('',#2542);
#2207=PLANE('',#2543);
#2208=PLANE('',#2544);
#2209=PLANE('',#2545);
#2210=PLANE('',#2546);
#2211=PLANE('',#2547);
#2212=PLANE('',#2548);
#2213=PLANE('',#2549);
#2214=PLANE('',#2550);
#2215=PLANE('',#2552);
#2216=PLANE('',#2553);
#2217=PLANE('',#2554);
#2218=PLANE('',#2555);
#2219=PLANE('',#2556);
#2220=PLANE('',#2557);
#2221=PLANE('',#2558);
#2222=PLANE('',#2559);
#2223=PLANE('',#2560);
#2224=PLANE('',#2561);
#2225=PLANE('',#2562);
#2226=PLANE('',#2563);
#2227=PLANE('',#2564);
#2228=PLANE('',#2565);
#2229=PLANE('',#2566);
#2230=PLANE('',#2567);
#2231=PLANE('',#2568);
#2232=PLANE('',#2569);
#2233=PLANE('',#2570);
#2234=PLANE('',#2571);
#2235=PLANE('',#2572);
#2236=PLANE('',#2573);
#2237=PLANE('',#2574);
#2238=PLANE('',#2575);
#2239=PLANE('',#2576);
#2240=PLANE('',#2577);
#2241=PLANE('',#2578);
#2242=PLANE('',#2579);
#2243=PLANE('',#2580);
#2244=PLANE('',#2581);
#2245=PLANE('',#2582);
#2246=PLANE('',#2583);
#2247=PLANE('',#2584);
#2248=PLANE('',#2585);
#2249=PLANE('',#2586);
#2250=PLANE('',#2587);
#2251=PLANE('',#2588);
#2252=PLANE('',#2589);
#2253=PLANE('',#2590);
#2254=PLANE('',#2591);
#2255=PLANE('',#2592);
#2256=PLANE('',#2593);
#2257=PLANE('',#2594);
#2258=PLANE('',#2595);
#2259=PLANE('',#2596);
#2260=PLANE('',#2597);
#2261=PLANE('',#2598);
#2262=PLANE('',#2599);
#2263=PLANE('',#2600);
#2264=PLANE('',#2601);
#2265=PLANE('',#2602);
#2266=PLANE('',#2603);
#2267=PLANE('',#2604);
#2268=PLANE('',#2605);
#2269=PLANE('',#2606);
#2270=PLANE('',#2607);
#2271=PLANE('',#2608);
#2272=PLANE('',#2609);
#2273=PLANE('',#2614);
#2274=PLANE('',#2617);
#2275=PLANE('',#2618);
#2276=PLANE('',#2619);
#2277=PLANE('',#2620);
#2278=PLANE('',#2621);
#2279=PLANE('',#2622);
#2280=PLANE('',#2623);
#2281=PLANE('',#2624);
#2282=PLANE('',#2625);
#2283=PLANE('',#2628);
#2284=PLANE('',#2629);
#2285=PLANE('',#2630);
#2286=PLANE('',#2631);
#2287=PLANE('',#2634);
#2288=PLANE('',#2637);
#2289=PLANE('',#2638);
#2290=PLANE('',#2639);
#2291=PLANE('',#2640);
#2292=PLANE('',#2641);
#2293=PLANE('',#2644);
#2294=PLANE('',#2647);
#2295=PLANE('',#2650);
#2296=PLANE('',#2651);
#2297=PLANE('',#2652);
#2298=PLANE('',#2653);
#2299=PLANE('',#2654);
#2300=PLANE('',#2655);
#2301=ADVANCED_FACE('',(#85),#2159,.F.);
#2302=ADVANCED_FACE('',(#86),#2160,.T.);
#2303=ADVANCED_FACE('',(#87),#2161,.F.);
#2304=ADVANCED_FACE('',(#88),#2162,.F.);
#2305=ADVANCED_FACE('',(#89),#2163,.T.);
#2306=ADVANCED_FACE('',(#90),#2164,.T.);
#2307=ADVANCED_FACE('',(#91),#2165,.T.);
#2308=ADVANCED_FACE('',(#92),#2166,.T.);
#2309=ADVANCED_FACE('',(#93),#2167,.F.);
#2310=ADVANCED_FACE('',(#94),#2168,.T.);
#2311=ADVANCED_FACE('',(#95),#2169,.T.);
#2312=ADVANCED_FACE('',(#96),#2170,.F.);
#2313=ADVANCED_FACE('',(#97),#2171,.T.);
#2314=ADVANCED_FACE('',(#98),#2172,.F.);
#2315=ADVANCED_FACE('',(#99),#2173,.F.);
#2316=ADVANCED_FACE('',(#100),#2174,.T.);
#2317=ADVANCED_FACE('',(#101),#2175,.F.);
#2318=ADVANCED_FACE('',(#102),#2176,.F.);
#2319=ADVANCED_FACE('',(#103),#2177,.T.);
#2320=ADVANCED_FACE('',(#104),#2178,.T.);
#2321=ADVANCED_FACE('',(#105),#2179,.F.);
#2322=ADVANCED_FACE('',(#106),#2180,.T.);
#2323=ADVANCED_FACE('',(#107),#2181,.T.);
#2324=ADVANCED_FACE('',(#108),#2182,.F.);
#2325=ADVANCED_FACE('',(#109),#2183,.T.);
#2326=ADVANCED_FACE('',(#110),#2184,.F.);
#2327=ADVANCED_FACE('',(#111),#2185,.F.);
#2328=ADVANCED_FACE('',(#112),#2186,.T.);
#2329=ADVANCED_FACE('',(#113),#2187,.F.);
#2330=ADVANCED_FACE('',(#114),#2188,.F.);
#2331=ADVANCED_FACE('',(#115),#2189,.T.);
#2332=ADVANCED_FACE('',(#116),#2190,.T.);
#2333=ADVANCED_FACE('',(#117),#2191,.F.);
#2334=ADVANCED_FACE('',(#118),#2192,.T.);
#2335=ADVANCED_FACE('',(#119),#2193,.T.);
#2336=ADVANCED_FACE('',(#120),#2194,.F.);
#2337=ADVANCED_FACE('',(#121),#2195,.T.);
#2338=ADVANCED_FACE('',(#122),#2196,.F.);
#2339=ADVANCED_FACE('',(#123),#2197,.F.);
#2340=ADVANCED_FACE('',(#124),#2198,.T.);
#2341=ADVANCED_FACE('',(#125),#2199,.F.);
#2342=ADVANCED_FACE('',(#126),#2200,.F.);
#2343=ADVANCED_FACE('',(#127),#2201,.T.);
#2344=ADVANCED_FACE('',(#128),#2202,.T.);
#2345=ADVANCED_FACE('',(#129),#2203,.F.);
#2346=ADVANCED_FACE('',(#130),#2204,.T.);
#2347=ADVANCED_FACE('',(#131),#2205,.T.);
#2348=ADVANCED_FACE('',(#132),#2206,.F.);
#2349=ADVANCED_FACE('',(#133),#2207,.T.);
#2350=ADVANCED_FACE('',(#134),#2208,.F.);
#2351=ADVANCED_FACE('',(#135),#2209,.F.);
#2352=ADVANCED_FACE('',(#136),#2210,.T.);
#2353=ADVANCED_FACE('',(#137),#2211,.F.);
#2354=ADVANCED_FACE('',(#138),#2212,.F.);
#2355=ADVANCED_FACE('',(#139),#2213,.T.);
#2356=ADVANCED_FACE('',(#140),#2214,.T.);
#2357=ADVANCED_FACE('',(#141),#2215,.F.);
#2358=ADVANCED_FACE('',(#142),#2216,.T.);
#2359=ADVANCED_FACE('',(#143),#2217,.F.);
#2360=ADVANCED_FACE('',(#144),#2218,.F.);
#2361=ADVANCED_FACE('',(#145),#2219,.T.);
#2362=ADVANCED_FACE('',(#146),#2220,.T.);
#2363=ADVANCED_FACE('',(#147),#2221,.T.);
#2364=ADVANCED_FACE('',(#148),#2222,.T.);
#2365=ADVANCED_FACE('',(#149),#2223,.F.);
#2366=ADVANCED_FACE('',(#150),#2224,.T.);
#2367=ADVANCED_FACE('',(#151),#2225,.T.);
#2368=ADVANCED_FACE('',(#152),#2226,.F.);
#2369=ADVANCED_FACE('',(#153),#2227,.T.);
#2370=ADVANCED_FACE('',(#154),#2228,.F.);
#2371=ADVANCED_FACE('',(#155),#2229,.F.);
#2372=ADVANCED_FACE('',(#156),#2230,.T.);
#2373=ADVANCED_FACE('',(#157),#2231,.F.);
#2374=ADVANCED_FACE('',(#158),#2232,.F.);
#2375=ADVANCED_FACE('',(#159),#2233,.T.);
#2376=ADVANCED_FACE('',(#160),#2234,.T.);
#2377=ADVANCED_FACE('',(#161),#2235,.F.);
#2378=ADVANCED_FACE('',(#162),#2236,.T.);
#2379=ADVANCED_FACE('',(#163),#2237,.T.);
#2380=ADVANCED_FACE('',(#164),#2238,.F.);
#2381=ADVANCED_FACE('',(#165),#2239,.T.);
#2382=ADVANCED_FACE('',(#166),#2240,.F.);
#2383=ADVANCED_FACE('',(#167),#2241,.F.);
#2384=ADVANCED_FACE('',(#168),#2242,.T.);
#2385=ADVANCED_FACE('',(#169),#2243,.F.);
#2386=ADVANCED_FACE('',(#170),#2244,.F.);
#2387=ADVANCED_FACE('',(#171),#2245,.T.);
#2388=ADVANCED_FACE('',(#172),#2246,.T.);
#2389=ADVANCED_FACE('',(#173),#2247,.F.);
#2390=ADVANCED_FACE('',(#174),#2248,.T.);
#2391=ADVANCED_FACE('',(#175),#2249,.T.);
#2392=ADVANCED_FACE('',(#176),#2250,.F.);
#2393=ADVANCED_FACE('',(#177),#2251,.T.);
#2394=ADVANCED_FACE('',(#178),#2252,.F.);
#2395=ADVANCED_FACE('',(#179),#2253,.F.);
#2396=ADVANCED_FACE('',(#180),#2254,.T.);
#2397=ADVANCED_FACE('',(#181),#2255,.F.);
#2398=ADVANCED_FACE('',(#182),#2256,.F.);
#2399=ADVANCED_FACE('',(#183),#2257,.T.);
#2400=ADVANCED_FACE('',(#184),#2258,.T.);
#2401=ADVANCED_FACE('',(#185),#2259,.F.);
#2402=ADVANCED_FACE('',(#186),#2260,.T.);
#2403=ADVANCED_FACE('',(#187),#2261,.T.);
#2404=ADVANCED_FACE('',(#188),#2262,.F.);
#2405=ADVANCED_FACE('',(#189),#2263,.T.);
#2406=ADVANCED_FACE('',(#190),#2264,.F.);
#2407=ADVANCED_FACE('',(#191),#2265,.F.);
#2408=ADVANCED_FACE('',(#192),#2266,.T.);
#2409=ADVANCED_FACE('',(#193),#2267,.F.);
#2410=ADVANCED_FACE('',(#194),#2268,.F.);
#2411=ADVANCED_FACE('',(#195),#2269,.T.);
#2412=ADVANCED_FACE('',(#196),#2270,.T.);
#2413=ADVANCED_FACE('',(#197),#2271,.F.);
#2414=ADVANCED_FACE('',(#198),#2272,.T.);
#2415=ADVANCED_FACE('',(#199),#19,.F.);
#2416=ADVANCED_FACE('',(#200),#2273,.T.);
#2417=ADVANCED_FACE('',(#201),#20,.F.);
#2418=ADVANCED_FACE('',(#202),#2274,.T.);
#2419=ADVANCED_FACE('',(#203),#2275,.T.);
#2420=ADVANCED_FACE('',(#204),#2276,.T.);
#2421=ADVANCED_FACE('',(#205),#2277,.T.);
#2422=ADVANCED_FACE('',(#206),#2278,.T.);
#2423=ADVANCED_FACE('',(#207),#2279,.T.);
#2424=ADVANCED_FACE('',(#208),#2280,.T.);
#2425=ADVANCED_FACE('',(#209),#2281,.T.);
#2426=ADVANCED_FACE('',(#210),#2282,.T.);
#2427=ADVANCED_FACE('',(#211),#2283,.T.);
#2428=ADVANCED_FACE('',(#212),#2284,.T.);
#2429=ADVANCED_FACE('',(#213),#2285,.T.);
#2430=ADVANCED_FACE('',(#214),#2286,.T.);
#2431=ADVANCED_FACE('',(#215),#21,.F.);
#2432=ADVANCED_FACE('',(#216),#2287,.T.);
#2433=ADVANCED_FACE('',(#217),#22,.F.);
#2434=ADVANCED_FACE('',(#218),#2288,.T.);
#2435=ADVANCED_FACE('',(#219),#2289,.T.);
#2436=ADVANCED_FACE('',(#220),#2290,.F.);
#2437=ADVANCED_FACE('',(#221),#2291,.F.);
#2438=ADVANCED_FACE('',(#222),#2292,.T.);
#2439=ADVANCED_FACE('',(#223),#2293,.T.);
#2440=ADVANCED_FACE('',(#224),#23,.F.);
#2441=ADVANCED_FACE('',(#225),#2294,.T.);
#2442=ADVANCED_FACE('',(#226),#24,.F.);
#2443=ADVANCED_FACE('',(#227),#2295,.T.);
#2444=ADVANCED_FACE('',(#228),#2296,.T.);
#2445=ADVANCED_FACE('',(#229),#2297,.T.);
#2446=ADVANCED_FACE('',(#230),#2298,.T.);
#2447=ADVANCED_FACE('',(#231),#2299,.T.);
#2448=ADVANCED_FACE('',(#232),#2300,.T.);
#2449=CLOSED_SHELL('',(#2301,#2302,#2303,#2304,#2305,#2306,#2307,#2308));
#2450=CLOSED_SHELL('',(#2309,#2310,#2311,#2312,#2313,#2314));
#2451=CLOSED_SHELL('',(#2315,#2316,#2317,#2318,#2319,#2320));
#2452=CLOSED_SHELL('',(#2321,#2322,#2323,#2324,#2325,#2326));
#2453=CLOSED_SHELL('',(#2327,#2328,#2329,#2330,#2331,#2332));
#2454=CLOSED_SHELL('',(#2333,#2334,#2335,#2336,#2337,#2338));
#2455=CLOSED_SHELL('',(#2339,#2340,#2341,#2342,#2343,#2344));
#2456=CLOSED_SHELL('',(#2345,#2346,#2347,#2348,#2349,#2350));
#2457=CLOSED_SHELL('',(#2351,#2352,#2353,#2354,#2355,#2356));
#2458=CLOSED_SHELL('',(#2357,#2358,#2359,#2360,#2361,#2362,#2363,#2364));
#2459=CLOSED_SHELL('',(#2365,#2366,#2367,#2368,#2369,#2370));
#2460=CLOSED_SHELL('',(#2371,#2372,#2373,#2374,#2375,#2376));
#2461=CLOSED_SHELL('',(#2377,#2378,#2379,#2380,#2381,#2382));
#2462=CLOSED_SHELL('',(#2383,#2384,#2385,#2386,#2387,#2388));
#2463=CLOSED_SHELL('',(#2389,#2390,#2391,#2392,#2393,#2394));
#2464=CLOSED_SHELL('',(#2395,#2396,#2397,#2398,#2399,#2400));
#2465=CLOSED_SHELL('',(#2401,#2402,#2403,#2404,#2405,#2406));
#2466=CLOSED_SHELL('',(#2407,#2408,#2409,#2410,#2411,#2412));
#2467=CLOSED_SHELL('',(#2413,#2414,#2415,#2416,#2417,#2418,#2419,#2420,
#2421,#2422,#2423,#2424));
#2468=CLOSED_SHELL('',(#2425,#2426,#2427,#2428,#2429,#2430,#2431,#2432,
#2433,#2434,#2435,#2436));
#2469=CLOSED_SHELL('',(#2437,#2438,#2439,#2440,#2441,#2442,#2443,#2444,
#2445,#2446,#2447,#2448));
#2470=DERIVED_UNIT_ELEMENT(#2474,1.);
#2471=DERIVED_UNIT_ELEMENT(#3986,-3.);
#2472=DERIVED_UNIT_ELEMENT(#2474,1.);
#2473=DERIVED_UNIT_ELEMENT(#3986,-3.);
#2474=(
MASS_UNIT()
NAMED_UNIT(*)
SI_UNIT(.KILO.,.GRAM.)
);
#2475=DERIVED_UNIT((#2470,#2471));
#2476=DERIVED_UNIT((#2472,#2473));
#2477=MEASURE_REPRESENTATION_ITEM('density measure',
POSITIVE_RATIO_MEASURE(7850.),#2475);
#2478=MEASURE_REPRESENTATION_ITEM('density measure',
POSITIVE_RATIO_MEASURE(7850.),#2476);
#2479=PROPERTY_DEFINITION_REPRESENTATION(#2489,#2483);
#2480=PROPERTY_DEFINITION_REPRESENTATION(#2490,#2484);
#2481=PROPERTY_DEFINITION_REPRESENTATION(#2491,#2485);
#2482=PROPERTY_DEFINITION_REPRESENTATION(#2492,#2486);
#2483=REPRESENTATION('material name',(#2487),#3982);
#2484=REPRESENTATION('density',(#2477),#3982);
#2485=REPRESENTATION('material name',(#2488),#3983);
#2486=REPRESENTATION('density',(#2478),#3983);
#2487=DESCRIPTIVE_REPRESENTATION_ITEM('Steel','Steel');
#2488=DESCRIPTIVE_REPRESENTATION_ITEM('Steel','Steel');
#2489=PROPERTY_DEFINITION('material property','material name',#4002);
#2490=PROPERTY_DEFINITION('material property','density of part',#4002);
#2491=PROPERTY_DEFINITION('material property','material name',#4003);
#2492=PROPERTY_DEFINITION('material property','density of part',#4003);
#2493=AXIS2_PLACEMENT_3D('',#3294,#2658,#2659);
#2494=AXIS2_PLACEMENT_3D('',#3295,#2660,#2661);
#2495=AXIS2_PLACEMENT_3D('',#3296,#2662,#2663);
#2496=AXIS2_PLACEMENT_3D('',#3307,#2669,#2670);
#2497=AXIS2_PLACEMENT_3D('',#3313,#2674,#2675);
#2498=AXIS2_PLACEMENT_3D('',#3321,#2680,#2681);
#2499=AXIS2_PLACEMENT_3D('',#3327,#2685,#2686);
#2500=AXIS2_PLACEMENT_3D('',#3329,#2688,#2689);
#2501=AXIS2_PLACEMENT_3D('',#3331,#2691,#2692);
#2502=AXIS2_PLACEMENT_3D('',#3333,#2694,#2695);
#2503=AXIS2_PLACEMENT_3D('',#3334,#2696,#2697);
#2504=AXIS2_PLACEMENT_3D('',#3343,#2702,#2703);
#2505=AXIS2_PLACEMENT_3D('',#3349,#2707,#2708);
#2506=AXIS2_PLACEMENT_3D('',#3353,#2711,#2712);
#2507=AXIS2_PLACEMENT_3D('',#3357,#2715,#2716);
#2508=AXIS2_PLACEMENT_3D('',#3359,#2718,#2719);
#2509=AXIS2_PLACEMENT_3D('',#3360,#2720,#2721);
#2510=AXIS2_PLACEMENT_3D('',#3369,#2726,#2727);
#2511=AXIS2_PLACEMENT_3D('',#3375,#2731,#2732);
#2512=AXIS2_PLACEMENT_3D('',#3379,#2735,#2736);
#2513=AXIS2_PLACEMENT_3D('',#3383,#2739,#2740);
#2514=AXIS2_PLACEMENT_3D('',#3385,#2742,#2743);
#2515=AXIS2_PLACEMENT_3D('',#3386,#2744,#2745);
#2516=AXIS2_PLACEMENT_3D('',#3395,#2750,#2751);
#2517=AXIS2_PLACEMENT_3D('',#3401,#2755,#2756);
#2518=AXIS2_PLACEMENT_3D('',#3405,#2759,#2760);
#2519=AXIS2_PLACEMENT_3D('',#3409,#2763,#2764);
#2520=AXIS2_PLACEMENT_3D('',#3411,#2766,#2767);
#2521=AXIS2_PLACEMENT_3D('',#3412,#2768,#2769);
#2522=AXIS2_PLACEMENT_3D('',#3421,#2774,#2775);
#2523=AXIS2_PLACEMENT_3D('',#3427,#2779,#2780);
#2524=AXIS2_PLACEMENT_3D('',#3431,#2783,#2784);
#2525=AXIS2_PLACEMENT_3D('',#3435,#2787,#2788);
#2526=AXIS2_PLACEMENT_3D('',#3437,#2790,#2791);
#2527=AXIS2_PLACEMENT_3D('',#3438,#2792,#2793);
#2528=AXIS2_PLACEMENT_3D('',#3447,#2798,#2799);
#2529=AXIS2_PLACEMENT_3D('',#3453,#2803,#2804);
#2530=AXIS2_PLACEMENT_3D('',#3457,#2807,#2808);
#2531=AXIS2_PLACEMENT_3D('',#3461,#2811,#2812);
#2532=AXIS2_PLACEMENT_3D('',#3463,#2814,#2815);
#2533=AXIS2_PLACEMENT_3D('',#3464,#2816,#2817);
#2534=AXIS2_PLACEMENT_3D('',#3473,#2822,#2823);
#2535=AXIS2_PLACEMENT_3D('',#3479,#2827,#2828);
#2536=AXIS2_PLACEMENT_3D('',#3483,#2831,#2832);
#2537=AXIS2_PLACEMENT_3D('',#3487,#2835,#2836);
#2538=AXIS2_PLACEMENT_3D('',#3489,#2838,#2839);
#2539=AXIS2_PLACEMENT_3D('',#3490,#2840,#2841);
#2540=AXIS2_PLACEMENT_3D('',#3499,#2846,#2847);
#2541=AXIS2_PLACEMENT_3D('',#3505,#2851,#2852);
#2542=AXIS2_PLACEMENT_3D('',#3509,#2855,#2856);
#2543=AXIS2_PLACEMENT_3D('',#3513,#2859,#2860);
#2544=AXIS2_PLACEMENT_3D('',#3515,#2862,#2863);
#2545=AXIS2_PLACEMENT_3D('',#3516,#2864,#2865);
#2546=AXIS2_PLACEMENT_3D('',#3525,#2870,#2871);
#2547=AXIS2_PLACEMENT_3D('',#3531,#2875,#2876);
#2548=AXIS2_PLACEMENT_3D('',#3535,#2879,#2880);
#2549=AXIS2_PLACEMENT_3D('',#3539,#2883,#2884);
#2550=AXIS2_PLACEMENT_3D('',#3541,#2886,#2887);
#2551=AXIS2_PLACEMENT_3D('',#3542,#2888,#2889);
#2552=AXIS2_PLACEMENT_3D('',#3543,#2890,#2891);
#2553=AXIS2_PLACEMENT_3D('',#3554,#2897,#2898);
#2554=AXIS2_PLACEMENT_3D('',#3560,#2902,#2903);
#2555=AXIS2_PLACEMENT_3D('',#3568,#2908,#2909);
#2556=AXIS2_PLACEMENT_3D('',#3574,#2913,#2914);
#2557=AXIS2_PLACEMENT_3D('',#3576,#2916,#2917);
#2558=AXIS2_PLACEMENT_3D('',#3578,#2919,#2920);
#2559=AXIS2_PLACEMENT_3D('',#3580,#2922,#2923);
#2560=AXIS2_PLACEMENT_3D('',#3581,#2924,#2925);
#2561=AXIS2_PLACEMENT_3D('',#3590,#2930,#2931);
#2562=AXIS2_PLACEMENT_3D('',#3596,#2935,#2936);
#2563=AXIS2_PLACEMENT_3D('',#3600,#2939,#2940);
#2564=AXIS2_PLACEMENT_3D('',#3604,#2943,#2944);
#2565=AXIS2_PLACEMENT_3D('',#3606,#2946,#2947);
#2566=AXIS2_PLACEMENT_3D('',#3607,#2948,#2949);
#2567=AXIS2_PLACEMENT_3D('',#3616,#2954,#2955);
#2568=AXIS2_PLACEMENT_3D('',#3622,#2959,#2960);
#2569=AXIS2_PLACEMENT_3D('',#3626,#2963,#2964);
#2570=AXIS2_PLACEMENT_3D('',#3630,#2967,#2968);
#2571=AXIS2_PLACEMENT_3D('',#3632,#2970,#2971);
#2572=AXIS2_PLACEMENT_3D('',#3633,#2972,#2973);
#2573=AXIS2_PLACEMENT_3D('',#3642,#2978,#2979);
#2574=AXIS2_PLACEMENT_3D('',#3648,#2983,#2984);
#2575=AXIS2_PLACEMENT_3D('',#3652,#2987,#2988);
#2576=AXIS2_PLACEMENT_3D('',#3656,#2991,#2992);
#2577=AXIS2_PLACEMENT_3D('',#3658,#2994,#2995);
#2578=AXIS2_PLACEMENT_3D('',#3659,#2996,#2997);
#2579=AXIS2_PLACEMENT_3D('',#3668,#3002,#3003);
#2580=AXIS2_PLACEMENT_3D('',#3674,#3007,#3008);
#2581=AXIS2_PLACEMENT_3D('',#3678,#3011,#3012);
#2582=AXIS2_PLACEMENT_3D('',#3682,#3015,#3016);
#2583=AXIS2_PLACEMENT_3D('',#3684,#3018,#3019);
#2584=AXIS2_PLACEMENT_3D('',#3685,#3020,#3021);
#2585=AXIS2_PLACEMENT_3D('',#3694,#3026,#3027);
#2586=AXIS2_PLACEMENT_3D('',#3700,#3031,#3032);
#2587=AXIS2_PLACEMENT_3D('',#3704,#3035,#3036);
#2588=AXIS2_PLACEMENT_3D('',#3708,#3039,#3040);
#2589=AXIS2_PLACEMENT_3D('',#3710,#3042,#3043);
#2590=AXIS2_PLACEMENT_3D('',#3711,#3044,#3045);
#2591=AXIS2_PLACEMENT_3D('',#3720,#3050,#3051);
#2592=AXIS2_PLACEMENT_3D('',#3726,#3055,#3056);
#2593=AXIS2_PLACEMENT_3D('',#3730,#3059,#3060);
#2594=AXIS2_PLACEMENT_3D('',#3734,#3063,#3064);
#2595=AXIS2_PLACEMENT_3D('',#3736,#3066,#3067);
#2596=AXIS2_PLACEMENT_3D('',#3737,#3068,#3069);
#2597=AXIS2_PLACEMENT_3D('',#3746,#3074,#3075);
#2598=AXIS2_PLACEMENT_3D('',#3752,#3079,#3080);
#2599=AXIS2_PLACEMENT_3D('',#3756,#3083,#3084);
#2600=AXIS2_PLACEMENT_3D('',#3760,#3087,#3088);
#2601=AXIS2_PLACEMENT_3D('',#3762,#3090,#3091);
#2602=AXIS2_PLACEMENT_3D('',#3763,#3092,#3093);
#2603=AXIS2_PLACEMENT_3D('',#3772,#3098,#3099);
#2604=AXIS2_PLACEMENT_3D('',#3778,#3103,#3104);
#2605=AXIS2_PLACEMENT_3D('',#3782,#3107,#3108);
#2606=AXIS2_PLACEMENT_3D('',#3786,#3111,#3112);
#2607=AXIS2_PLACEMENT_3D('',#3788,#3114,#3115);
#2608=AXIS2_PLACEMENT_3D('',#3789,#3116,#3117);
#2609=AXIS2_PLACEMENT_3D('',#3798,#3122,#3123);
#2610=AXIS2_PLACEMENT_3D('',#3802,#3125,#3126);
#2611=AXIS2_PLACEMENT_3D('',#3806,#3128,#3129);
#2612=AXIS2_PLACEMENT_3D('',#3816,#3135,#3136);
#2613=AXIS2_PLACEMENT_3D('',#3819,#3137,#3138);
#2614=AXIS2_PLACEMENT_3D('',#3822,#3141,#3142);
#2615=AXIS2_PLACEMENT_3D('',#3826,#3145,#3146);
#2616=AXIS2_PLACEMENT_3D('',#3828,#3147,#3148);
#2617=AXIS2_PLACEMENT_3D('',#3830,#3150,#3151);
#2618=AXIS2_PLACEMENT_3D('',#3834,#3154,#3155);
#2619=AXIS2_PLACEMENT_3D('',#3840,#3159,#3160);
#2620=AXIS2_PLACEMENT_3D('',#3842,#3162,#3163);
#2621=AXIS2_PLACEMENT_3D('',#3846,#3166,#3167);
#2622=AXIS2_PLACEMENT_3D('',#3848,#3169,#3170);
#2623=AXIS2_PLACEMENT_3D('',#3850,#3172,#3173);
#2624=AXIS2_PLACEMENT_3D('',#3851,#3174,#3175);
#2625=AXIS2_PLACEMENT_3D('',#3860,#3180,#3181);
#2626=AXIS2_PLACEMENT_3D('',#3864,#3183,#3184);
#2627=AXIS2_PLACEMENT_3D('',#3868,#3186,#3187);
#2628=AXIS2_PLACEMENT_3D('',#3878,#3193,#3194);
#2629=AXIS2_PLACEMENT_3D('',#3884,#3198,#3199);
#2630=AXIS2_PLACEMENT_3D('',#3890,#3203,#3204);
#2631=AXIS2_PLACEMENT_3D('',#3892,#3206,#3207);
#2632=AXIS2_PLACEMENT_3D('',#3896,#3210,#3211);
#2633=AXIS2_PLACEMENT_3D('',#3898,#3212,#3213);
#2634=AXIS2_PLACEMENT_3D('',#3900,#3215,#3216);
#2635=AXIS2_PLACEMENT_3D('',#3904,#3219,#3220);
#2636=AXIS2_PLACEMENT_3D('',#3905,#3221,#3222);
#2637=AXIS2_PLACEMENT_3D('',#3906,#3223,#3224);
#2638=AXIS2_PLACEMENT_3D('',#3910,#3227,#3228);
#2639=AXIS2_PLACEMENT_3D('',#3912,#3230,#3231);
#2640=AXIS2_PLACEMENT_3D('',#3913,#3232,#3233);
#2641=AXIS2_PLACEMENT_3D('',#3922,#3238,#3239);
#2642=AXIS2_PLACEMENT_3D('',#3926,#3241,#3242);
#2643=AXIS2_PLACEMENT_3D('',#3930,#3244,#3245);
#2644=AXIS2_PLACEMENT_3D('',#3940,#3251,#3252);
#2645=AXIS2_PLACEMENT_3D('',#3944,#3255,#3256);
#2646=AXIS2_PLACEMENT_3D('',#3946,#3257,#3258);
#2647=AXIS2_PLACEMENT_3D('',#3948,#3260,#3261);
#2648=AXIS2_PLACEMENT_3D('',#3952,#3264,#3265);
#2649=AXIS2_PLACEMENT_3D('',#3954,#3266,#3267);
#2650=AXIS2_PLACEMENT_3D('',#3956,#3269,#3270);
#2651=AXIS2_PLACEMENT_3D('',#3960,#3273,#3274);
#2652=AXIS2_PLACEMENT_3D('',#3966,#3278,#3279);
#2653=AXIS2_PLACEMENT_3D('',#3968,#3281,#3282);
#2654=AXIS2_PLACEMENT_3D('',#3972,#3285,#3286);
#2655=AXIS2_PLACEMENT_3D('',#3974,#3288,#3289);
#2656=AXIS2_PLACEMENT_3D('',#3975,#3290,#3291);
#2657=AXIS2_PLACEMENT_3D('',#3976,#3292,#3293);
#2658=DIRECTION('axis',(0.,0.,1.));
#2659=DIRECTION('refdir',(1.,0.,0.));
#2660=DIRECTION('axis',(0.,0.,1.));
#2661=DIRECTION('refdir',(1.,0.,0.));
#2662=DIRECTION('center_axis',(-0.92387953251129,-0.382683432365081,-1.07979514265246E-14));
#2663=DIRECTION('ref_axis',(0.382683432365081,-0.92387953251129,0.));
#2664=DIRECTION('',(-0.281084637714807,0.678598344545852,-0.678598344545848));
#2665=DIRECTION('',(-0.37092028924515,0.895480792855009,0.24603310479295));
#2666=DIRECTION('',(-0.281084637714821,0.678598344545847,0.678598344545847));
#2667=DIRECTION('',(0.281084637714807,-0.678598344545852,0.678598344545848));
#2668=DIRECTION('',(0.28108463771482,-0.678598344545845,-0.678598344545849));
#2669=DIRECTION('center_axis',(-1.58969426219596E-15,-0.707106781186546,
-0.707106781186549));
#2670=DIRECTION('ref_axis',(-1.,1.16738139562388E-15,1.08078579000033E-15));
#2671=DIRECTION('',(-1.,1.16738139562388E-15,1.08078579000033E-15));
#2672=DIRECTION('',(0.281084637715049,0.678598344545801,-0.678598344545798));
#2673=DIRECTION('',(-1.,1.16738139562388E-15,1.08078579000033E-15));
#2674=DIRECTION('center_axis',(6.12323399573677E-17,0.707106781186548,-0.707106781186547));
#2675=DIRECTION('ref_axis',(0.,0.707106781186547,0.707106781186548));
#2676=DIRECTION('',(-0.417553504133018,0.642514229875976,0.642514229875976));
#2677=DIRECTION('',(-1.,1.33147877438893E-15,1.24488316876538E-15));
#2678=DIRECTION('',(0.417553504133041,0.642514229875969,0.642514229875969));
#2679=DIRECTION('',(-0.28108463771482,-0.678598344545847,-0.678598344545847));
#2680=DIRECTION('center_axis',(0.923879532511227,-0.382683432365233,1.68922497695252E-13));
#2681=DIRECTION('ref_axis',(0.382683432365233,0.923879532511227,0.));
#2682=DIRECTION('',(-0.370920289245229,-0.895480792854899,-0.246033104793229));
#2683=DIRECTION('',(-0.281084637715049,-0.678598344545801,0.678598344545798));
#2684=DIRECTION('',(0.281084637714819,0.678598344545846,0.678598344545849));
#2685=DIRECTION('center_axis',(0.,0.707106781186549,-0.707106781186546));
#2686=DIRECTION('ref_axis',(-1.,0.,0.));
#2687=DIRECTION('',(1.,-1.33147877438893E-15,-1.24488316876538E-15));
#2688=DIRECTION('center_axis',(0.90865233790831,0.295254914280662,0.295254914280663));
#2689=DIRECTION('ref_axis',(0.417553504133018,-0.642514229875976,-0.642514229875976));
#2690=DIRECTION('',(0.,0.707106781186549,-0.707106781186546));
#2691=DIRECTION('center_axis',(1.82176300079536E-15,0.707106781186546,0.707106781186549));
#2692=DIRECTION('ref_axis',(1.,-1.33147877438893E-15,-1.24488316876538E-15));
#2693=DIRECTION('',(0.,0.707106781186549,-0.707106781186546));
#2694=DIRECTION('center_axis',(-0.9086523379083,0.295254914280677,0.295254914280679));
#2695=DIRECTION('ref_axis',(0.417553504133041,0.642514229875969,0.642514229875969));
#2696=DIRECTION('center_axis',(0.923879532511227,-0.382683432365233,1.68922497695252E-13));
#2697=DIRECTION('ref_axis',(0.382683432365233,0.923879532511227,0.));
#2698=DIRECTION('',(-0.281084637715048,-0.6785983445458,0.6785983445458));
#2699=DIRECTION('',(0.28108463771482,0.678598344545847,0.678598344545847));
#2700=DIRECTION('',(0.281084637715048,0.6785983445458,-0.6785983445458));
#2701=DIRECTION('',(-0.28108463771482,-0.678598344545847,-0.678598344545847));
#2702=DIRECTION('center_axis',(-3.53888969497043E-16,-0.707106781186548,
-0.707106781186548));
#2703=DIRECTION('ref_axis',(-1.,1.52514642254668E-16,3.47959937982289E-16));
#2704=DIRECTION('',(-1.,1.52514642254668E-16,3.47959937982289E-16));
#2705=DIRECTION('',(0.281084637714806,-0.67859834454585,0.67859834454585));
#2706=DIRECTION('',(-1.,1.52514642254668E-16,3.47959937982289E-16));
#2707=DIRECTION('center_axis',(0.,0.707106781186548,-0.707106781186548));
#2708=DIRECTION('ref_axis',(-1.,0.,0.));
#2709=DIRECTION('',(1.,-1.16738139562388E-15,-1.08078579000033E-15));
#2710=DIRECTION('',(0.281084637714821,-0.678598344545847,-0.678598344545847));
#2711=DIRECTION('center_axis',(-0.92387953251129,-0.382683432365081,-1.07979514265246E-14));
#2712=DIRECTION('ref_axis',(0.382683432365081,-0.92387953251129,0.));
#2713=DIRECTION('',(-0.281084637714806,0.67859834454585,-0.67859834454585));
#2714=DIRECTION('',(-0.281084637714821,0.678598344545847,0.678598344545847));
#2715=DIRECTION('center_axis',(1.58969426219596E-15,0.707106781186548,0.707106781186548));
#2716=DIRECTION('ref_axis',(1.,-1.16738139562388E-15,-1.08078579000033E-15));
#2717=DIRECTION('',(-1.,1.16738139562388E-15,1.08078579000033E-15));
#2718=DIRECTION('center_axis',(-1.74942442944751E-16,0.707106781186548,
-0.707106781186547));
#2719=DIRECTION('ref_axis',(-4.2356854168104E-33,0.707106781186547,0.707106781186548));
#2720=DIRECTION('center_axis',(-0.92387953251129,-0.382683432365081,-1.07979514265246E-14));
#2721=DIRECTION('ref_axis',(0.382683432365081,-0.92387953251129,0.));
#2722=DIRECTION('',(-0.281084637714806,0.67859834454585,-0.67859834454585));
#2723=DIRECTION('',(-0.281084637714821,0.678598344545847,0.678598344545847));
#2724=DIRECTION('',(0.281084637714806,-0.67859834454585,0.67859834454585));
#2725=DIRECTION('',(0.281084637714821,-0.678598344545847,-0.678598344545847));
#2726=DIRECTION('center_axis',(-3.42415387300388E-16,-0.707106781186548,
-0.707106781186548));
#2727=DIRECTION('ref_axis',(-1.,1.47970380631895E-16,3.3627810405355E-16));
#2728=DIRECTION('',(-1.,1.47970380631895E-16,3.3627810405355E-16));
#2729=DIRECTION('',(0.281084637715048,0.6785983445458,-0.6785983445458));
#2730=DIRECTION('',(-1.,1.47970380631895E-16,3.3627810405355E-16));
#2731=DIRECTION('center_axis',(-1.74942442944751E-16,0.707106781186548,
-0.707106781186547));
#2732=DIRECTION('ref_axis',(-4.2356854168104E-33,0.707106781186547,0.707106781186548));
#2733=DIRECTION('',(-1.,1.52514642254668E-16,3.47959937982289E-16));
#2734=DIRECTION('',(-0.28108463771482,-0.678598344545847,-0.678598344545847));
#2735=DIRECTION('center_axis',(0.923879532511227,-0.382683432365233,1.68922497695252E-13));
#2736=DIRECTION('ref_axis',(0.382683432365233,0.923879532511227,0.));
#2737=DIRECTION('',(-0.281084637715048,-0.6785983445458,0.6785983445458));
#2738=DIRECTION('',(0.28108463771482,0.678598344545847,0.678598344545847));
#2739=DIRECTION('center_axis',(3.53888969497043E-16,0.707106781186548,0.707106781186548));
#2740=DIRECTION('ref_axis',(1.,-1.52514642254668E-16,-3.47959937982289E-16));
#2741=DIRECTION('',(1.,-1.52514642254668E-16,-3.47959937982289E-16));
#2742=DIRECTION('center_axis',(0.,0.707106781186548,-0.707106781186548));
#2743=DIRECTION('ref_axis',(-1.,0.,0.));
#2744=DIRECTION('center_axis',(0.923879532511227,-0.382683432365233,1.68922497695252E-13));
#2745=DIRECTION('ref_axis',(0.382683432365233,0.923879532511227,0.));
#2746=DIRECTION('',(-0.281084637714216,-0.67859834454379,0.678598344548154));
#2747=DIRECTION('',(0.281084637715652,0.678598344547857,0.678598344543493));
#2748=DIRECTION('',(0.281084637714216,0.67859834454379,-0.678598344548154));
#2749=DIRECTION('',(-0.28108463771482,-0.678598344545847,-0.678598344545847));
#2750=DIRECTION('center_axis',(-3.67379779941296E-16,-0.707106781188821,
-0.707106781184274));
#2751=DIRECTION('ref_axis',(-1.,1.6409643160123E-16,3.55457035734009E-16));
#2752=DIRECTION('',(-1.,1.6409643160123E-16,3.5545703573401E-16));
#2753=DIRECTION('',(0.281084637713974,-0.67859834454384,0.678598344548204));
#2754=DIRECTION('',(-1.,1.6409643160123E-16,3.55457035734009E-16));
#2755=DIRECTION('center_axis',(0.,0.707106781184274,-0.707106781188821));
#2756=DIRECTION('ref_axis',(-1.,0.,0.));
#2757=DIRECTION('',(1.,-1.47970380631895E-16,-3.3627810405355E-16));
#2758=DIRECTION('',(0.281084637715653,-0.678598344547857,-0.678598344543492));
#2759=DIRECTION('center_axis',(-0.92387953251129,-0.382683432365081,-1.07979514265246E-14));
#2760=DIRECTION('ref_axis',(0.382683432365081,-0.92387953251129,0.));
#2761=DIRECTION('',(-0.281084637713974,0.67859834454384,-0.678598344548204));
#2762=DIRECTION('',(-0.281084637714821,0.678598344545847,0.678598344545847));
#2763=DIRECTION('center_axis',(3.4241538729996E-16,0.707106781188821,0.707106781184274));
#2764=DIRECTION('ref_axis',(1.,-1.47970380631895E-16,-3.3627810405355E-16));
#2765=DIRECTION('',(-1.,1.47970380631895E-16,3.3627810405355E-16));
#2766=DIRECTION('center_axis',(-1.74942442944751E-16,0.707106781186548,
-0.707106781186547));
#2767=DIRECTION('ref_axis',(-4.2356854168104E-33,0.707106781186547,0.707106781186548));
#2768=DIRECTION('center_axis',(-0.92387953251129,-0.382683432365081,-1.07979514265246E-14));
#2769=DIRECTION('ref_axis',(0.382683432365081,-0.92387953251129,0.));
#2770=DIRECTION('',(-0.281084637714806,0.678598344545848,-0.678598344545852));
#2771=DIRECTION('',(-0.281084637714821,0.678598344545847,0.678598344545847));
#2772=DIRECTION('',(0.281084637714806,-0.678598344545848,0.678598344545852));
#2773=DIRECTION('',(0.281084637714822,-0.678598344545849,-0.678598344545845));
#2774=DIRECTION('center_axis',(-3.60447437212918E-16,-0.707106781186549,
-0.707106781186546));
#2775=DIRECTION('ref_axis',(-1.,1.61816998867964E-16,3.47932655361169E-16));
#2776=DIRECTION('',(-1.,1.61816998867964E-16,3.47932655361169E-16));
#2777=DIRECTION('',(0.281084637715047,0.678598344545798,-0.678598344545802));
#2778=DIRECTION('',(-1.,1.61816998867964E-16,3.47932655361169E-16));
#2779=DIRECTION('center_axis',(-1.74942442944751E-16,0.707106781186548,
-0.707106781186547));
#2780=DIRECTION('ref_axis',(-4.2356854168104E-33,0.707106781186547,0.707106781186548));
#2781=DIRECTION('',(-1.,1.6409643160123E-16,3.55457035734009E-16));
#2782=DIRECTION('',(-0.28108463771482,-0.678598344545847,-0.678598344545847));
#2783=DIRECTION('center_axis',(0.923879532511227,-0.382683432365233,1.68922497695252E-13));
#2784=DIRECTION('ref_axis',(0.382683432365233,0.923879532511227,0.));
#2785=DIRECTION('',(-0.281084637715047,-0.678598344545798,0.678598344545802));
#2786=DIRECTION('',(0.28108463771482,0.678598344545849,0.678598344545845));
#2787=DIRECTION('center_axis',(3.67379779941731E-16,0.707106781186549,0.707106781186546));
#2788=DIRECTION('ref_axis',(1.,-1.6409643160123E-16,-3.55457035734009E-16));
#2789=DIRECTION('',(1.,-1.6409643160123E-16,-3.5545703573401E-16));
#2790=DIRECTION('center_axis',(0.,0.707106781186546,-0.707106781186549));
#2791=DIRECTION('ref_axis',(-1.,0.,0.));
#2792=DIRECTION('center_axis',(0.923879532511227,-0.382683432365233,1.68922497695252E-13));
#2793=DIRECTION('ref_axis',(0.382683432365233,0.923879532511227,0.));
#2794=DIRECTION('',(-0.281084637714216,-0.67859834454379,0.678598344548154));
#2795=DIRECTION('',(0.281084637715652,0.678598344547857,0.678598344543493));
#2796=DIRECTION('',(0.281084637714216,0.67859834454379,-0.678598344548154));
#2797=DIRECTION('',(-0.28108463771482,-0.678598344545847,-0.678598344545847));
#2798=DIRECTION('center_axis',(-1.96907077514151E-28,-0.707106781188821,
-0.707106781184274));
#2799=DIRECTION('ref_axis',(-1.,4.32978028117747E-17,-4.32978028117747E-17));
#2800=DIRECTION('',(-1.,4.32978028117747E-17,-4.32978028117747E-17));
#2801=DIRECTION('',(0.281084637713974,-0.67859834454384,0.678598344548204));
#2802=DIRECTION('',(-1.,4.32978028117747E-17,-4.32978028117747E-17));
#2803=DIRECTION('center_axis',(0.,0.707106781184274,-0.707106781188821));
#2804=DIRECTION('ref_axis',(-1.,0.,0.));
#2805=DIRECTION('',(1.,-1.61816998867964E-16,-3.47932655361169E-16));
#2806=DIRECTION('',(0.281084637715653,-0.678598344547857,-0.678598344543492));
#2807=DIRECTION('center_axis',(-0.92387953251129,-0.382683432365081,-1.07979514265246E-14));
#2808=DIRECTION('ref_axis',(0.382683432365081,-0.92387953251129,0.));
#2809=DIRECTION('',(-0.281084637713974,0.67859834454384,-0.678598344548204));
#2810=DIRECTION('',(-0.281084637714821,0.678598344545847,0.678598344545847));
#2811=DIRECTION('center_axis',(3.60447437212495E-16,0.707106781188821,0.707106781184274));
#2812=DIRECTION('ref_axis',(1.,-1.61816998867964E-16,-3.47932655361169E-16));
#2813=DIRECTION('',(-1.,1.61816998867964E-16,3.47932655361169E-16));
#2814=DIRECTION('center_axis',(-1.74942442944751E-16,0.707106781186548,
-0.707106781186547));
#2815=DIRECTION('ref_axis',(-4.2356854168104E-33,0.707106781186547,0.707106781186548));
#2816=DIRECTION('center_axis',(-0.92387953251129,-0.382683432365081,-1.07979514265246E-14));
#2817=DIRECTION('ref_axis',(0.382683432365081,-0.92387953251129,0.));
#2818=DIRECTION('',(-0.281084637714806,0.678598344545848,-0.678598344545852));
#2819=DIRECTION('',(-0.281084637714821,0.678598344545847,0.678598344545847));
#2820=DIRECTION('',(0.281084637714806,-0.678598344545848,0.678598344545852));
#2821=DIRECTION('',(0.281084637714822,-0.678598344545849,-0.678598344545845));
#2822=DIRECTION('center_axis',(-1.72563323017096E-31,-0.707106781186549,
-0.707106781186546));
#2823=DIRECTION('ref_axis',(-1.,4.32978028117747E-17,-4.32978028117747E-17));
#2824=DIRECTION('',(-1.,4.32978028117747E-17,-4.32978028117747E-17));
#2825=DIRECTION('',(0.281084637715047,0.678598344545798,-0.678598344545802));
#2826=DIRECTION('',(-1.,4.32978028117747E-17,-4.32978028117747E-17));
#2827=DIRECTION('center_axis',(-1.74942442944751E-16,0.707106781186548,
-0.707106781186547));
#2828=DIRECTION('ref_axis',(-4.2356854168104E-33,0.707106781186547,0.707106781186548));
#2829=DIRECTION('',(-1.,4.32978028117747E-17,-4.32978028117747E-17));
#2830=DIRECTION('',(-0.28108463771482,-0.678598344545847,-0.678598344545847));
#2831=DIRECTION('center_axis',(0.923879532511227,-0.382683432365233,1.68922497695252E-13));
#2832=DIRECTION('ref_axis',(0.382683432365233,0.923879532511227,0.));
#2833=DIRECTION('',(-0.281084637715047,-0.678598344545798,0.678598344545802));
#2834=DIRECTION('',(0.28108463771482,0.678598344545849,0.678598344545845));
#2835=DIRECTION('center_axis',(1.72563323017096E-31,0.707106781186549,0.707106781186546));
#2836=DIRECTION('ref_axis',(1.,-4.32978028117747E-17,4.32978028117747E-17));
#2837=DIRECTION('',(1.,-4.32978028117747E-17,4.32978028117747E-17));
#2838=DIRECTION('center_axis',(0.,0.707106781186546,-0.707106781186549));
#2839=DIRECTION('ref_axis',(-1.,0.,0.));
#2840=DIRECTION('center_axis',(0.923879532511227,-0.382683432365233,1.68922497695252E-13));
#2841=DIRECTION('ref_axis',(0.382683432365233,0.923879532511227,0.));
#2842=DIRECTION('',(-0.281084637714398,-0.67859834454423,0.678598344547639));
#2843=DIRECTION('',(0.28108463771547,0.678598344547417,0.678598344544008));
#2844=DIRECTION('',(0.281084637714398,0.67859834454423,-0.678598344547639));
#2845=DIRECTION('',(-0.28108463771482,-0.678598344545847,-0.678598344545847));
#2846=DIRECTION('center_axis',(-1.53834039493919E-28,-0.707106781188324,
-0.707106781184771));
#2847=DIRECTION('ref_axis',(-1.,4.32978028117747E-17,-4.32978028117747E-17));
#2848=DIRECTION('',(-1.,4.32978028117747E-17,-4.32978028117747E-17));
#2849=DIRECTION('',(0.281084637714156,-0.67859834454428,0.678598344547689));
#2850=DIRECTION('',(-1.,4.32978028117747E-17,-4.32978028117747E-17));
#2851=DIRECTION('center_axis',(0.,0.707106781184771,-0.707106781188324));
#2852=DIRECTION('ref_axis',(-1.,0.,0.));
#2853=DIRECTION('',(1.,-4.32978028117747E-17,4.32978028117747E-17));
#2854=DIRECTION('',(0.281084637715471,-0.678598344547417,-0.678598344544007));
#2855=DIRECTION('center_axis',(-0.92387953251129,-0.382683432365081,-1.07979514265246E-14));
#2856=DIRECTION('ref_axis',(0.382683432365081,-0.92387953251129,0.));
#2857=DIRECTION('',(-0.281084637714156,0.67859834454428,-0.678598344547689));
#2858=DIRECTION('',(-0.281084637714821,0.678598344545847,0.678598344545847));
#2859=DIRECTION('center_axis',(1.53834039493919E-28,0.707106781188324,0.707106781184771));
#2860=DIRECTION('ref_axis',(1.,-4.32978028117747E-17,4.32978028117747E-17));
#2861=DIRECTION('',(-1.,4.32978028117747E-17,-4.32978028117747E-17));
#2862=DIRECTION('center_axis',(-1.74942442944751E-16,0.707106781186548,
-0.707106781186547));
#2863=DIRECTION('ref_axis',(-4.2356854168104E-33,0.707106781186547,0.707106781186548));
#2864=DIRECTION('center_axis',(-0.92387953251129,-0.382683432365081,-1.07979514265246E-14));
#2865=DIRECTION('ref_axis',(0.382683432365081,-0.92387953251129,0.));
#2866=DIRECTION('',(-0.281084637714806,0.678598344545848,-0.678598344545852));
#2867=DIRECTION('',(-0.281084637714821,0.678598344545847,0.678598344545847));
#2868=DIRECTION('',(0.281084637714806,-0.678598344545848,0.678598344545852));
#2869=DIRECTION('',(0.281084637714822,-0.678598344545848,-0.678598344545845));
#2870=DIRECTION('center_axis',(-1.60237371373018E-31,-0.707106781186549,
-0.707106781186546));
#2871=DIRECTION('ref_axis',(-1.,4.32978028117747E-17,-4.32978028117747E-17));
#2872=DIRECTION('',(-1.,4.32978028117747E-17,-4.32978028117747E-17));
#2873=DIRECTION('',(0.281084637715048,0.678598344545798,-0.678598344545802));
#2874=DIRECTION('',(-1.,4.32978028117747E-17,-4.32978028117747E-17));
#2875=DIRECTION('center_axis',(-1.74942442944751E-16,0.707106781186548,
-0.707106781186547));
#2876=DIRECTION('ref_axis',(-4.2356854168104E-33,0.707106781186547,0.707106781186548));
#2877=DIRECTION('',(-1.,4.32978028117747E-17,-4.32978028117747E-17));
#2878=DIRECTION('',(-0.28108463771482,-0.678598344545847,-0.678598344545847));
#2879=DIRECTION('center_axis',(0.923879532511227,-0.382683432365233,1.68922497695252E-13));
#2880=DIRECTION('ref_axis',(0.382683432365233,0.923879532511227,0.));
#2881=DIRECTION('',(-0.281084637715048,-0.678598344545798,0.678598344545802));
#2882=DIRECTION('',(0.28108463771482,0.678598344545849,0.678598344545845));
#2883=DIRECTION('center_axis',(1.60237371373018E-31,0.707106781186549,0.707106781186546));
#2884=DIRECTION('ref_axis',(1.,-4.32978028117747E-17,4.32978028117747E-17));
#2885=DIRECTION('',(1.,-4.32978028117747E-17,4.32978028117747E-17));
#2886=DIRECTION('center_axis',(0.,0.707106781186546,-0.707106781186549));
#2887=DIRECTION('ref_axis',(-1.,0.,0.));
#2888=DIRECTION('axis',(0.,0.,1.));
#2889=DIRECTION('refdir',(1.,0.,0.));
#2890=DIRECTION('center_axis',(-0.923879532511283,0.382683432365098,-1.07979514265246E-14));
#2891=DIRECTION('ref_axis',(-0.382683432365098,-0.923879532511283,0.));
#2892=DIRECTION('',(0.281084637714833,0.678598344545841,-0.678598344545848));
#2893=DIRECTION('',(0.370920289245162,0.895480792855004,0.24603310479295));
#2894=DIRECTION('',(0.28108463771482,0.678598344545847,0.678598344545847));
#2895=DIRECTION('',(-0.281084637714833,-0.678598344545841,0.678598344545848));
#2896=DIRECTION('',(-0.281084637714819,-0.678598344545846,-0.678598344545849));
#2897=DIRECTION('center_axis',(-0.5,-0.499999999999997,-0.707106781186549));
#2898=DIRECTION('ref_axis',(-0.707106781186547,0.707106781186548,1.08078579000033E-15));
#2899=DIRECTION('',(-0.707106781186547,0.707106781186548,1.08078579000033E-15));
#2900=DIRECTION('',(0.678598344545976,0.281084637714626,-0.678598344545798));
#2901=DIRECTION('',(-0.707106781186547,0.707106781186548,1.08078579000033E-15));
#2902=DIRECTION('center_axis',(0.5,0.5,-0.707106781186548));
#2903=DIRECTION('ref_axis',(0.5,0.5,0.707106781186548));
#2904=DIRECTION('',(0.159071254673493,0.749581083234817,0.642514229875976));
#2905=DIRECTION('',(-0.707106781186546,0.707106781186549,1.24488316876538E-15));
#2906=DIRECTION('',(0.749581083234828,0.159071254673471,0.642514229875969));
#2907=DIRECTION('',(-0.678598344545847,-0.281084637714821,-0.678598344545847));
#2908=DIRECTION('center_axis',(0.382683432364946,-0.923879532511346,1.68922497695252E-13));
#2909=DIRECTION('ref_axis',(0.923879532511346,0.382683432364946,0.));
#2910=DIRECTION('',(-0.895480792854983,-0.370920289245028,-0.246033104793229));
#2911=DIRECTION('',(-0.678598344545976,-0.281084637714626,0.678598344545798));
#2912=DIRECTION('',(0.678598344545845,0.28108463771482,0.678598344545849));
#2913=DIRECTION('center_axis',(0.500000000000001,0.500000000000001,-0.707106781186546));
#2914=DIRECTION('ref_axis',(-0.707106781186547,0.707106781186548,0.));
#2915=DIRECTION('',(0.707106781186546,-0.707106781186549,-1.24488316876538E-15));
#2916=DIRECTION('center_axis',(0.851290981942485,-0.433737477809468,0.295254914280663));
#2917=DIRECTION('ref_axis',(-0.159071254673493,-0.749581083234817,-0.642514229875976));
#2918=DIRECTION('',(0.500000000000001,0.500000000000001,-0.707106781186546));
#2919=DIRECTION('center_axis',(0.5,0.499999999999997,0.707106781186549));
#2920=DIRECTION('ref_axis',(0.707106781186546,-0.707106781186549,-1.24488316876538E-15));
#2921=DIRECTION('',(0.500000000000001,0.500000000000001,-0.707106781186546));
#2922=DIRECTION('center_axis',(-0.433737477809449,0.851290981942489,0.295254914280679));
#2923=DIRECTION('ref_axis',(0.749581083234828,0.159071254673471,0.642514229875969));
#2924=DIRECTION('center_axis',(0.382683432364946,-0.923879532511346,1.68922497695252E-13));
#2925=DIRECTION('ref_axis',(0.923879532511346,0.382683432364946,0.));
#2926=DIRECTION('',(-0.678598344545975,-0.281084637714625,0.6785983445458));
#2927=DIRECTION('',(0.678598344545847,0.281084637714821,0.678598344545847));
#2928=DIRECTION('',(0.678598344545975,0.281084637714626,-0.6785983445458));
#2929=DIRECTION('',(-0.678598344545847,-0.281084637714821,-0.678598344545847));
#2930=DIRECTION('center_axis',(-0.5,-0.5,-0.707106781186548));
#2931=DIRECTION('ref_axis',(-0.707106781186547,0.707106781186548,3.47959937982289E-16));
#2932=DIRECTION('',(-0.707106781186547,0.707106781186548,3.47959937982289E-16));
#2933=DIRECTION('',(-0.281084637714832,-0.678598344545839,0.67859834454585));
#2934=DIRECTION('',(-0.707106781186547,0.707106781186548,3.47959937982289E-16));
#2935=DIRECTION('center_axis',(0.5,0.5,-0.707106781186548));
#2936=DIRECTION('ref_axis',(-0.707106781186547,0.707106781186548,0.));
#2937=DIRECTION('',(0.707106781186547,-0.707106781186548,-1.08078579000033E-15));
#2938=DIRECTION('',(-0.28108463771482,-0.678598344545847,-0.678598344545847));
#2939=DIRECTION('center_axis',(-0.923879532511283,0.382683432365098,-1.07979514265246E-14));
#2940=DIRECTION('ref_axis',(-0.382683432365098,-0.923879532511283,0.));
#2941=DIRECTION('',(0.281084637714832,0.678598344545839,-0.67859834454585));
#2942=DIRECTION('',(0.28108463771482,0.678598344545847,0.678598344545847));
#2943=DIRECTION('center_axis',(0.500000000000001,0.499999999999999,0.707106781186548));
#2944=DIRECTION('ref_axis',(0.707106781186547,-0.707106781186548,-1.08078579000033E-15));
#2945=DIRECTION('',(-0.707106781186547,0.707106781186548,1.08078579000033E-15));
#2946=DIRECTION('center_axis',(0.5,0.5,-0.707106781186548));
#2947=DIRECTION('ref_axis',(0.5,0.5,0.707106781186548));
#2948=DIRECTION('center_axis',(-0.923879532511283,0.382683432365098,-1.07979514265246E-14));
#2949=DIRECTION('ref_axis',(-0.382683432365098,-0.923879532511283,0.));
#2950=DIRECTION('',(0.281084637714832,0.678598344545839,-0.67859834454585));
#2951=DIRECTION('',(0.28108463771482,0.678598344545847,0.678598344545847));
#2952=DIRECTION('',(-0.281084637714832,-0.678598344545839,0.67859834454585));
#2953=DIRECTION('',(-0.28108463771482,-0.678598344545847,-0.678598344545847));
#2954=DIRECTION('center_axis',(-0.5,-0.5,-0.707106781186548));
#2955=DIRECTION('ref_axis',(-0.707106781186547,0.707106781186548,3.3627810405355E-16));
#2956=DIRECTION('',(-0.707106781186547,0.707106781186548,3.3627810405355E-16));
#2957=DIRECTION('',(0.678598344545975,0.281084637714626,-0.6785983445458));
#2958=DIRECTION('',(-0.707106781186547,0.707106781186548,3.3627810405355E-16));
#2959=DIRECTION('center_axis',(0.5,0.5,-0.707106781186548));
#2960=DIRECTION('ref_axis',(0.5,0.5,0.707106781186548));
#2961=DIRECTION('',(-0.707106781186547,0.707106781186548,3.47959937982289E-16));
#2962=DIRECTION('',(-0.678598344545847,-0.281084637714821,-0.678598344545847));
#2963=DIRECTION('center_axis',(0.382683432364946,-0.923879532511346,1.68922497695252E-13));
#2964=DIRECTION('ref_axis',(0.923879532511346,0.382683432364946,0.));
#2965=DIRECTION('',(-0.678598344545975,-0.281084637714626,0.6785983445458));
#2966=DIRECTION('',(0.678598344545847,0.281084637714821,0.678598344545847));
#2967=DIRECTION('center_axis',(0.5,0.5,0.707106781186548));
#2968=DIRECTION('ref_axis',(0.707106781186547,-0.707106781186548,-3.47959937982289E-16));
#2969=DIRECTION('',(0.707106781186547,-0.707106781186548,-3.47959937982289E-16));
#2970=DIRECTION('center_axis',(0.5,0.5,-0.707106781186548));
#2971=DIRECTION('ref_axis',(-0.707106781186547,0.707106781186548,0.));
#2972=DIRECTION('center_axis',(0.382683432364946,-0.923879532511346,1.68922497695252E-13));
#2973=DIRECTION('ref_axis',(0.923879532511346,0.382683432364946,0.));
#2974=DIRECTION('',(-0.678598344543965,-0.281084637713793,0.678598344548154));
#2975=DIRECTION('',(0.678598344547856,0.281084637715653,0.678598344543493));
#2976=DIRECTION('',(0.678598344543965,0.281084637713793,-0.678598344548154));
#2977=DIRECTION('',(-0.678598344545847,-0.281084637714821,-0.678598344545847));
#2978=DIRECTION('center_axis',(-0.500000000001608,-0.500000000001607,-0.707106781184274));
#2979=DIRECTION('ref_axis',(-0.707106781186547,0.707106781186548,3.55457035734009E-16));
#2980=DIRECTION('',(-0.707106781186547,0.707106781186548,3.5545703573401E-16));
#2981=DIRECTION('',(-0.281084637714,-0.67859834454383,0.678598344548204));
#2982=DIRECTION('',(-0.707106781186547,0.707106781186548,3.55457035734009E-16));
#2983=DIRECTION('center_axis',(0.499999999998392,0.499999999998392,-0.707106781188821));
#2984=DIRECTION('ref_axis',(-0.707106781186547,0.707106781186548,0.));
#2985=DIRECTION('',(0.707106781186547,-0.707106781186548,-3.3627810405355E-16));
#2986=DIRECTION('',(-0.281084637715652,-0.678598344547857,-0.678598344543492));
#2987=DIRECTION('center_axis',(-0.923879532511283,0.382683432365098,-1.07979514265246E-14));
#2988=DIRECTION('ref_axis',(-0.382683432365098,-0.923879532511283,0.));
#2989=DIRECTION('',(0.281084637714,0.67859834454383,-0.678598344548204));
#2990=DIRECTION('',(0.28108463771482,0.678598344545847,0.678598344545847));
#2991=DIRECTION('center_axis',(0.500000000001608,0.500000000001607,0.707106781184274));
#2992=DIRECTION('ref_axis',(0.707106781186547,-0.707106781186548,-3.3627810405355E-16));
#2993=DIRECTION('',(-0.707106781186547,0.707106781186548,3.3627810405355E-16));
#2994=DIRECTION('center_axis',(0.5,0.5,-0.707106781186548));
#2995=DIRECTION('ref_axis',(0.5,0.5,0.707106781186548));
#2996=DIRECTION('center_axis',(-0.923879532511283,0.382683432365098,-1.07979514265246E-14));
#2997=DIRECTION('ref_axis',(-0.382683432365098,-0.923879532511283,0.));
#2998=DIRECTION('',(0.281084637714832,0.678598344545838,-0.678598344545852));
#2999=DIRECTION('',(0.28108463771482,0.678598344545847,0.678598344545847));
#3000=DIRECTION('',(-0.281084637714832,-0.678598344545838,0.678598344545852));
#3001=DIRECTION('',(-0.281084637714821,-0.678598344545849,-0.678598344545845));
#3002=DIRECTION('center_axis',(-0.500000000000002,-0.500000000000001,-0.707106781186546));
#3003=DIRECTION('ref_axis',(-0.707106781186547,0.707106781186548,3.47932655361169E-16));
#3004=DIRECTION('',(-0.707106781186547,0.707106781186548,3.47932655361169E-16));
#3005=DIRECTION('',(0.678598344545973,0.281084637714625,-0.678598344545802));
#3006=DIRECTION('',(-0.707106781186547,0.707106781186548,3.47932655361169E-16));
#3007=DIRECTION('center_axis',(0.5,0.5,-0.707106781186548));
#3008=DIRECTION('ref_axis',(0.5,0.5,0.707106781186548));
#3009=DIRECTION('',(-0.707106781186547,0.707106781186548,3.55457035734009E-16));
#3010=DIRECTION('',(-0.678598344545847,-0.281084637714821,-0.678598344545847));
#3011=DIRECTION('center_axis',(0.382683432364946,-0.923879532511346,1.68922497695252E-13));
#3012=DIRECTION('ref_axis',(0.923879532511346,0.382683432364946,0.));
#3013=DIRECTION('',(-0.678598344545973,-0.281084637714625,0.678598344545802));
#3014=DIRECTION('',(0.678598344545848,0.281084637714821,0.678598344545845));
#3015=DIRECTION('center_axis',(0.500000000000002,0.500000000000001,0.707106781186546));
#3016=DIRECTION('ref_axis',(0.707106781186547,-0.707106781186548,-3.55457035734009E-16));
#3017=DIRECTION('',(0.707106781186547,-0.707106781186548,-3.5545703573401E-16));
#3018=DIRECTION('center_axis',(0.499999999999999,0.499999999999999,-0.707106781186549));
#3019=DIRECTION('ref_axis',(-0.707106781186547,0.707106781186548,0.));
#3020=DIRECTION('center_axis',(0.382683432364946,-0.923879532511346,1.68922497695252E-13));
#3021=DIRECTION('ref_axis',(0.923879532511346,0.382683432364946,0.));
#3022=DIRECTION('',(-0.678598344543965,-0.281084637713793,0.678598344548154));
#3023=DIRECTION('',(0.678598344547856,0.281084637715653,0.678598344543493));
#3024=DIRECTION('',(0.678598344543965,0.281084637713793,-0.678598344548154));
#3025=DIRECTION('',(-0.678598344545847,-0.281084637714821,-0.678598344545847));
#3026=DIRECTION('center_axis',(-0.500000000001608,-0.500000000001608,-0.707106781184274));
#3027=DIRECTION('ref_axis',(-0.707106781186547,0.707106781186548,-4.32978028117747E-17));
#3028=DIRECTION('',(-0.707106781186547,0.707106781186548,-4.32978028117747E-17));
#3029=DIRECTION('',(-0.281084637714,-0.67859834454383,0.678598344548204));
#3030=DIRECTION('',(-0.707106781186547,0.707106781186548,-4.32978028117747E-17));
#3031=DIRECTION('center_axis',(0.499999999998392,0.499999999998392,-0.707106781188821));
#3032=DIRECTION('ref_axis',(-0.707106781186547,0.707106781186548,0.));
#3033=DIRECTION('',(0.707106781186547,-0.707106781186548,-3.47932655361169E-16));
#3034=DIRECTION('',(-0.281084637715652,-0.678598344547857,-0.678598344543492));
#3035=DIRECTION('center_axis',(-0.923879532511283,0.382683432365098,-1.07979514265246E-14));
#3036=DIRECTION('ref_axis',(-0.382683432365098,-0.923879532511283,0.));
#3037=DIRECTION('',(0.281084637714,0.67859834454383,-0.678598344548204));
#3038=DIRECTION('',(0.28108463771482,0.678598344545847,0.678598344545847));
#3039=DIRECTION('center_axis',(0.500000000001608,0.500000000001607,0.707106781184274));
#3040=DIRECTION('ref_axis',(0.707106781186547,-0.707106781186548,-3.47932655361169E-16));
#3041=DIRECTION('',(-0.707106781186547,0.707106781186548,3.47932655361169E-16));
#3042=DIRECTION('center_axis',(0.5,0.5,-0.707106781186548));
#3043=DIRECTION('ref_axis',(0.5,0.5,0.707106781186548));
#3044=DIRECTION('center_axis',(-0.923879532511283,0.382683432365098,-1.07979514265246E-14));
#3045=DIRECTION('ref_axis',(-0.382683432365098,-0.923879532511283,0.));
#3046=DIRECTION('',(0.281084637714832,0.678598344545837,-0.678598344545852));
#3047=DIRECTION('',(0.28108463771482,0.678598344545847,0.678598344545847));
#3048=DIRECTION('',(-0.281084637714832,-0.678598344545837,0.678598344545852));
#3049=DIRECTION('',(-0.281084637714821,-0.678598344545849,-0.678598344545845));
#3050=DIRECTION('center_axis',(-0.500000000000001,-0.500000000000001,-0.707106781186546));
#3051=DIRECTION('ref_axis',(-0.707106781186547,0.707106781186548,-4.32978028117747E-17));
#3052=DIRECTION('',(-0.707106781186547,0.707106781186548,-4.32978028117747E-17));
#3053=DIRECTION('',(0.678598344545973,0.281084637714625,-0.678598344545802));
#3054=DIRECTION('',(-0.707106781186547,0.707106781186548,-4.32978028117747E-17));
#3055=DIRECTION('center_axis',(0.5,0.5,-0.707106781186548));
#3056=DIRECTION('ref_axis',(0.5,0.5,0.707106781186548));
#3057=DIRECTION('',(-0.707106781186547,0.707106781186548,-4.32978028117747E-17));
#3058=DIRECTION('',(-0.678598344545847,-0.281084637714821,-0.678598344545847));
#3059=DIRECTION('center_axis',(0.382683432364946,-0.923879532511346,1.68922497695252E-13));
#3060=DIRECTION('ref_axis',(0.923879532511346,0.382683432364946,0.));
#3061=DIRECTION('',(-0.678598344545973,-0.281084637714625,0.678598344545802));
#3062=DIRECTION('',(0.678598344545848,0.281084637714821,0.678598344545845));
#3063=DIRECTION('center_axis',(0.500000000000001,0.500000000000001,0.707106781186546));
#3064=DIRECTION('ref_axis',(0.707106781186547,-0.707106781186548,4.32978028117747E-17));
#3065=DIRECTION('',(0.707106781186547,-0.707106781186548,4.32978028117747E-17));
#3066=DIRECTION('center_axis',(0.499999999999999,0.499999999999999,-0.707106781186549));
#3067=DIRECTION('ref_axis',(-0.707106781186547,0.707106781186548,0.));
#3068=DIRECTION('center_axis',(0.382683432364946,-0.923879532511346,1.68922497695252E-13));
#3069=DIRECTION('ref_axis',(0.923879532511346,0.382683432364946,0.));
#3070=DIRECTION('',(-0.678598344544405,-0.281084637713975,0.678598344547639));
#3071=DIRECTION('',(0.678598344547417,0.281084637715471,0.678598344544008));
#3072=DIRECTION('',(0.678598344544405,0.281084637713975,-0.678598344547639));
#3073=DIRECTION('',(-0.678598344545847,-0.281084637714821,-0.678598344545847));
#3074=DIRECTION('center_axis',(-0.500000000001256,-0.500000000001256,-0.707106781184771));
#3075=DIRECTION('ref_axis',(-0.707106781186547,0.707106781186548,-4.32978028117747E-17));
#3076=DIRECTION('',(-0.707106781186547,0.707106781186548,-4.32978028117747E-17));
#3077=DIRECTION('',(-0.281084637714182,-0.678598344544269,0.678598344547689));
#3078=DIRECTION('',(-0.707106781186547,0.707106781186548,-4.32978028117747E-17));
#3079=DIRECTION('center_axis',(0.499999999998744,0.499999999998744,-0.707106781188324));
#3080=DIRECTION('ref_axis',(-0.707106781186547,0.707106781186548,0.));
#3081=DIRECTION('',(0.707106781186547,-0.707106781186548,4.32978028117747E-17));
#3082=DIRECTION('',(-0.28108463771547,-0.678598344547417,-0.678598344544007));
#3083=DIRECTION('center_axis',(-0.923879532511283,0.382683432365098,-1.07979514265246E-14));
#3084=DIRECTION('ref_axis',(-0.382683432365098,-0.923879532511283,0.));
#3085=DIRECTION('',(0.281084637714182,0.678598344544269,-0.678598344547689));
#3086=DIRECTION('',(0.28108463771482,0.678598344545847,0.678598344545847));
#3087=DIRECTION('center_axis',(0.500000000001256,0.500000000001256,0.707106781184771));
#3088=DIRECTION('ref_axis',(0.707106781186547,-0.707106781186548,4.32978028117747E-17));
#3089=DIRECTION('',(-0.707106781186547,0.707106781186548,-4.32978028117747E-17));
#3090=DIRECTION('center_axis',(0.5,0.5,-0.707106781186548));
#3091=DIRECTION('ref_axis',(0.5,0.5,0.707106781186548));
#3092=DIRECTION('center_axis',(-0.923879532511283,0.382683432365098,-1.07979514265246E-14));
#3093=DIRECTION('ref_axis',(-0.382683432365098,-0.923879532511283,0.));
#3094=DIRECTION('',(0.281084637714832,0.678598344545838,-0.678598344545852));
#3095=DIRECTION('',(0.28108463771482,0.678598344545847,0.678598344545847));
#3096=DIRECTION('',(-0.281084637714832,-0.678598344545838,0.678598344545852));
#3097=DIRECTION('',(-0.28108463771482,-0.678598344545849,-0.678598344545845));
#3098=DIRECTION('center_axis',(-0.500000000000001,-0.500000000000001,-0.707106781186546));
#3099=DIRECTION('ref_axis',(-0.707106781186547,0.707106781186548,-4.32978028117747E-17));
#3100=DIRECTION('',(-0.707106781186547,0.707106781186548,-4.32978028117747E-17));
#3101=DIRECTION('',(0.678598344545973,0.281084637714625,-0.678598344545802));
#3102=DIRECTION('',(-0.707106781186547,0.707106781186548,-4.32978028117747E-17));
#3103=DIRECTION('center_axis',(0.5,0.5,-0.707106781186548));
#3104=DIRECTION('ref_axis',(0.5,0.5,0.707106781186548));
#3105=DIRECTION('',(-0.707106781186547,0.707106781186548,-4.32978028117747E-17));
#3106=DIRECTION('',(-0.678598344545847,-0.281084637714821,-0.678598344545847));
#3107=DIRECTION('center_axis',(0.382683432364946,-0.923879532511346,1.68922497695252E-13));
#3108=DIRECTION('ref_axis',(0.923879532511346,0.382683432364946,0.));
#3109=DIRECTION('',(-0.678598344545973,-0.281084637714625,0.678598344545802));
#3110=DIRECTION('',(0.678598344545848,0.281084637714821,0.678598344545845));
#3111=DIRECTION('center_axis',(0.500000000000001,0.500000000000001,0.707106781186546));
#3112=DIRECTION('ref_axis',(0.707106781186547,-0.707106781186548,4.32978028117747E-17));
#3113=DIRECTION('',(0.707106781186547,-0.707106781186548,4.32978028117747E-17));
#3114=DIRECTION('center_axis',(0.499999999999999,0.499999999999999,-0.707106781186549));
#3115=DIRECTION('ref_axis',(-0.707106781186547,0.707106781186548,0.));
#3116=DIRECTION('center_axis',(-0.923879532511287,-0.38268343236509,0.));
#3117=DIRECTION('ref_axis',(-0.38268343236509,0.923879532511287,0.));
#3118=DIRECTION('',(0.,0.,-1.));
#3119=DIRECTION('',(-0.38268343236509,0.923879532511287,0.));
#3120=DIRECTION('',(0.,0.,1.));
#3121=DIRECTION('',(0.38268343236509,-0.923879532511287,0.));
#3122=DIRECTION('center_axis',(-0.38268343236509,0.923879532511287,0.));
#3123=DIRECTION('ref_axis',(0.923879532511287,0.38268343236509,0.));
#3124=DIRECTION('',(0.923879532511287,0.38268343236509,0.));
#3125=DIRECTION('center_axis',(-0.38268343236509,0.923879532511287,0.));
#3126=DIRECTION('ref_axis',(-0.336608280699782,-0.139427715072933,0.931265148941953));
#3127=DIRECTION('',(0.678598344545847,0.281084637714821,0.678598344545847));
#3128=DIRECTION('center_axis',(-0.382683432365081,0.92387953251129,-1.07979514265246E-14));
#3129=DIRECTION('ref_axis',(-0.846396274930184,-0.350588816218134,0.400875077458148));
#3130=DIRECTION('',(0.,0.,-1.));
#3131=DIRECTION('',(0.92387953251129,0.382683432365081,0.));
#3132=DIRECTION('',(0.,0.,-1.));
#3133=DIRECTION('',(0.678598344545847,0.281084637714821,0.678598344545847));
#3134=DIRECTION('',(-0.923879532511287,-0.38268343236509,0.));
#3135=DIRECTION('center_axis',(-0.382683432365076,0.923879532511293,0.));
#3136=DIRECTION('ref_axis',(-0.336608280699782,-0.139427715072933,0.931265148941953));
#3137=DIRECTION('center_axis',(0.38268343236509,-0.923879532511287,0.));
#3138=DIRECTION('ref_axis',(-0.336608280699782,-0.139427715072933,0.931265148941953));
#3139=DIRECTION('',(-0.382683432365076,0.923879532511293,0.));
#3140=DIRECTION('',(0.382683432365076,-0.923879532511293,0.));
#3141=DIRECTION('center_axis',(0.626943121321954,0.259688343688063,-0.734509555267756));
#3142=DIRECTION('ref_axis',(-0.382683432365076,0.923879532511293,0.));
#3143=DIRECTION('',(0.678598344545847,0.281084637714821,0.678598344545847));
#3144=DIRECTION('',(0.382683432365076,-0.923879532511293,-5.81746382138221E-17));
#3145=DIRECTION('center_axis',(-0.382683432365076,0.923879532511293,3.77879027121859E-17));
#3146=DIRECTION('ref_axis',(-0.846396274930184,-0.350588816218134,0.400875077458148));
#3147=DIRECTION('center_axis',(0.382683432364947,-0.923879532511346,1.68922497695252E-13));
#3148=DIRECTION('ref_axis',(-0.846396274930184,-0.350588816218134,0.400875077458148));
#3149=DIRECTION('',(-0.382683432365076,0.923879532511293,3.77879027121859E-17));
#3150=DIRECTION('center_axis',(0.923879532511293,0.382683432365076,0.));
#3151=DIRECTION('ref_axis',(0.382683432365076,-0.923879532511293,0.));
#3152=DIRECTION('',(0.,0.,-1.));
#3153=DIRECTION('',(0.382683432365076,-0.923879532511293,0.));
#3154=DIRECTION('center_axis',(-0.92387953251129,-0.382683432365081,0.));
#3155=DIRECTION('ref_axis',(-0.382683432365081,0.92387953251129,0.));
#3156=DIRECTION('',(-0.382683432365081,0.92387953251129,0.));
#3157=DIRECTION('',(-0.382683432365081,0.92387953251129,0.));
#3158=DIRECTION('',(0.,0.,-1.));
#3159=DIRECTION('center_axis',(0.,0.,-1.));
#3160=DIRECTION('ref_axis',(1.11022302462516E-16,1.,0.));
#3161=DIRECTION('',(-0.923879532511346,-0.382683432364946,0.));
#3162=DIRECTION('center_axis',(-0.626943121321953,-0.259688343688067,0.734509555267756));
#3163=DIRECTION('ref_axis',(0.382683432365081,-0.92387953251129,0.));
#3164=DIRECTION('',(0.678598344545847,0.281084637714821,0.678598344545847));
#3165=DIRECTION('',(0.382683432365081,-0.92387953251129,4.24863957754297E-17));
#3166=DIRECTION('center_axis',(0.,0.,1.));
#3167=DIRECTION('ref_axis',(1.,0.,0.));
#3168=DIRECTION('',(-0.923879532511287,-0.38268343236509,0.));
#3169=DIRECTION('center_axis',(0.38268343236509,-0.923879532511287,0.));
#3170=DIRECTION('ref_axis',(-0.923879532511287,-0.38268343236509,0.));
#3171=DIRECTION('',(-0.923879532511287,-0.38268343236509,0.));
#3172=DIRECTION('center_axis',(0.,0.,-1.));
#3173=DIRECTION('ref_axis',(-1.,0.,0.));
#3174=DIRECTION('center_axis',(0.,0.,-1.));
#3175=DIRECTION('ref_axis',(-1.,0.,0.));
#3176=DIRECTION('',(0.923879532511287,0.38268343236509,0.));
#3177=DIRECTION('',(0.38268343236509,-0.923879532511287,0.));
#3178=DIRECTION('',(0.923879532511293,0.382683432365076,0.));
#3179=DIRECTION('',(-0.38268343236509,0.923879532511287,0.));
#3180=DIRECTION('center_axis',(-0.923879532511287,-0.38268343236509,0.));
#3181=DIRECTION('ref_axis',(-0.38268343236509,0.923879532511287,0.));
#3182=DIRECTION('',(0.,0.,-1.));
#3183=DIRECTION('center_axis',(-0.923879532511287,-0.38268343236509,0.));
#3184=DIRECTION('ref_axis',(0.139427715072933,-0.336608280699782,0.931265148941953));
#3185=DIRECTION('',(-0.281084637714821,0.678598344545847,0.678598344545847));
#3186=DIRECTION('center_axis',(-0.92387953251129,-0.382683432365081,-1.07979514265246E-14));
#3187=DIRECTION('ref_axis',(0.350588816218134,-0.846396274930184,0.400875077458148));
#3188=DIRECTION('',(0.,0.,-1.));
#3189=DIRECTION('',(-0.382683432365081,0.92387953251129,0.));
#3190=DIRECTION('',(0.,0.,-1.));
#3191=DIRECTION('',(-0.281084637714821,0.678598344545847,0.678598344545847));
#3192=DIRECTION('',(0.38268343236509,-0.923879532511287,0.));
#3193=DIRECTION('center_axis',(0.259688343688067,-0.626943121321953,0.734509555267756));
#3194=DIRECTION('ref_axis',(0.92387953251129,0.382683432365081,0.));
#3195=DIRECTION('',(-0.92387953251129,-0.382683432365081,0.));
#3196=DIRECTION('',(-0.281084637714821,0.678598344545847,0.678598344545847));
#3197=DIRECTION('',(0.92387953251129,0.382683432365081,4.24863957754297E-17));
#3198=DIRECTION('center_axis',(0.,0.,-1.));
#3199=DIRECTION('ref_axis',(-1.,0.,0.));
#3200=DIRECTION('',(0.382683432364947,-0.923879532511346,0.));
#3201=DIRECTION('',(-0.92387953251129,-0.382683432365081,0.));
#3202=DIRECTION('',(0.923879532511293,0.382683432365076,0.));
#3203=DIRECTION('center_axis',(0.382683432365081,-0.92387953251129,0.));
#3204=DIRECTION('ref_axis',(-0.92387953251129,-0.382683432365081,0.));
#3205=DIRECTION('',(0.,0.,-1.));
#3206=DIRECTION('center_axis',(-0.382683432365076,0.923879532511293,0.));
#3207=DIRECTION('ref_axis',(0.923879532511293,0.382683432365076,0.));
#3208=DIRECTION('',(-0.923879532511293,-0.382683432365076,3.77879027121859E-17));
#3209=DIRECTION('',(0.,0.,-1.));
#3210=DIRECTION('center_axis',(-0.923879532511293,-0.382683432365076,3.77879027121859E-17));
#3211=DIRECTION('ref_axis',(0.350588816218134,-0.846396274930184,0.400875077458148));
#3212=DIRECTION('center_axis',(0.923879532511346,0.382683432364947,1.68922497695252E-13));
#3213=DIRECTION('ref_axis',(0.350588816218134,-0.846396274930184,0.400875077458148));
#3214=DIRECTION('',(0.923879532511293,0.382683432365076,-5.81746382138221E-17));
#3215=DIRECTION('center_axis',(-0.259688343688063,0.626943121321954,-0.734509555267756));
#3216=DIRECTION('ref_axis',(-0.923879532511293,-0.382683432365076,0.));
#3217=DIRECTION('',(-0.923879532511293,-0.382683432365076,2.03867355016362E-17));
#3218=DIRECTION('',(-0.281084637714821,0.678598344545847,0.678598344545847));
#3219=DIRECTION('center_axis',(-0.923879532511293,-0.382683432365076,0.));
#3220=DIRECTION('ref_axis',(0.139427715072933,-0.336608280699782,0.931265148941953));
#3221=DIRECTION('center_axis',(0.923879532511287,0.38268343236509,0.));
#3222=DIRECTION('ref_axis',(0.139427715072933,-0.336608280699782,0.931265148941953));
#3223=DIRECTION('center_axis',(0.,0.,1.));
#3224=DIRECTION('ref_axis',(1.,0.,0.));
#3225=DIRECTION('',(-0.923879532511287,-0.38268343236509,0.));
#3226=DIRECTION('',(0.38268343236509,-0.923879532511287,0.));
#3227=DIRECTION('center_axis',(0.923879532511287,0.38268343236509,0.));
#3228=DIRECTION('ref_axis',(0.38268343236509,-0.923879532511287,0.));
#3229=DIRECTION('',(0.,0.,1.));
#3230=DIRECTION('center_axis',(0.38268343236509,-0.923879532511287,0.));
#3231=DIRECTION('ref_axis',(-0.923879532511287,-0.38268343236509,0.));
#3232=DIRECTION('center_axis',(-0.382683432365089,-0.923879532511287,0.));
#3233=DIRECTION('ref_axis',(-0.923879532511287,0.382683432365089,0.));
#3234=DIRECTION('',(0.,0.,-1.));
#3235=DIRECTION('',(-0.923879532511287,0.382683432365089,0.));
#3236=DIRECTION('',(0.,0.,1.));
#3237=DIRECTION('',(0.923879532511287,-0.382683432365089,0.));
#3238=DIRECTION('center_axis',(-0.923879532511287,0.38268343236509,0.));
#3239=DIRECTION('ref_axis',(0.38268343236509,0.923879532511286,0.));
#3240=DIRECTION('',(0.38268343236509,0.923879532511286,0.));
#3241=DIRECTION('center_axis',(-0.923879532511287,0.38268343236509,0.));
#3242=DIRECTION('ref_axis',(-0.139427715072944,-0.336608280699778,0.931265148941953));
#3243=DIRECTION('',(0.28108463771482,0.678598344545847,0.678598344545847));
#3244=DIRECTION('center_axis',(-0.923879532511283,0.382683432365098,-1.07979514265246E-14));
#3245=DIRECTION('ref_axis',(-0.35058881621816,-0.846396274930173,0.400875077458149));
#3246=DIRECTION('',(0.,0.,-1.));
#3247=DIRECTION('',(0.382683432365098,0.923879532511283,0.));
#3248=DIRECTION('',(0.,0.,-1.));
#3249=DIRECTION('',(0.28108463771482,0.678598344545847,0.678598344545847));
#3250=DIRECTION('',(-0.38268343236509,-0.923879532511286,0.));
#3251=DIRECTION('center_axis',(0.,0.,-1.));
#3252=DIRECTION('ref_axis',(-1.,0.,0.));
#3253=DIRECTION('',(-0.38268343236509,-0.923879532511287,0.));
#3254=DIRECTION('',(0.923879532511281,-0.382683432365104,0.));
#3255=DIRECTION('center_axis',(-0.923879532511281,0.382683432365104,0.));
#3256=DIRECTION('ref_axis',(-0.139427715072944,-0.336608280699778,0.931265148941953));
#3257=DIRECTION('center_axis',(0.923879532511287,-0.38268343236509,0.));
#3258=DIRECTION('ref_axis',(-0.139427715072944,-0.336608280699778,0.931265148941953));
#3259=DIRECTION('',(-0.923879532511281,0.382683432365104,0.));
#3260=DIRECTION('center_axis',(0.259688343688082,0.626943121321946,-0.734509555267756));
#3261=DIRECTION('ref_axis',(-0.923879532511281,0.382683432365104,0.));
#3262=DIRECTION('',(0.28108463771482,0.678598344545847,0.678598344545847));
#3263=DIRECTION('',(0.923879532511281,-0.382683432365104,-5.81746382138221E-17));
#3264=DIRECTION('center_axis',(-0.923879532511281,0.382683432365104,3.77879027121859E-17));
#3265=DIRECTION('ref_axis',(-0.35058881621816,-0.846396274930173,0.400875077458149));
#3266=DIRECTION('center_axis',(0.923879532511227,-0.382683432365233,1.68922497695252E-13));
#3267=DIRECTION('ref_axis',(-0.35058881621816,-0.846396274930173,0.400875077458149));
#3268=DIRECTION('',(-0.923879532511281,0.382683432365104,3.77879027121859E-17));
#3269=DIRECTION('center_axis',(0.382683432365104,0.923879532511281,0.));
#3270=DIRECTION('ref_axis',(0.923879532511281,-0.382683432365104,0.));
#3271=DIRECTION('',(0.,0.,-1.));
#3272=DIRECTION('',(0.923879532511281,-0.382683432365104,0.));
#3273=DIRECTION('center_axis',(-0.382683432365099,-0.923879532511283,0.));
#3274=DIRECTION('ref_axis',(-0.923879532511283,0.382683432365099,0.));
#3275=DIRECTION('',(-0.923879532511283,0.382683432365099,0.));
#3276=DIRECTION('',(-0.923879532511283,0.382683432365099,0.));
#3277=DIRECTION('',(0.,0.,-1.));
#3278=DIRECTION('center_axis',(0.,0.,-1.));
#3279=DIRECTION('ref_axis',(-0.707106781186547,0.707106781186548,0.));
#3280=DIRECTION('',(-0.382683432365233,-0.923879532511227,0.));
#3281=DIRECTION('center_axis',(-0.259688343688078,-0.626943121321948,0.734509555267756));
#3282=DIRECTION('ref_axis',(0.923879532511283,-0.382683432365099,0.));
#3283=DIRECTION('',(0.28108463771482,0.678598344545847,0.678598344545847));
#3284=DIRECTION('',(0.923879532511283,-0.382683432365098,4.24863957754297E-17));
#3285=DIRECTION('center_axis',(0.,0.,1.));
#3286=DIRECTION('ref_axis',(1.,0.,0.));
#3287=DIRECTION('',(-0.38268343236509,-0.923879532511287,0.));
#3288=DIRECTION('center_axis',(0.923879532511287,-0.38268343236509,0.));
#3289=DIRECTION('ref_axis',(-0.38268343236509,-0.923879532511287,0.));
#3290=DIRECTION('',(0.,0.,1.));
#3291=DIRECTION('',(1.,0.,0.));
#3292=DIRECTION('',(0.,0.,1.));
#3293=DIRECTION('',(1.,0.,0.));
#3294=CARTESIAN_POINT('',(0.,0.,0.));
#3295=CARTESIAN_POINT('',(0.,0.,0.));
#3296=CARTESIAN_POINT('Origin',(6644.70697160013,-16439.9820805263,0.));
#3297=CARTESIAN_POINT('',(2184.16957558111,-5671.29220358493,11621.2367009811));
#3298=CARTESIAN_POINT('',(2139.53264903394,-5563.52913013207,11513.4736275283));
#3299=CARTESIAN_POINT('',(2127.05800248031,-5533.41266923649,11483.3571666327));
#3300=CARTESIAN_POINT('',(2307.26343243767,-5968.46706225284,11539.5879892188));
#3301=CARTESIAN_POINT('',(4822.68401231818,-12041.2295412729,9871.09814632686));
#3302=CARTESIAN_POINT('',(2318.08035522261,-5994.58142394339,11513.4736275283));
#3303=CARTESIAN_POINT('',(4471.12846461292,-11192.4993700752,6315.55568139646));
#3304=CARTESIAN_POINT('',(2228.80650212828,-5779.05527703773,11297.9474806226));
#3305=CARTESIAN_POINT('',(2387.37974274176,-6161.88494515627,11680.7771487412));
#3306=CARTESIAN_POINT('',(4388.9080113077,-10994.0016366013,6083.00112105905));
#3307=CARTESIAN_POINT('Origin',(2324.23448572343,-5994.58142394339,11513.4736275283));
#3308=CARTESIAN_POINT('',(-2318.0803552226,-5994.58142394338,11513.4736275283));
#3309=CARTESIAN_POINT('',(2324.23448572343,-5994.58142394339,11513.4736275283));
#3310=CARTESIAN_POINT('',(-2228.80650212818,-5779.05527703772,11297.9474806226));
#3311=CARTESIAN_POINT('',(-2340.11483426527,-6047.77736208798,11566.6695656729));
#3312=CARTESIAN_POINT('',(2324.23448572343,-5779.05527703773,11297.9474806226));
#3313=CARTESIAN_POINT('Origin',(-1.3264945038444E-12,-5886.81835049056,
11621.2367009811));
#3314=CARTESIAN_POINT('',(2184.1695755811,-5779.05527703773,11728.9997744339));
#3315=CARTESIAN_POINT('',(2324.23448572343,-5994.58142394339,11513.4736275283));
#3316=CARTESIAN_POINT('',(-2184.1695755811,-5779.05527703772,11728.9997744339));
#3317=CARTESIAN_POINT('',(2184.1695755811,-5779.05527703773,11728.9997744339));
#3318=CARTESIAN_POINT('',(-2307.26343243764,-5968.46706225278,11539.5879892189));
#3319=CARTESIAN_POINT('',(-2324.23448572343,-5994.58142394338,11513.4736275283));
#3320=CARTESIAN_POINT('',(-4607.49800747067,-11521.724569937,5986.33048153462));
#3321=CARTESIAN_POINT('Origin',(-7150.24342867545,-17660.4550514717,0.));
#3322=CARTESIAN_POINT('',(-2184.16957558105,-5671.29220358489,11621.2367009811));
#3323=CARTESIAN_POINT('',(-5115.41483158482,-12747.9442552687,9676.92847046484));
#3324=CARTESIAN_POINT('',(-2139.53264903384,-5563.52913013206,11513.4736275283));
#3325=CARTESIAN_POINT('',(-2435.99566791661,-6279.25417106027,12229.1986684565));
#3326=CARTESIAN_POINT('',(-4525.27755416537,-11323.2268364631,5753.77592119719));
#3327=CARTESIAN_POINT('Origin',(-1.4210854715202E-12,-5671.2922035849,11405.7105540755));
#3328=CARTESIAN_POINT('',(2184.1695755811,-5563.52913013207,11513.4736275283));
#3329=CARTESIAN_POINT('Origin',(2184.1695755811,-5779.05527703773,11728.9997744339));
#3330=CARTESIAN_POINT('',(2184.1695755811,-5779.05527703773,11728.9997744339));
#3331=CARTESIAN_POINT('Origin',(-2184.1695755811,-5779.05527703772,11728.9997744339));
#3332=CARTESIAN_POINT('',(-2184.1695755811,-5779.05527703772,11728.9997744339));
#3333=CARTESIAN_POINT('Origin',(-2324.23448572343,-5994.58142394338,11513.4736275283));
#3334=CARTESIAN_POINT('Origin',(-7150.24342867545,-17660.4550514717,0.));
#3335=CARTESIAN_POINT('',(-2318.0071319179,-5994.40464724808,11513.296850833));
#3336=CARTESIAN_POINT('',(-2318.0803552226,-5994.58142394338,11513.4736275283));
#3337=CARTESIAN_POINT('',(-2523.74928559984,-6491.11014501844,12010.0023486033));
#3338=CARTESIAN_POINT('',(-3432.15174209714,-8684.18767558771,8823.51382249337));
#3339=CARTESIAN_POINT('',(-4884.51509120868,-12190.5029705064,5317.19852757467));
#3340=CARTESIAN_POINT('',(-3432.22496540184,-8684.364452283,8823.69059918867));
#3341=CARTESIAN_POINT('',(-3322.21897986078,-8418.78651004777,8558.11265695344));
#3342=CARTESIAN_POINT('',(-4884.58252924453,-12190.6657803272,5317.3892711445));
#3343=CARTESIAN_POINT('Origin',(3438.37909590268,-8684.364452283,8823.69059918866));
#3344=CARTESIAN_POINT('',(3432.15174209715,-8684.18767558771,8823.51382249337));
#3345=CARTESIAN_POINT('',(3438.37909590268,-8684.18767558771,8823.51382249337));
#3346=CARTESIAN_POINT('',(3432.22496540186,-8684.364452283,8823.69059918866));
#3347=CARTESIAN_POINT('',(3457.5108647265,-8745.41001336935,8884.73616027501));
#3348=CARTESIAN_POINT('',(3438.37909590268,-8684.364452283,8823.69059918866));
#3349=CARTESIAN_POINT('Origin',(1.13686837721616E-12,-7339.2961614179,10168.4053366632));
#3350=CARTESIAN_POINT('',(2318.00713191791,-5994.40464724809,11513.296850833));
#3351=CARTESIAN_POINT('',(2324.23448572343,-5994.40464724809,11513.296850833));
#3352=CARTESIAN_POINT('',(4748.14554835093,-11861.2777706446,5646.42372743651));
#3353=CARTESIAN_POINT('Origin',(6644.70697160013,-16439.9820805263,0.));
#3354=CARTESIAN_POINT('',(2318.08035522261,-5994.58142394339,11513.4736275283));
#3355=CARTESIAN_POINT('',(2203.74529140749,-5718.55216222612,11237.444365811));
#3356=CARTESIAN_POINT('',(4748.21298638678,-11861.4405804653,5646.61447100634));
#3357=CARTESIAN_POINT('Origin',(-2324.23448572343,-5994.58142394338,11513.4736275283));
#3358=CARTESIAN_POINT('',(2324.23448572343,-5994.58142394339,11513.4736275283));
#3359=CARTESIAN_POINT('Origin',(9.47242250587925E-13,-7339.47293811319,
10168.5821133585));
#3360=CARTESIAN_POINT('Origin',(6644.70697160013,-16439.9820805263,0.));
#3361=CARTESIAN_POINT('',(3432.22496540186,-8684.364452283,8823.69059918866));
#3362=CARTESIAN_POINT('',(3342.95111230752,-8468.83830537734,8608.164452283));
#3363=CARTESIAN_POINT('',(3185.84943700323,-8089.56131018617,8228.88745709183));
#3364=CARTESIAN_POINT('',(3521.4988184962,-8899.89059918866,8608.164452283));
#3365=CARTESIAN_POINT('',(5025.29750816064,-12530.3817908554,4977.67326061622));
#3366=CARTESIAN_POINT('',(3432.22496540186,-8684.364452283,8392.63830537734));
#3367=CARTESIAN_POINT('',(3543.25801792627,-8952.42195355913,8660.69580665348));
#3368=CARTESIAN_POINT('',(4943.07705485543,-12331.8840573815,4745.11870027882));
#3369=CARTESIAN_POINT('Origin',(3527.65294899702,-8899.89059918866,8608.164452283));
#3370=CARTESIAN_POINT('',(-3521.49881849618,-8899.89059918866,8608.164452283));
#3371=CARTESIAN_POINT('',(3527.65294899702,-8899.89059918866,8608.164452283));
#3372=CARTESIAN_POINT('',(-3432.22496540177,-8684.364452283,8392.63830537735));
#3373=CARTESIAN_POINT('',(-3400.91273327141,-8608.7700368058,8317.04388990014));
#3374=CARTESIAN_POINT('',(3527.65294899702,-8684.364452283,8392.63830537734));
#3375=CARTESIAN_POINT('Origin',(9.47242250587925E-13,-8792.12752573583,
8715.92752573583));
#3376=CARTESIAN_POINT('',(-3432.22496540184,-8684.364452283,8823.69059918867));
#3377=CARTESIAN_POINT('',(3438.37909590268,-8684.364452283,8823.69059918866));
#3378=CARTESIAN_POINT('',(-5161.66705101839,-12859.6069907173,4648.44806075438));
#3379=CARTESIAN_POINT('Origin',(-7150.24342867545,-17660.4550514717,0.));
#3380=CARTESIAN_POINT('',(-3342.95111230742,-8468.83830537734,8608.164452283));
#3381=CARTESIAN_POINT('',(-3593.8804075845,-9074.63521323146,9213.96136013713));
#3382=CARTESIAN_POINT('',(-5079.4465977131,-12661.1092572434,4415.89350041696));
#3383=CARTESIAN_POINT('Origin',(-3438.37909590268,-8684.364452283,8823.69059918867));
#3384=CARTESIAN_POINT('',(3438.37909590268,-8468.83830537734,8608.164452283));
#3385=CARTESIAN_POINT('Origin',(1.13686837721616E-12,-8576.60137883017,
8500.40137883017));
#3386=CARTESIAN_POINT('Origin',(-7150.24342867545,-17660.4550514717,0.));
#3387=CARTESIAN_POINT('',(-3521.42559519148,-8899.71382249337,8607.98767558771));
#3388=CARTESIAN_POINT('',(-3521.49881849618,-8899.89059918866,8608.164452283));
#3389=CARTESIAN_POINT('',(-3679.62756077806,-9281.64715340623,8989.92100650303));
#3390=CARTESIAN_POINT('',(-4635.57020537072,-11589.496850833,5918.20464724809));
#3391=CARTESIAN_POINT('',(-5438.68413475835,-13528.3853912914,3979.31610680218));
#3392=CARTESIAN_POINT('',(-4635.64342867542,-11589.6736275283,5918.38142394339));
#3393=CARTESIAN_POINT('',(-4383.01687886479,-10979.7791847604,5308.48698117164));
#3394=CARTESIAN_POINT('',(-5438.75157279225,-13528.5482011074,3979.50685036426));
#3395=CARTESIAN_POINT('Origin',(4641.79755917627,-11589.6736275283,5918.38142394339));
#3396=CARTESIAN_POINT('',(4635.57020537074,-11589.496850833,5918.20464724809));
#3397=CARTESIAN_POINT('',(4641.79755917627,-11589.496850833,5918.20464724809));
#3398=CARTESIAN_POINT('',(4635.64342867545,-11589.6736275283,5918.38142394339));
#3399=CARTESIAN_POINT('',(4613.38913990752,-11535.9470217638,5864.65481817855));
#3400=CARTESIAN_POINT('',(4641.79755917627,-11589.6736275283,5918.38142394339));
#3401=CARTESIAN_POINT('Origin',(3.97903932025656E-12,-10244.6053366589,
7263.09616141357));
#3402=CARTESIAN_POINT('',(3521.4255951915,-8899.71382249337,8607.98767558771));
#3403=CARTESIAN_POINT('',(3527.65294899702,-8899.71382249337,8607.98767558771));
#3404=CARTESIAN_POINT('',(5302.3145918998,-13199.1601914276,4308.54130666386));
#3405=CARTESIAN_POINT('Origin',(6644.70697160013,-16439.9820805263,0.));
#3406=CARTESIAN_POINT('',(3521.4988184962,-8899.89059918866,8608.164452283));
#3407=CARTESIAN_POINT('',(3264.54319041013,-8279.54483693515,7987.8186900255));
#3408=CARTESIAN_POINT('',(5302.38202993451,-13199.3230012456,4308.7320502261));
#3409=CARTESIAN_POINT('Origin',(-3527.65294899702,-8899.89059918866,8608.164452283));
#3410=CARTESIAN_POINT('',(3527.65294899702,-8899.89059918866,8608.164452283));
#3411=CARTESIAN_POINT('Origin',(3.78941319362833E-12,-10244.7821133585,
7263.2729381132));
#3412=CARTESIAN_POINT('Origin',(6644.70697160013,-16439.9820805263,0.));
#3413=CARTESIAN_POINT('',(4635.64342867545,-11589.6736275283,5918.38142394339));
#3414=CARTESIAN_POINT('',(4546.36957558111,-11374.1474806226,5702.85527703773));
#3415=CARTESIAN_POINT('',(4246.64733600963,-10650.5539849043,4979.26178131937));
#3416=CARTESIAN_POINT('',(4724.91728176979,-11805.1997744339,5702.85527703772));
#3417=CARTESIAN_POINT('',(5579.46655170837,-13868.2642116357,3639.79083983598));
#3418=CARTESIAN_POINT('',(4635.64342867545,-11589.6736275283,5487.32913013207));
#3419=CARTESIAN_POINT('',(4699.1362931108,-11742.958961962,5640.6144645658));
#3420=CARTESIAN_POINT('',(5497.24609840316,-13669.7664781618,3407.23627949859));
#3421=CARTESIAN_POINT('Origin',(4731.07141227061,-11805.1997744339,5702.85527703772));
#3422=CARTESIAN_POINT('',(-4724.91728176976,-11805.1997744339,5702.85527703773));
#3423=CARTESIAN_POINT('',(4731.07141227061,-11805.1997744339,5702.85527703772));
#3424=CARTESIAN_POINT('',(-4635.64342867535,-11589.6736275283,5487.32913013207));
#3425=CARTESIAN_POINT('',(-4461.71063227756,-11169.7627115236,5067.41821412741));
#3426=CARTESIAN_POINT('',(4731.07141227061,-11589.6736275283,5487.32913013207));
#3427=CARTESIAN_POINT('Origin',(4.35784738223641E-12,-11697.4367009811,
5810.61835049056));
#3428=CARTESIAN_POINT('',(-4635.64342867542,-11589.6736275283,5918.38142394339));
#3429=CARTESIAN_POINT('',(4641.79755917627,-11589.6736275283,5918.38142394339));
#3430=CARTESIAN_POINT('',(-5715.83609456611,-14197.4894114975,3310.56563997414));
#3431=CARTESIAN_POINT('Origin',(-7150.24342867545,-17660.4550514717,0.));
#3432=CARTESIAN_POINT('',(-4546.36957558101,-11374.1474806226,5702.85527703773));
#3433=CARTESIAN_POINT('',(-4749.75868276894,-11865.1722216342,6193.88001804936));
#3434=CARTESIAN_POINT('',(-5633.61564126083,-13998.9916780236,3078.01107963673));
#3435=CARTESIAN_POINT('Origin',(-4641.79755917626,-11589.6736275283,5918.38142394339));
#3436=CARTESIAN_POINT('',(4641.79755917627,-11374.1474806226,5702.85527703773));
#3437=CARTESIAN_POINT('Origin',(4.54747350886464E-12,-11481.9105540754,
5595.0922035849));
#3438=CARTESIAN_POINT('Origin',(-7150.24342867545,-17660.4550514717,0.));
#3439=CARTESIAN_POINT('',(-4724.84405846506,-11805.0229977386,5702.67850034243));
#3440=CARTESIAN_POINT('',(-4724.91728176976,-11805.1997744339,5702.85527703773));
#3441=CARTESIAN_POINT('',(-4835.50583596456,-12072.184161814,5969.83966441952));
#3442=CARTESIAN_POINT('',(-5838.9886686443,-14494.8060260783,3012.89547200281));
#3443=CARTESIAN_POINT('',(-5992.85317830401,-14866.2678120666,2641.43368601685));
#3444=CARTESIAN_POINT('',(-5839.06189194901,-14494.9828027736,3013.07224869811));
#3445=CARTESIAN_POINT('',(-5443.81477787356,-13540.7718594846,2058.86130540304));
#3446=CARTESIAN_POINT('',(-5992.92061633997,-14866.4306218876,2641.62442958402));
#3447=CARTESIAN_POINT('Origin',(5845.21602244985,-14494.9828027736,3013.07224869811));
#3448=CARTESIAN_POINT('',(5838.98866864433,-14494.8060260783,3012.89547200281));
#3449=CARTESIAN_POINT('',(5845.21602244985,-14494.8060260783,3012.89547200281));
#3450=CARTESIAN_POINT('',(5839.06189194904,-14494.9828027736,3013.07224869811));
#3451=CARTESIAN_POINT('',(5769.26741509411,-14326.4840301717,2844.57347609512));
#3452=CARTESIAN_POINT('',(5845.21602244985,-14494.9828027736,3013.07224869811));
#3453=CARTESIAN_POINT('Origin',(6.82121026329696E-12,-13149.9145119041,
4357.7869861683));
#3454=CARTESIAN_POINT('',(4724.84405846508,-11805.0229977386,5702.67850034243));
#3455=CARTESIAN_POINT('',(4731.07141227061,-11805.0229977386,5702.67850034243));
#3456=CARTESIAN_POINT('',(5856.48363544546,-14537.0426122028,2970.65888587852));
#3457=CARTESIAN_POINT('Origin',(6644.70697160013,-16439.9820805263,0.));
#3458=CARTESIAN_POINT('',(4724.91728176979,-11805.1997744339,5702.85527703772));
#3459=CARTESIAN_POINT('',(4325.34108941916,-10840.5375116596,4738.19301425717));
#3460=CARTESIAN_POINT('',(5856.55107348223,-14537.2054220258,2970.84962944586));
#3461=CARTESIAN_POINT('Origin',(-4731.0714122706,-11805.1997744339,5702.85527703773));
#3462=CARTESIAN_POINT('',(4731.07141227061,-11805.1997744339,5702.85527703772));
#3463=CARTESIAN_POINT('Origin',(7.20001832527681E-12,-13150.0912886037,
4357.96376286792));
#3464=CARTESIAN_POINT('Origin',(6644.70697160013,-16439.9820805263,0.));
#3465=CARTESIAN_POINT('',(5839.06189194904,-14494.9828027736,3013.07224869811));
#3466=CARTESIAN_POINT('',(5749.7880388547,-14279.4566558679,2797.54610179245));
#3467=CARTESIAN_POINT('',(5307.44523501603,-13211.5466596224,1729.63610554693));
#3468=CARTESIAN_POINT('',(5928.33574504337,-14710.5089496792,2797.54610179245));
#3469=CARTESIAN_POINT('',(6133.63559525609,-15206.1466324159,2301.90841905574));
#3470=CARTESIAN_POINT('',(5839.06189194904,-14494.9828027736,2582.01995488679));
#3471=CARTESIAN_POINT('',(5855.01456829532,-14533.4959703649,2620.53312247813));
#3472=CARTESIAN_POINT('',(6051.41514195088,-15007.648898942,2069.35385871834));
#3473=CARTESIAN_POINT('Origin',(5934.48987554419,-14710.5089496792,2797.54610179245));
#3474=CARTESIAN_POINT('',(-5928.33574504335,-14710.5089496792,2797.54610179245));
#3475=CARTESIAN_POINT('',(5934.48987554419,-14710.5089496792,2797.54610179245));
#3476=CARTESIAN_POINT('',(-5839.06189194893,-14494.9828027736,2582.01995488679));
#3477=CARTESIAN_POINT('',(-5522.50853128371,-13730.7553862415,1817.79253835469));
#3478=CARTESIAN_POINT('',(5934.48987554419,-14494.9828027736,2582.01995488679));
#3479=CARTESIAN_POINT('Origin',(7.20001832527681E-12,-14602.7458762264,
2905.30917524528));
#3480=CARTESIAN_POINT('',(-5839.06189194901,-14494.9828027736,3013.07224869811));
#3481=CARTESIAN_POINT('',(5845.21602244985,-14494.9828027736,3013.07224869811));
#3482=CARTESIAN_POINT('',(-6270.00513811383,-15535.3718322778,1972.6832191939));
#3483=CARTESIAN_POINT('Origin',(-7150.24342867545,-17660.4550514717,0.));
#3484=CARTESIAN_POINT('',(-5749.78803885459,-14279.4566558679,2797.54610179245));
#3485=CARTESIAN_POINT('',(-5905.63695795338,-14655.709230037,3173.7986759616));
#3486=CARTESIAN_POINT('',(-6187.78468480855,-15336.8740988039,1740.12865885648));
#3487=CARTESIAN_POINT('Origin',(-5845.21602244984,-14494.9828027736,3013.07224869811));
#3488=CARTESIAN_POINT('',(5845.21602244985,-14279.4566558679,2797.54610179245));
#3489=CARTESIAN_POINT('Origin',(6.82121026329696E-12,-14387.2197293207,
2689.78302833962));
#3490=CARTESIAN_POINT('Origin',(-7150.24342867545,-17660.4550514717,0.));
#3491=CARTESIAN_POINT('',(-5928.26252173865,-14710.3321729839,2797.36932509715));
#3492=CARTESIAN_POINT('',(-5928.33574504335,-14710.5089496792,2797.54610179245));
#3493=CARTESIAN_POINT('',(-5991.38411115152,-14862.7211702229,2949.75832233689));
#3494=CARTESIAN_POINT('',(-6997.77020537072,-17292.3521278707,215.349370210365));
#3495=CARTESIAN_POINT('',(-6536.74466518708,-16179.338016159,1328.3634819165));
#3496=CARTESIAN_POINT('',(-6997.84342867542,-17292.528904566,215.526146905663));
#3497=CARTESIAN_POINT('',(-6465.26580017626,-16006.772770828,-1070.22998683885));
#3498=CARTESIAN_POINT('',(-6536.81210322455,-16179.5008259837,1328.55422548801));
#3499=CARTESIAN_POINT('Origin',(7003.99755917627,-17292.528904566,215.526146905663));
#3500=CARTESIAN_POINT('',(6997.77020537075,-17292.3521278707,215.349370210365));
#3501=CARTESIAN_POINT('',(7003.99755917627,-17292.3521278707,215.349370210365));
#3502=CARTESIAN_POINT('',(6997.84342867545,-17292.528904566,215.526146905663));
#3503=CARTESIAN_POINT('',(6882.27211368061,-17013.5150684841,-63.4876891775938));
#3504=CARTESIAN_POINT('',(7003.99755917627,-17292.528904566,215.526146905663));
#3505=CARTESIAN_POINT('Origin',(9.09494701772928E-12,-16001.3421504241,
1506.35934765052));
#3506=CARTESIAN_POINT('',(5928.26252173867,-14710.3321729839,2797.36932509715));
#3507=CARTESIAN_POINT('',(5934.48987554419,-14710.3321729839,2797.36932509715));
#3508=CARTESIAN_POINT('',(6400.37512232871,-15850.1128162956,1657.58868177821));
#3509=CARTESIAN_POINT('Origin',(6644.70697160013,-16439.9820805263,0.));
#3510=CARTESIAN_POINT('',(5928.33574504337,-14710.5089496792,2797.54610179245));
#3511=CARTESIAN_POINT('',(5386.13898842785,-13401.5301863832,1488.5673384899));
#3512=CARTESIAN_POINT('',(6400.4425603668,-15850.2756261218,1657.77942534986));
#3513=CARTESIAN_POINT('Origin',(-5934.48987554418,-14710.5089496792,2797.54610179245));
#3514=CARTESIAN_POINT('',(5934.48987554419,-14710.5089496792,2797.54610179245));
#3515=CARTESIAN_POINT('Origin',(9.47375507970913E-12,-16001.5189271226,
1506.53612434906));
#3516=CARTESIAN_POINT('Origin',(6644.70697160013,-16439.9820805263,0.));
#3517=CARTESIAN_POINT('',(6997.84342867545,-17292.528904566,215.526146905663));
#3518=CARTESIAN_POINT('',(6908.56957558112,-17077.0027576603,4.61439596042422E-12));
#3519=CARTESIAN_POINT('',(6328.8962573171,-15677.5475709615,-1399.45518669889));
#3520=CARTESIAN_POINT('',(7087.11728176979,-17508.0550514717,3.40346287455076E-12));
#3521=CARTESIAN_POINT('',(6667.24952547751,-16494.4046198277,1013.65043164398));
#3522=CARTESIAN_POINT('',(6997.84342867546,-17292.528904566,-215.526146905655));
#3523=CARTESIAN_POINT('',(6968.01926687996,-17220.5270086729,-287.528042798765));
#3524=CARTESIAN_POINT('',(6585.0290721723,-16295.9068863538,781.095871306576));
#3525=CARTESIAN_POINT('Origin',(7093.27141227061,-17508.0550514717,3.40372933487967E-12));
#3526=CARTESIAN_POINT('',(-7087.11728176976,-17508.0550514717,2.78974966141079E-12));
#3527=CARTESIAN_POINT('',(7252.07385309435,-17508.0550514717,3.41060513164848E-12));
#3528=CARTESIAN_POINT('',(-6997.84342867534,-17292.528904566,-215.526146905656));
#3529=CARTESIAN_POINT('',(-6543.95955358454,-16196.7562975803,-1311.29875389138));
#3530=CARTESIAN_POINT('',(7252.07385309435,-17292.528904566,-215.526146905655));
#3531=CARTESIAN_POINT('Origin',(9.47375507970913E-12,-17400.2919780188,
107.763073452833));
#3532=CARTESIAN_POINT('',(-6997.84342867542,-17292.528904566,215.526146905663));
#3533=CARTESIAN_POINT('',(7003.99755917627,-17292.528904566,215.526146905663));
#3534=CARTESIAN_POINT('',(-6803.61906833526,-16823.6298196895,684.425231782132));
#3535=CARTESIAN_POINT('Origin',(-7150.24342867545,-17660.4550514717,0.));
#3536=CARTESIAN_POINT('',(-6908.569575581,-17077.0027576603,4.01614419403435E-12));
#3537=CARTESIAN_POINT('',(-7018.64165653793,-17342.740268345,265.737510684616));
#3538=CARTESIAN_POINT('',(-6721.39861502996,-16625.1320862156,451.870671444714));
#3539=CARTESIAN_POINT('Origin',(-7003.99755917625,-17292.528904566,215.526146905663));
#3540=CARTESIAN_POINT('',(7003.99755917627,-17077.0027576603,4.61852778244065E-12));
#3541=CARTESIAN_POINT('Origin',(9.09494701772928E-12,-17184.7658311132,
-107.763073452827));
#3542=CARTESIAN_POINT('',(0.,0.,0.));
#3543=CARTESIAN_POINT('Origin',(-6926.30545310953,-16323.3401703415,0.));
#3544=CARTESIAN_POINT('',(-2465.76805709055,-5554.65029340005,11621.2367009811));
#3545=CARTESIAN_POINT('',(-2421.13113054337,-5446.88721994719,11513.4736275283));
#3546=CARTESIAN_POINT('',(-2408.65648398974,-5416.77075905161,11483.3571666327));
#3547=CARTESIAN_POINT('',(-2588.86191394711,-5851.82515206797,11539.5879892188));
#3548=CARTESIAN_POINT('',(-5104.28249382769,-11924.5876310879,9871.09814632686));
#3549=CARTESIAN_POINT('',(-2599.67883673205,-5877.93951375851,11513.4736275283));
#3550=CARTESIAN_POINT('',(-4752.72694612235,-11075.8574598903,6315.55568139646));
#3551=CARTESIAN_POINT('',(-2510.40498363771,-5662.41336685285,11297.9474806226));
#3552=CARTESIAN_POINT('',(-2668.9782242512,-6045.24303497139,11680.7771487412));
#3553=CARTESIAN_POINT('',(-4670.50649281712,-10877.3597264164,6083.00112105905));
#3554=CARTESIAN_POINT('Origin',(-2595.32720932262,-5882.29114116795,11513.4736275283));
#3555=CARTESIAN_POINT('',(-5877.9395137585,-2599.67883673205,11513.4736275283));
#3556=CARTESIAN_POINT('',(-2595.32720932262,-5882.29114116795,11513.4736275283));
#3557=CARTESIAN_POINT('',(-5662.41336685278,-2510.40498363777,11297.9474806226));
#3558=CARTESIAN_POINT('',(-5931.13545190311,-2621.71331577469,11566.6695656729));
#3559=CARTESIAN_POINT('',(-2442.92720932262,-5729.89114116795,11297.9474806226));
#3560=CARTESIAN_POINT('Origin',(-4162.60917524528,-4162.60917524528,11621.2367009811));
#3561=CARTESIAN_POINT('',(-2541.96805709054,-5630.85029340002,11728.9997744339));
#3562=CARTESIAN_POINT('',(-2595.32720932262,-5882.29114116795,11513.4736275283));
#3563=CARTESIAN_POINT('',(-5630.85029340001,-2541.96805709054,11728.9997744339));
#3564=CARTESIAN_POINT('',(-2541.96805709054,-5630.85029340002,11728.9997744339));
#3565=CARTESIAN_POINT('',(-5851.8251520679,-2588.86191394709,11539.5879892189));
#3566=CARTESIAN_POINT('',(-5882.29114116794,-2595.32720932261,11513.4736275283));
#3567=CARTESIAN_POINT('',(-11405.0826597522,-4889.09648898013,5986.33048153462));
#3568=CARTESIAN_POINT('Origin',(-17543.8131412868,-7431.84191018487,0.));
#3569=CARTESIAN_POINT('',(-5554.65029339997,-2465.76805709056,11621.2367009811));
#3570=CARTESIAN_POINT('',(-12631.3023450845,-5397.01331309275,9676.92847046484));
#3571=CARTESIAN_POINT('',(-5446.88721994712,-2421.13113054343,11513.4736275283));
#3572=CARTESIAN_POINT('',(-6162.61226087552,-2717.59414942575,12229.1986684565));
#3573=CARTESIAN_POINT('',(-11206.5849262782,-4806.87603567496,5753.77592119719));
#3574=CARTESIAN_POINT('Origin',(-4010.20917524528,-4010.20917524528,11405.7105540755));
#3575=CARTESIAN_POINT('',(-2389.56805709054,-5478.45029340002,11513.4736275283));
#3576=CARTESIAN_POINT('Origin',(-2541.96805709054,-5630.85029340002,11728.9997744339));
#3577=CARTESIAN_POINT('',(-2541.96805709054,-5630.85029340002,11728.9997744339));
#3578=CARTESIAN_POINT('Origin',(-5630.85029340001,-2541.96805709054,11728.9997744339));
#3579=CARTESIAN_POINT('',(-5630.85029340001,-2541.96805709054,11728.9997744339));
#3580=CARTESIAN_POINT('Origin',(-5882.29114116794,-2595.32720932261,11513.4736275283));
#3581=CARTESIAN_POINT('Origin',(-17543.8131412868,-7431.84191018487,0.));
#3582=CARTESIAN_POINT('',(-5877.7627370632,-2599.60561342735,11513.296850833));
#3583=CARTESIAN_POINT('',(-5877.9395137585,-2599.67883673205,11513.4736275283));
#3584=CARTESIAN_POINT('',(-6374.46823483368,-2805.34776710898,12010.0023486033));
#3585=CARTESIAN_POINT('',(-8567.54576540282,-3713.7502236066,8823.51382249337));
#3586=CARTESIAN_POINT('',(-12073.8610603215,-5166.11357271814,5317.19852757467));
#3587=CARTESIAN_POINT('',(-8567.72254209812,-3713.8234469113,8823.69059918867));
#3588=CARTESIAN_POINT('',(-8302.14459986282,-3603.8174613704,8558.11265695344));
#3589=CARTESIAN_POINT('',(-12074.0238701423,-5166.18101075399,5317.3892711445));
#3590=CARTESIAN_POINT('Origin',(-3709.47181950186,-8572.07416950756,8823.69059918866));
#3591=CARTESIAN_POINT('',(-3713.75022360659,-8567.54576540283,8823.51382249337));
#3592=CARTESIAN_POINT('',(-3709.34681950186,-8571.94916950756,8823.51382249337));
#3593=CARTESIAN_POINT('',(-3713.82344691129,-8567.72254209812,8823.69059918866));
#3594=CARTESIAN_POINT('',(-3739.10934623593,-8628.76810318447,8884.73616027501));
#3595=CARTESIAN_POINT('',(-3709.47181950186,-8572.07416950756,8823.69059918866));
#3596=CARTESIAN_POINT('Origin',(-5189.66608487499,-5189.66608487499,10168.4053366632));
#3597=CARTESIAN_POINT('',(-2599.60561342735,-5877.76273706321,11513.296850833));
#3598=CARTESIAN_POINT('',(-2595.20220932261,-5882.16614116795,11513.296850833));
#3599=CARTESIAN_POINT('',(-5029.74402986036,-11744.6358604597,5646.42372743651));
#3600=CARTESIAN_POINT('Origin',(-6926.30545310953,-16323.3401703415,0.));
#3601=CARTESIAN_POINT('',(-2599.67883673205,-5877.93951375851,11513.4736275283));
#3602=CARTESIAN_POINT('',(-2485.34377291692,-5601.91025204125,11237.444365811));
#3603=CARTESIAN_POINT('',(-5029.81146789621,-11744.7986702804,5646.61447100634));
#3604=CARTESIAN_POINT('Origin',(-5882.29114116794,-2595.32720932261,11513.4736275283));
#3605=CARTESIAN_POINT('',(-2595.32720932262,-5882.29114116795,11513.4736275283));
#3606=CARTESIAN_POINT('Origin',(-5189.79108487499,-5189.79108487499,10168.5821133585));
#3607=CARTESIAN_POINT('Origin',(-6926.30545310953,-16323.3401703415,0.));
#3608=CARTESIAN_POINT('',(-3713.82344691129,-8567.72254209812,8823.69059918866));
#3609=CARTESIAN_POINT('',(-3624.54959381695,-8352.19639519247,8608.164452283));
#3610=CARTESIAN_POINT('',(-3467.44791851265,-7972.91940000131,8228.88745709183));
#3611=CARTESIAN_POINT('',(-3803.09730000563,-8783.24868900379,8608.164452283));
#3612=CARTESIAN_POINT('',(-5306.89598967007,-12413.7398806706,4977.67326061622));
#3613=CARTESIAN_POINT('',(-3713.82344691129,-8567.72254209813,8392.63830537734));
#3614=CARTESIAN_POINT('',(-3824.85649943571,-8835.78004337426,8660.69580665348));
#3615=CARTESIAN_POINT('',(-5224.67553636485,-12215.2421471967,4745.11870027882));
#3616=CARTESIAN_POINT('Origin',(-3798.7456725962,-8787.60031641322,8608.164452283));
#3617=CARTESIAN_POINT('',(-8783.24868900377,-3803.09730000564,8608.164452283));
#3618=CARTESIAN_POINT('',(-3798.7456725962,-8787.60031641322,8608.164452283));
#3619=CARTESIAN_POINT('',(-8567.72254209806,-3713.82344691135,8392.63830537735));
#3620=CARTESIAN_POINT('',(-8492.12812662084,-3682.51121478105,8317.04388990014));
#3621=CARTESIAN_POINT('',(-3646.3456725962,-8635.20031641322,8392.63830537734));
#3622=CARTESIAN_POINT('Origin',(-6216.97299450471,-6216.97299450471,8715.92752573583));
#3623=CARTESIAN_POINT('',(-8567.72254209812,-3713.8234469113,8823.69059918867));
#3624=CARTESIAN_POINT('',(-3709.47181950186,-8572.07416950756,8823.69059918866));
#3625=CARTESIAN_POINT('',(-12742.9650805324,-5443.26553252785,4648.44806075438));
#3626=CARTESIAN_POINT('Origin',(-17543.8131412868,-7431.84191018487,0.));
#3627=CARTESIAN_POINT('',(-8352.1963951924,-3624.54959381702,8608.164452283));
#3628=CARTESIAN_POINT('',(-8957.99330304667,-3875.47888909372,9213.96136013713));
#3629=CARTESIAN_POINT('',(-12544.4673470584,-5361.04507922269,4415.89350041696));
#3630=CARTESIAN_POINT('Origin',(-8572.07416950756,-3709.47181950185,8823.69059918867));
#3631=CARTESIAN_POINT('',(-3557.07181950186,-8419.67416950756,8608.164452283));
#3632=CARTESIAN_POINT('Origin',(-6064.57299450471,-6064.57299450471,8500.40137883017));
#3633=CARTESIAN_POINT('Origin',(-17543.8131412868,-7431.84191018487,0.));
#3634=CARTESIAN_POINT('',(-8783.07191230848,-3803.02407670094,8607.98767558771));
#3635=CARTESIAN_POINT('',(-8783.24868900377,-3803.09730000564,8608.164452283));
#3636=CARTESIAN_POINT('',(-9165.00524322145,-3961.22604228728,8989.92100650303));
#3637=CARTESIAN_POINT('',(-11472.8549406481,-4917.16868688018,5918.20464724809));
#3638=CARTESIAN_POINT('',(-13411.7434811065,-5720.28261626782,3979.31610680218));
#3639=CARTESIAN_POINT('',(-11473.0317173434,-4917.24191018489,5918.38142394339));
#3640=CARTESIAN_POINT('',(-10863.1372745754,-4664.61536037462,5308.48698117164));
#3641=CARTESIAN_POINT('',(-13411.9062909225,-5720.35005430171,3979.50685036426));
#3642=CARTESIAN_POINT('Origin',(-4912.89028277544,-11477.3833447528,5918.38142394339));
#3643=CARTESIAN_POINT('',(-4917.16868688017,-11472.8549406481,5918.20464724809));
#3644=CARTESIAN_POINT('',(-4912.76528277544,-11477.2583447528,5918.20464724809));
#3645=CARTESIAN_POINT('',(-4917.24191018488,-11473.0317173434,5918.38142394339));
#3646=CARTESIAN_POINT('',(-4894.98762141695,-11419.3051115789,5864.65481817855));
#3647=CARTESIAN_POINT('',(-4912.89028277544,-11477.3833447528,5918.38142394339));
#3648=CARTESIAN_POINT('Origin',(-7244.02990413137,-7244.02990413137,7263.09616141357));
#3649=CARTESIAN_POINT('',(-3803.02407670093,-8783.07191230849,8607.98767558771));
#3650=CARTESIAN_POINT('',(-3798.6206725962,-8787.47531641322,8607.98767558771));
#3651=CARTESIAN_POINT('',(-5583.91307340923,-13082.5182812427,4308.54130666386));
#3652=CARTESIAN_POINT('Origin',(-6926.30545310953,-16323.3401703415,0.));
#3653=CARTESIAN_POINT('',(-3803.09730000563,-8783.24868900379,8608.164452283));
#3654=CARTESIAN_POINT('',(-3546.14167191954,-8162.90292675028,7987.8186900255));
#3655=CARTESIAN_POINT('',(-5583.98051144393,-13082.6810910607,4308.7320502261));
#3656=CARTESIAN_POINT('Origin',(-8787.60031641322,-3798.74567259619,8608.164452283));
#3657=CARTESIAN_POINT('',(-3798.7456725962,-8787.60031641322,8608.164452283));
#3658=CARTESIAN_POINT('Origin',(-7244.15490413442,-7244.15490413443,7263.2729381132));
#3659=CARTESIAN_POINT('Origin',(-6926.30545310953,-16323.3401703415,0.));
#3660=CARTESIAN_POINT('',(-4917.24191018488,-11473.0317173434,5918.38142394339));
#3661=CARTESIAN_POINT('',(-4827.96805709053,-11257.5055704378,5702.85527703773));
#3662=CARTESIAN_POINT('',(-4528.24581751902,-10533.9120747194,4979.26178131937));
#3663=CARTESIAN_POINT('',(-5006.51576327922,-11688.5578642491,5702.85527703772));
#3664=CARTESIAN_POINT('',(-5861.0650332178,-13751.6223014508,3639.79083983598));
#3665=CARTESIAN_POINT('',(-4917.24191018487,-11473.0317173434,5487.32913013207));
#3666=CARTESIAN_POINT('',(-4980.73477462022,-11626.3170517771,5640.6144645658));
#3667=CARTESIAN_POINT('',(-5778.84457991257,-13553.1245679769,3407.23627949859));
#3668=CARTESIAN_POINT('Origin',(-5002.16413586978,-11692.9094916585,5702.85527703772));
#3669=CARTESIAN_POINT('',(-11688.5578642491,-5006.51576327923,5702.85527703773));
#3670=CARTESIAN_POINT('',(-5002.16413586978,-11692.9094916585,5702.85527703772));
#3671=CARTESIAN_POINT('',(-11473.0317173433,-4917.24191018494,5487.32913013207));
#3672=CARTESIAN_POINT('',(-11053.1208013386,-4743.30911378741,5067.41821412741));
#3673=CARTESIAN_POINT('',(-4849.76413586978,-11540.5094916585,5487.32913013207));
#3674=CARTESIAN_POINT('Origin',(-8271.33681376414,-8271.33681376414,5810.61835049056));
#3675=CARTESIAN_POINT('',(-11473.0317173434,-4917.24191018489,5918.38142394339));
#3676=CARTESIAN_POINT('',(-4912.89028277544,-11477.3833447528,5918.38142394339));
#3677=CARTESIAN_POINT('',(-14080.8475013126,-5997.43457607558,3310.56563997414));
#3678=CARTESIAN_POINT('Origin',(-17543.8131412868,-7431.84191018487,0.));
#3679=CARTESIAN_POINT('',(-11257.5055704377,-4827.9680570906,5702.85527703773));
#3680=CARTESIAN_POINT('',(-11748.5303114494,-5031.35716427823,6193.88001804936));
#3681=CARTESIAN_POINT('',(-13882.3497678387,-5915.21412277042,3078.01107963673));
#3682=CARTESIAN_POINT('Origin',(-11477.3833447528,-4912.89028277544,5918.38142394339));
#3683=CARTESIAN_POINT('',(-4760.49028277544,-11324.9833447528,5702.85527703773));
#3684=CARTESIAN_POINT('Origin',(-8118.93681376414,-8118.93681376414,5595.0922035849));
#3685=CARTESIAN_POINT('Origin',(-17543.8131412868,-7431.84191018487,0.));
#3686=CARTESIAN_POINT('',(-11688.3810875538,-5006.44253997452,5702.67850034243));
#3687=CARTESIAN_POINT('',(-11688.5578642491,-5006.51576327923,5702.85527703773));
#3688=CARTESIAN_POINT('',(-11955.5422516292,-5117.10431747386,5969.83966441952));
#3689=CARTESIAN_POINT('',(-14378.1641158934,-6120.58715015377,3012.89547200281));
#3690=CARTESIAN_POINT('',(-14749.6259018817,-6274.45165981348,2641.43368601685));
#3691=CARTESIAN_POINT('',(-14378.3408925887,-6120.66037345847,3013.07224869811));
#3692=CARTESIAN_POINT('',(-13424.1299492995,-5725.41325938362,2058.86130540304));
#3693=CARTESIAN_POINT('',(-14749.7887117028,-6274.51909784944,2641.62442958402));
#3694=CARTESIAN_POINT('Origin',(-6116.30874604902,-14382.6925199981,3013.07224869811));
#3695=CARTESIAN_POINT('',(-6120.58715015376,-14378.1641158934,3012.89547200281));
#3696=CARTESIAN_POINT('',(-6116.18374604902,-14382.5675199981,3012.89547200281));
#3697=CARTESIAN_POINT('',(-6120.66037345846,-14378.3408925887,3013.07224869811));
#3698=CARTESIAN_POINT('',(-6050.86589660353,-14209.8421199868,2844.57347609512));
#3699=CARTESIAN_POINT('',(-6116.30874604902,-14382.6925199981,3013.07224869811));
#3700=CARTESIAN_POINT('Origin',(-9298.39372339079,-9298.3937233908,4357.7869861683));
#3701=CARTESIAN_POINT('',(-5006.44253997451,-11688.3810875538,5702.67850034243));
#3702=CARTESIAN_POINT('',(-5002.03913586978,-11692.7844916585,5702.67850034243));
#3703=CARTESIAN_POINT('',(-6138.08211695489,-14420.400702018,2970.65888587852));
#3704=CARTESIAN_POINT('Origin',(-6926.30545310953,-16323.3401703415,0.));
#3705=CARTESIAN_POINT('',(-5006.51576327922,-11688.5578642491,5702.85527703772));
#3706=CARTESIAN_POINT('',(-4606.93957092855,-10723.8956014747,4738.19301425717));
#3707=CARTESIAN_POINT('',(-6138.14955499166,-14420.5635118409,2970.84962944586));
#3708=CARTESIAN_POINT('Origin',(-11692.9094916585,-5002.16413586978,5702.85527703773));
#3709=CARTESIAN_POINT('',(-5002.16413586978,-11692.9094916585,5702.85527703772));
#3710=CARTESIAN_POINT('Origin',(-9298.51872339385,-9298.51872339386,4357.96376286792));
#3711=CARTESIAN_POINT('Origin',(-6926.30545310953,-16323.3401703415,0.));
#3712=CARTESIAN_POINT('',(-6120.66037345846,-14378.3408925887,3013.07224869811));
#3713=CARTESIAN_POINT('',(-6031.38652036412,-14162.814745683,2797.54610179245));
#3714=CARTESIAN_POINT('',(-5589.0437165254,-13094.9047494375,1729.63610554693));
#3715=CARTESIAN_POINT('',(-6209.9342265528,-14593.8670394943,2797.54610179245));
#3716=CARTESIAN_POINT('',(-6415.23407676552,-15089.5047222311,2301.90841905574));
#3717=CARTESIAN_POINT('',(-6120.66037345846,-14378.3408925887,2582.01995488679));
#3718=CARTESIAN_POINT('',(-6136.61304980474,-14416.85406018,2620.53312247813));
#3719=CARTESIAN_POINT('',(-6333.0136234603,-14891.0069887571,2069.35385871834));
#3720=CARTESIAN_POINT('Origin',(-6205.58259914336,-14598.2186669038,2797.54610179245));
#3721=CARTESIAN_POINT('',(-14593.8670394943,-6209.93422655281,2797.54610179245));
#3722=CARTESIAN_POINT('',(-6205.58259914336,-14598.2186669038,2797.54610179245));
#3723=CARTESIAN_POINT('',(-14378.3408925886,-6120.66037345853,2582.01995488679));
#3724=CARTESIAN_POINT('',(-13614.1134760563,-5804.10701279378,1817.79253835469));
#3725=CARTESIAN_POINT('',(-6053.18259914336,-14445.8186669038,2582.01995488679));
#3726=CARTESIAN_POINT('Origin',(-10325.7006330236,-10325.7006330236,2905.30917524528));
#3727=CARTESIAN_POINT('',(-14378.3408925887,-6120.66037345847,3013.07224869811));
#3728=CARTESIAN_POINT('',(-6116.30874604902,-14382.6925199981,3013.07224869811));
#3729=CARTESIAN_POINT('',(-15418.7299220929,-6551.6036196233,1972.6832191939));
#3730=CARTESIAN_POINT('Origin',(-17543.8131412868,-7431.84191018487,0.));
#3731=CARTESIAN_POINT('',(-14162.814745683,-6031.38652036419,2797.54610179245));
#3732=CARTESIAN_POINT('',(-14539.0673198522,-6187.23543946274,3173.7986759616));
#3733=CARTESIAN_POINT('',(-15220.2321886189,-6469.38316631815,1740.12865885648));
#3734=CARTESIAN_POINT('Origin',(-14382.6925199981,-6116.30874604903,3013.07224869811));
#3735=CARTESIAN_POINT('',(-5963.90874604902,-14230.2925199981,2797.54610179245));
#3736=CARTESIAN_POINT('Origin',(-10173.3006330236,-10173.3006330236,2689.78302833962));
#3737=CARTESIAN_POINT('Origin',(-17543.8131412868,-7431.84191018487,0.));
#3738=CARTESIAN_POINT('',(-14593.690262799,-6209.86100324811,2797.36932509715));
#3739=CARTESIAN_POINT('',(-14593.8670394943,-6209.93422655281,2797.54610179245));
#3740=CARTESIAN_POINT('',(-14746.079260038,-6272.98259266089,2949.75832233689));
#3741=CARTESIAN_POINT('',(-17175.7102176858,-7279.36868688018,215.349370210365));
#3742=CARTESIAN_POINT('',(-16062.6961059741,-6818.34314669654,1328.3634819165));
#3743=CARTESIAN_POINT('',(-17175.8869943811,-7279.44191018489,215.526146905663));
#3744=CARTESIAN_POINT('',(-15890.1308606427,-6746.86428168652,-1070.22998683885));
#3745=CARTESIAN_POINT('',(-16062.8589157988,-6818.41058473401,1328.55422548801));
#3746=CARTESIAN_POINT('Origin',(-7275.09028277544,-17180.2386217906,215.526146905663));
#3747=CARTESIAN_POINT('',(-7279.36868688017,-17175.7102176858,215.349370210365));
#3748=CARTESIAN_POINT('',(-7274.96528277544,-17180.1136217906,215.349370210365));
#3749=CARTESIAN_POINT('',(-7279.44191018487,-17175.8869943811,215.526146905663));
#3750=CARTESIAN_POINT('',(-7163.87059519002,-16896.8731582993,-63.4876891775938));
#3751=CARTESIAN_POINT('',(-7275.09028277544,-17180.2386217906,215.526146905663));
#3752=CARTESIAN_POINT('Origin',(-11314.657542651,-11314.657542651,1506.35934765052));
#3753=CARTESIAN_POINT('',(-6209.8610032481,-14593.690262799,2797.36932509715));
#3754=CARTESIAN_POINT('',(-6205.45759914336,-14598.0936669038,2797.36932509715));
#3755=CARTESIAN_POINT('',(-6681.97360383813,-15733.4709061107,1657.58868177821));
#3756=CARTESIAN_POINT('Origin',(-6926.30545310953,-16323.3401703415,0.));
#3757=CARTESIAN_POINT('',(-6209.9342265528,-14593.8670394943,2797.54610179245));
#3758=CARTESIAN_POINT('',(-5667.73746993722,-13284.8882761984,1488.5673384899));
#3759=CARTESIAN_POINT('',(-6682.04104187623,-15733.6337159369,1657.77942534986));
#3760=CARTESIAN_POINT('Origin',(-14598.2186669038,-6205.58259914336,2797.54610179245));
#3761=CARTESIAN_POINT('',(-6205.58259914336,-14598.2186669038,2797.54610179245));
#3762=CARTESIAN_POINT('Origin',(-11314.7825426533,-11314.7825426533,1506.53612434906));
#3763=CARTESIAN_POINT('Origin',(-6926.30545310953,-16323.3401703415,0.));
#3764=CARTESIAN_POINT('',(-7279.44191018487,-17175.8869943811,215.526146905663));
#3765=CARTESIAN_POINT('',(-7190.16805709053,-16960.3608474755,4.61439596042422E-12));
#3766=CARTESIAN_POINT('',(-6610.49473882646,-15560.9056607766,-1399.45518669889));
#3767=CARTESIAN_POINT('',(-7368.71576327921,-17391.4131412868,3.40346287455076E-12));
#3768=CARTESIAN_POINT('',(-6948.84800698694,-16377.7627096428,1013.65043164398));
#3769=CARTESIAN_POINT('',(-7279.44191018487,-17175.8869943811,-215.526146905655));
#3770=CARTESIAN_POINT('',(-7249.61774838937,-17103.885098488,-287.528042798765));
#3771=CARTESIAN_POINT('',(-6866.62755368172,-16179.2649761689,781.095871306576));
#3772=CARTESIAN_POINT('Origin',(-7364.36413586978,-17395.7647686962,3.40372933487967E-12));
#3773=CARTESIAN_POINT('',(-17391.4131412868,-7368.71576327923,2.78974966141079E-12));
#3774=CARTESIAN_POINT('',(-7252.07385309433,-17508.0550514717,3.41060513164848E-12));
#3775=CARTESIAN_POINT('',(-17175.8869943811,-7279.44191018494,-215.526146905656));
#3776=CARTESIAN_POINT('',(-16080.1143873951,-6825.55803509482,-1311.29875389138));
#3777=CARTESIAN_POINT('',(-7099.67385309434,-17355.6550514717,-215.526146905655));
#3778=CARTESIAN_POINT('Origin',(-12303.864452283,-12303.864452283,107.763073452833));
#3779=CARTESIAN_POINT('',(-17175.8869943811,-7279.44191018489,215.526146905663));
#3780=CARTESIAN_POINT('',(-7275.09028277544,-17180.2386217906,215.526146905663));
#3781=CARTESIAN_POINT('',(-16706.9879095046,-7085.21754984472,684.425231782132));
#3782=CARTESIAN_POINT('Origin',(-17543.8131412868,-7431.84191018487,0.));
#3783=CARTESIAN_POINT('',(-16960.3608474754,-7190.1680570906,4.01614419403435E-12));
#3784=CARTESIAN_POINT('',(-17226.0983581601,-7300.24013804737,265.737510684616));
#3785=CARTESIAN_POINT('',(-16508.4901760307,-7002.99709653957,451.870671444714));
#3786=CARTESIAN_POINT('Origin',(-17180.2386217906,-7275.09028277544,215.526146905663));
#3787=CARTESIAN_POINT('',(-7122.69028277544,-17027.8386217906,4.61852778244065E-12));
#3788=CARTESIAN_POINT('Origin',(-12151.464452283,-12151.464452283,-107.763073452827));
#3789=CARTESIAN_POINT('Origin',(-290.839408597468,-290.839408597469,11621.2367009811));
#3790=CARTESIAN_POINT('',(-409.395177446729,-4.62046354401395,11621.2367009811));
#3791=CARTESIAN_POINT('',(-409.395177446729,-4.62046354401395,11011.6367009811));
#3792=CARTESIAN_POINT('',(-409.395177446728,-4.62046354401373,11621.2367009811));
#3793=CARTESIAN_POINT('',(-292.753267261849,-286.218945053454,11621.2367009811));
#3794=CARTESIAN_POINT('',(-326.536431294275,-204.659172266498,11621.2367009811));
#3795=CARTESIAN_POINT('',(-292.753267261849,-286.218945053454,11011.6367009811));
#3796=CARTESIAN_POINT('',(-292.753267261849,-286.218945053454,11621.2367009811));
#3797=CARTESIAN_POINT('',(-326.536431294275,-204.659172266498,11011.6367009811));
#3798=CARTESIAN_POINT('Origin',(-5886.81835049056,-2273.44342867544,11621.2367009811));
#3799=CARTESIAN_POINT('',(-4106.29606965073,-1535.92695184411,11011.6367009811));
#3800=CARTESIAN_POINT('',(-398.24039169432,7.08579359778076E-14,11011.6367009811));
#3801=CARTESIAN_POINT('',(-6399.40323019789,-2485.76303771761,10040.5788503285));
#3802=CARTESIAN_POINT('Origin',(-4106.29606965071,-1535.92695184413,7354.03670098111));
#3803=CARTESIAN_POINT('',(-15534.9198992212,-6269.81794131258,905.062181305097));
#3804=CARTESIAN_POINT('',(-16439.9820805263,-6644.70697160012,0.));
#3805=CARTESIAN_POINT('',(-16439.9820805263,-6644.70697160012,-1333.72294315102));
#3806=CARTESIAN_POINT('Origin',(-13623.9972654319,-5478.28786975137,-1333.72294315102));
#3807=CARTESIAN_POINT('',(-16439.9820805263,-6644.70697160012,-1524.));
#3808=CARTESIAN_POINT('',(-16439.9820805263,-6644.70697160012,0.));
#3809=CARTESIAN_POINT('',(-17660.4550514717,-7150.24342867544,-1524.));
#3810=CARTESIAN_POINT('',(-17566.3760065641,-7111.27461233963,-1524.));
#3811=CARTESIAN_POINT('',(-17660.4550514717,-7150.24342867544,0.));
#3812=CARTESIAN_POINT('',(-17660.4550514717,-7150.24342867544,0.));
#3813=CARTESIAN_POINT('',(-6039.21835049056,-2336.56957558109,11621.2367009811));
#3814=CARTESIAN_POINT('',(-17660.4550514717,-7150.24342867544,0.));
#3815=CARTESIAN_POINT('',(-398.24039169432,7.08579359778076E-14,11621.2367009811));
#3816=CARTESIAN_POINT('Origin',(-4024.39425283042,-1733.65542879468,7354.03670098111));
#3817=CARTESIAN_POINT('',(-3989.65415946585,-1817.52543335355,11011.6367009811));
#3818=CARTESIAN_POINT('',(-6282.76132001301,-2767.36151922706,10040.5788503285));
#3819=CARTESIAN_POINT('Origin',(-3989.65415946587,-1817.52543335349,7354.03670098111));
#3820=CARTESIAN_POINT('',(-6317.50141337761,-2683.49151466814,10040.5788503285));
#3821=CARTESIAN_POINT('',(-4024.39425283042,-1733.65542879468,11011.6367009811));
#3822=CARTESIAN_POINT('Origin',(-16323.3401703415,-6926.30545310957,0.));
#3823=CARTESIAN_POINT('',(-15418.2779890364,-6551.41642282202,905.062181305097));
#3824=CARTESIAN_POINT('',(-16323.3401703415,-6926.30545310957,0.));
#3825=CARTESIAN_POINT('',(-15476.5989441288,-6410.61718206731,905.062181305098));
#3826=CARTESIAN_POINT('Origin',(-13565.6763103395,-5619.0871105061,-1333.72294315102));
#3827=CARTESIAN_POINT('',(-16323.3401703415,-6926.30545310957,-1333.72294315102));
#3828=CARTESIAN_POINT('Origin',(-13507.355355247,-5759.88635126081,-1333.72294315102));
#3829=CARTESIAN_POINT('',(-16381.6611254339,-6785.50621235485,-1333.72294315102));
#3830=CARTESIAN_POINT('Origin',(-16439.9820805263,-6644.70697160012,0.));
#3831=CARTESIAN_POINT('',(-16323.3401703415,-6926.30545310957,-1524.));
#3832=CARTESIAN_POINT('',(-16323.3401703415,-6926.30545310957,0.));
#3833=CARTESIAN_POINT('',(-16323.3401703415,-6926.30545310957,-1524.));
#3834=CARTESIAN_POINT('Origin',(-17543.8131412868,-7431.84191018487,0.));
#3835=CARTESIAN_POINT('',(-17543.8131412868,-7431.84191018487,0.));
#3836=CARTESIAN_POINT('',(-17543.8131412868,-7431.84191018487,0.));
#3837=CARTESIAN_POINT('',(-17543.8131412868,-7431.84191018487,-1524.));
#3838=CARTESIAN_POINT('',(-17543.8131412868,-7431.84191018487,-1524.));
#3839=CARTESIAN_POINT('',(-17543.8131412868,-7431.84191018487,0.));
#3840=CARTESIAN_POINT('Origin',(-16991.8976109066,-7038.2744408925,-1524.));
#3841=CARTESIAN_POINT('',(-17543.8131412868,-7431.84191018487,-1524.));
#3842=CARTESIAN_POINT('Origin',(-17660.4550514717,-7150.24342867544,0.));
#3843=CARTESIAN_POINT('',(-5922.57644030568,-2618.16805709052,11621.2367009811));
#3844=CARTESIAN_POINT('',(-17543.8131412868,-7431.84191018487,0.));
#3845=CARTESIAN_POINT('',(-5922.57644030568,-2618.16805709052,11621.2367009811));
#3846=CARTESIAN_POINT('Origin',(-3084.208416,-1245.95788163961,11621.2367009811));
#3847=CARTESIAN_POINT('',(-281.598481509441,-281.598481509441,11621.2367009811));
#3848=CARTESIAN_POINT('Origin',(-281.598481509441,-281.598481509441,11621.2367009811));
#3849=CARTESIAN_POINT('',(-281.598481509441,-281.598481509441,11011.6367009811));
#3850=CARTESIAN_POINT('Origin',(-3084.208416,-1245.95788163961,11011.6367009811));
#3851=CARTESIAN_POINT('Origin',(1245.95788163961,-3008.008416,11011.6367009811));
#3852=CARTESIAN_POINT('',(4.62046354401391,-409.395177446729,11011.6367009811));
#3853=CARTESIAN_POINT('',(286.218945053455,-292.753267261849,11011.6367009811));
#3854=CARTESIAN_POINT('',(218.129556448102,-320.956815475878,11011.6367009811));
#3855=CARTESIAN_POINT('',(1817.52543335355,-3989.65415946585,11011.6367009811));
#3856=CARTESIAN_POINT('',(281.598481509441,-281.598481509441,11011.6367009811));
#3857=CARTESIAN_POINT('',(1535.92695184411,-4106.29606965072,11011.6367009811));
#3858=CARTESIAN_POINT('',(1747.12581297628,-4018.81463701203,11011.6367009811));
#3859=CARTESIAN_POINT('',(1.75691944611475E-14,-398.24039169432,11011.6367009811));
#3860=CARTESIAN_POINT('Origin',(2210.31728176978,-5734.41835049055,11621.2367009811));
#3861=CARTESIAN_POINT('',(4.62046354401391,-409.395177446729,11621.2367009811));
#3862=CARTESIAN_POINT('',(4.62046354401389,-409.395177446728,11621.2367009811));
#3863=CARTESIAN_POINT('',(2485.76303771761,-6399.40323019788,10040.5788503285));
#3864=CARTESIAN_POINT('Origin',(1535.92695184413,-4106.29606965071,7354.03670098111));
#3865=CARTESIAN_POINT('',(6269.81794131258,-15534.9198992212,905.062181305097));
#3866=CARTESIAN_POINT('',(6644.70697160013,-16439.9820805263,0.));
#3867=CARTESIAN_POINT('',(6644.70697160013,-16439.9820805263,-1333.72294315102));
#3868=CARTESIAN_POINT('Origin',(5478.28786975137,-13623.9972654319,-1333.72294315102));
#3869=CARTESIAN_POINT('',(6644.70697160013,-16439.9820805263,-1524.));
#3870=CARTESIAN_POINT('',(6644.70697160013,-16439.9820805263,0.));
#3871=CARTESIAN_POINT('',(7150.24342867544,-17660.4550514717,-1524.));
#3872=CARTESIAN_POINT('',(7111.27461233963,-17566.3760065641,-1524.));
#3873=CARTESIAN_POINT('',(7150.24342867544,-17660.4550514717,0.));
#3874=CARTESIAN_POINT('',(7150.24342867544,-17660.4550514717,0.));
#3875=CARTESIAN_POINT('',(2336.56957558109,-6039.21835049056,11621.2367009811));
#3876=CARTESIAN_POINT('',(7150.24342867544,-17660.4550514717,0.));
#3877=CARTESIAN_POINT('',(1.75691944611475E-14,-398.24039169432,11621.2367009811));
#3878=CARTESIAN_POINT('Origin',(7150.24342867544,-17660.4550514717,0.));
#3879=CARTESIAN_POINT('',(7431.84191018487,-17543.8131412868,0.));
#3880=CARTESIAN_POINT('',(7431.84191018487,-17543.8131412868,0.));
#3881=CARTESIAN_POINT('',(2618.16805709052,-5922.57644030568,11621.2367009811));
#3882=CARTESIAN_POINT('',(7431.84191018487,-17543.8131412868,0.));
#3883=CARTESIAN_POINT('',(2618.16805709052,-5922.57644030568,11621.2367009811));
#3884=CARTESIAN_POINT('Origin',(7038.2744408925,-16991.8976109066,-1524.));
#3885=CARTESIAN_POINT('',(6926.30545310957,-16323.3401703415,-1524.));
#3886=CARTESIAN_POINT('',(7431.84191018487,-17543.8131412868,-1524.));
#3887=CARTESIAN_POINT('',(7431.84191018487,-17543.8131412868,-1524.));
#3888=CARTESIAN_POINT('',(7431.84191018487,-17543.8131412868,-1524.));
#3889=CARTESIAN_POINT('',(6926.30545310957,-16323.3401703415,-1524.));
#3890=CARTESIAN_POINT('Origin',(7431.84191018487,-17543.8131412868,0.));
#3891=CARTESIAN_POINT('',(7431.84191018487,-17543.8131412868,0.));
#3892=CARTESIAN_POINT('Origin',(6644.70697160013,-16439.9820805263,0.));
#3893=CARTESIAN_POINT('',(6926.30545310957,-16323.3401703415,-1333.72294315102));
#3894=CARTESIAN_POINT('',(6785.50621235485,-16381.6611254339,-1333.72294315102));
#3895=CARTESIAN_POINT('',(6926.30545310957,-16323.3401703415,0.));
#3896=CARTESIAN_POINT('Origin',(5619.0871105061,-13565.6763103395,-1333.72294315102));
#3897=CARTESIAN_POINT('',(6551.41642282202,-15418.2779890364,905.062181305097));
#3898=CARTESIAN_POINT('Origin',(5759.88635126081,-13507.355355247,-1333.72294315102));
#3899=CARTESIAN_POINT('',(6410.61718206731,-15476.5989441288,905.062181305098));
#3900=CARTESIAN_POINT('Origin',(6926.30545310957,-16323.3401703415,0.));
#3901=CARTESIAN_POINT('',(2767.36151922705,-6282.76132001301,10040.5788503285));
#3902=CARTESIAN_POINT('',(2696.96189884974,-6311.92179755921,10040.5788503285));
#3903=CARTESIAN_POINT('',(6926.30545310957,-16323.3401703415,0.));
#3904=CARTESIAN_POINT('Origin',(1747.12581297628,-4018.81463701203,7354.03670098111));
#3905=CARTESIAN_POINT('Origin',(1817.52543335349,-3989.65415946587,7354.03670098111));
#3906=CARTESIAN_POINT('Origin',(1245.95788163961,-3008.008416,11621.2367009811));
#3907=CARTESIAN_POINT('',(286.218945053455,-292.753267261849,11621.2367009811));
#3908=CARTESIAN_POINT('',(218.129556448102,-320.956815475878,11621.2367009811));
#3909=CARTESIAN_POINT('',(281.598481509441,-281.598481509441,11621.2367009811));
#3910=CARTESIAN_POINT('Origin',(281.598481509441,-281.598481509441,11621.2367009811));
#3911=CARTESIAN_POINT('',(286.218945053455,-292.753267261849,11621.2367009811));
#3912=CARTESIAN_POINT('Origin',(290.839408597468,-290.839408597468,11621.2367009811));
#3913=CARTESIAN_POINT('Origin',(-1.06581410364015E-13,-411.30903611111,
11621.2367009811));
#3914=CARTESIAN_POINT('',(-286.218945053455,-292.753267261849,11621.2367009811));
#3915=CARTESIAN_POINT('',(-286.218945053455,-292.753267261849,11011.6367009811));
#3916=CARTESIAN_POINT('',(-286.218945053454,-292.753267261849,11621.2367009811));
#3917=CARTESIAN_POINT('',(-4.62046354401374,-409.395177446729,11621.2367009811));
#3918=CARTESIAN_POINT('',(-72.7098521493684,-381.191629232698,11621.2367009811));
#3919=CARTESIAN_POINT('',(-4.6204635440138,-409.395177446729,11011.6367009811));
#3920=CARTESIAN_POINT('',(-4.62046354401372,-409.395177446729,11621.2367009811));
#3921=CARTESIAN_POINT('',(-72.7098521493684,-381.191629232698,11011.6367009811));
#3922=CARTESIAN_POINT('Origin',(-2491.91576327922,-5617.77644030568,11621.2367009811));
#3923=CARTESIAN_POINT('',(-1817.52543335355,-3989.65415946584,11011.6367009811));
#3924=CARTESIAN_POINT('',(-281.598481509441,-281.598481509441,11011.6367009811));
#3925=CARTESIAN_POINT('',(-2767.36151922703,-6282.76132001301,10040.5788503285));
#3926=CARTESIAN_POINT('Origin',(-1817.52543335352,-3989.65415946585,7354.03670098111));
#3927=CARTESIAN_POINT('',(-6551.41642282198,-15418.2779890364,905.062181305097));
#3928=CARTESIAN_POINT('',(-6926.30545310953,-16323.3401703415,0.));
#3929=CARTESIAN_POINT('',(-6926.30545310953,-16323.3401703415,-1333.72294315102));
#3930=CARTESIAN_POINT('Origin',(-5759.88635126069,-13507.3553552471,-1333.72294315102));
#3931=CARTESIAN_POINT('',(-6926.30545310953,-16323.3401703415,-1524.));
#3932=CARTESIAN_POINT('',(-6926.30545310953,-16323.3401703415,0.));
#3933=CARTESIAN_POINT('',(-7431.84191018488,-17543.8131412868,-1524.));
#3934=CARTESIAN_POINT('',(-7392.87309384905,-17449.7340963792,-1524.));
#3935=CARTESIAN_POINT('',(-7431.84191018488,-17543.8131412868,0.));
#3936=CARTESIAN_POINT('',(-7431.84191018488,-17543.8131412868,0.));
#3937=CARTESIAN_POINT('',(-2618.16805709055,-5922.57644030567,11621.2367009811));
#3938=CARTESIAN_POINT('',(-7431.84191018488,-17543.8131412868,0.));
#3939=CARTESIAN_POINT('',(-281.598481509441,-281.598481509441,11621.2367009811));
#3940=CARTESIAN_POINT('Origin',(-1245.95788163961,-3008.008416,11011.6367009811));
#3941=CARTESIAN_POINT('',(-1535.9269518441,-4106.29606965073,11011.6367009811));
#3942=CARTESIAN_POINT('',(0.,-398.24039169432,11011.6367009811));
#3943=CARTESIAN_POINT('',(-1606.32657222137,-4077.13559210454,11011.6367009811));
#3944=CARTESIAN_POINT('Origin',(-1606.32657222137,-4077.13559210454,7354.03670098111));
#3945=CARTESIAN_POINT('',(-2485.76303771759,-6399.4032301979,10040.5788503285));
#3946=CARTESIAN_POINT('Origin',(-1535.92695184416,-4106.2960696507,7354.03670098111));
#3947=CARTESIAN_POINT('',(-2556.1626580949,-6370.24275265169,10040.5788503285));
#3948=CARTESIAN_POINT('Origin',(-6644.70697160009,-16439.9820805264,0.));
#3949=CARTESIAN_POINT('',(-6269.81794131254,-15534.9198992213,905.062181305097));
#3950=CARTESIAN_POINT('',(-6644.70697160009,-16439.9820805264,0.));
#3951=CARTESIAN_POINT('',(-6410.61718206724,-15476.5989441288,905.062181305098));
#3952=CARTESIAN_POINT('Origin',(-5619.08711050597,-13565.6763103395,-1333.72294315102));
#3953=CARTESIAN_POINT('',(-6644.70697160009,-16439.9820805264,-1333.72294315102));
#3954=CARTESIAN_POINT('Origin',(-5478.28786975126,-13623.997265432,-1333.72294315102));
#3955=CARTESIAN_POINT('',(-6785.5062123548,-16381.6611254339,-1333.72294315102));
#3956=CARTESIAN_POINT('Origin',(-6926.30545310953,-16323.3401703415,0.));
#3957=CARTESIAN_POINT('',(-6644.70697160009,-16439.9820805264,-1524.));
#3958=CARTESIAN_POINT('',(-6644.70697160009,-16439.9820805264,0.));
#3959=CARTESIAN_POINT('',(-6644.70697160009,-16439.9820805264,-1524.));
#3960=CARTESIAN_POINT('Origin',(-7150.24342867545,-17660.4550514717,0.));
#3961=CARTESIAN_POINT('',(-7150.24342867545,-17660.4550514717,0.));
#3962=CARTESIAN_POINT('',(-7150.24342867545,-17660.4550514717,0.));
#3963=CARTESIAN_POINT('',(-7150.24342867545,-17660.4550514717,-1524.));
#3964=CARTESIAN_POINT('',(-7150.24342867545,-17660.4550514717,-1524.));
#3965=CARTESIAN_POINT('',(-7150.24342867545,-17660.4550514717,0.));
#3966=CARTESIAN_POINT('Origin',(-7038.27444089248,-16991.8976109066,-1524.));
#3967=CARTESIAN_POINT('',(-7150.24342867545,-17660.4550514717,-1524.));
#3968=CARTESIAN_POINT('Origin',(-7431.84191018488,-17543.8131412868,0.));
#3969=CARTESIAN_POINT('',(-2336.56957558112,-6039.21835049055,11621.2367009811));
#3970=CARTESIAN_POINT('',(-7150.24342867545,-17660.4550514717,0.));
#3971=CARTESIAN_POINT('',(-2336.56957558112,-6039.21835049055,11621.2367009811));
#3972=CARTESIAN_POINT('Origin',(-1245.95788163961,-3008.008416,11621.2367009811));
#3973=CARTESIAN_POINT('',(0.,-398.24039169432,11621.2367009811));
#3974=CARTESIAN_POINT('Origin',(-2.51214793389404E-14,-398.24039169432,
11621.2367009811));
#3975=CARTESIAN_POINT('',(0.,0.,0.));
#3976=CARTESIAN_POINT('',(0.,0.,0.));
#3977=UNCERTAINTY_MEASURE_WITH_UNIT(LENGTH_MEASURE(0.01),#3985,
'DISTANCE_ACCURACY_VALUE',
'Maximum model space distance between geometric entities at asserted c
onnectivities');
#3978=UNCERTAINTY_MEASURE_WITH_UNIT(LENGTH_MEASURE(0.01),#3985,
'DISTANCE_ACCURACY_VALUE',
'Maximum model space distance between geometric entities at asserted c
onnectivities');
#3979=UNCERTAINTY_MEASURE_WITH_UNIT(LENGTH_MEASURE(0.01),#3985,
'DISTANCE_ACCURACY_VALUE',
'Maximum model space distance between geometric entities at asserted c
onnectivities');
#3980=UNCERTAINTY_MEASURE_WITH_UNIT(LENGTH_MEASURE(0.01),#3985,
'DISTANCE_ACCURACY_VALUE',
'Maximum model space distance between geometric entities at asserted c
onnectivities');
#3981=(
GEOMETRIC_REPRESENTATION_CONTEXT(3)
GLOBAL_UNCERTAINTY_ASSIGNED_CONTEXT((#3977))
GLOBAL_UNIT_ASSIGNED_CONTEXT((#3985,#3987,#3988))
REPRESENTATION_CONTEXT('','3D')
);
#3982=(
GEOMETRIC_REPRESENTATION_CONTEXT(3)
GLOBAL_UNCERTAINTY_ASSIGNED_CONTEXT((#3978))
GLOBAL_UNIT_ASSIGNED_CONTEXT((#3985,#3987,#3988))
REPRESENTATION_CONTEXT('','3D')
);
#3983=(
GEOMETRIC_REPRESENTATION_CONTEXT(3)
GLOBAL_UNCERTAINTY_ASSIGNED_CONTEXT((#3979))
GLOBAL_UNIT_ASSIGNED_CONTEXT((#3985,#3987,#3988))
REPRESENTATION_CONTEXT('','3D')
);
#3984=(
GEOMETRIC_REPRESENTATION_CONTEXT(3)
GLOBAL_UNCERTAINTY_ASSIGNED_CONTEXT((#3980))
GLOBAL_UNIT_ASSIGNED_CONTEXT((#3985,#3987,#3988))
REPRESENTATION_CONTEXT('','3D')
);
#3985=(
LENGTH_UNIT()
NAMED_UNIT(*)
SI_UNIT(.MILLI.,.METRE.)
);
#3986=(
LENGTH_UNIT()
NAMED_UNIT(*)
SI_UNIT($,.METRE.)
);
#3987=(
NAMED_UNIT(*)
PLANE_ANGLE_UNIT()
SI_UNIT($,.RADIAN.)
);
#3988=(
NAMED_UNIT(*)
SI_UNIT($,.STERADIAN.)
SOLID_ANGLE_UNIT()
);
#3989=SHAPE_DEFINITION_REPRESENTATION(#3992,#3997);
#3990=SHAPE_DEFINITION_REPRESENTATION(#3993,#3998);
#3991=SHAPE_DEFINITION_REPRESENTATION(#3994,#3999);
#3992=PRODUCT_DEFINITION_SHAPE('',$,#4001);
#3993=PRODUCT_DEFINITION_SHAPE('',$,#4002);
#3994=PRODUCT_DEFINITION_SHAPE('',$,#4003);
#3995=PRODUCT_DEFINITION_SHAPE($,$,#17);
#3996=PRODUCT_DEFINITION_SHAPE($,$,#18);
#3997=SHAPE_REPRESENTATION('',(#2493,#2656,#2657),#3981);
#3998=SHAPE_REPRESENTATION('',(#2494),#3982);
#3999=SHAPE_REPRESENTATION('',(#2551),#3983);
#4000=PRODUCT_DEFINITION_CONTEXT('part definition',#4011,'design');
#4001=PRODUCT_DEFINITION('Octagon Full','Octagon Full',#4004,#4000);
#4002=PRODUCT_DEFINITION('Middle Slope','Middle Slope',#4005,#4000);
#4003=PRODUCT_DEFINITION('Right Slope','Right Slope',#4006,#4000);
#4004=PRODUCT_DEFINITION_FORMATION('',$,#4013);
#4005=PRODUCT_DEFINITION_FORMATION('',$,#4014);
#4006=PRODUCT_DEFINITION_FORMATION('',$,#4015);
#4007=PRODUCT_RELATED_PRODUCT_CATEGORY('Octagon Full','Octagon Full',(#4013));
#4008=PRODUCT_RELATED_PRODUCT_CATEGORY('Middle Slope','Middle Slope',(#4014));
#4009=PRODUCT_RELATED_PRODUCT_CATEGORY('Right Slope','Right Slope',(#4015));
#4010=APPLICATION_PROTOCOL_DEFINITION('international standard',
'automotive_design',2009,#4011);
#4011=APPLICATION_CONTEXT(
'Core Data for Automotive Mechanical Design Process');
#4012=PRODUCT_CONTEXT('part definition',#4011,'mechanical');
#4013=PRODUCT('Octagon Full','Octagon Full',$,(#4012));
#4014=PRODUCT('Middle Slope','Middle Slope',$,(#4012));
#4015=PRODUCT('Right Slope','Right Slope',$,(#4012));
#4016=PRESENTATION_STYLE_ASSIGNMENT((#4020));
#4017=PRESENTATION_STYLE_ASSIGNMENT((#4021));
#4018=PRESENTATION_STYLE_ASSIGNMENT((#4022));
#4019=PRESENTATION_STYLE_ASSIGNMENT((#4023));
#4020=SURFACE_STYLE_USAGE(.BOTH.,#4024);
#4021=SURFACE_STYLE_USAGE(.BOTH.,#4025);
#4022=SURFACE_STYLE_USAGE(.BOTH.,#4026);
#4023=SURFACE_STYLE_USAGE(.BOTH.,#4027);
#4024=SURFACE_SIDE_STYLE('',(#4028));
#4025=SURFACE_SIDE_STYLE('',(#4029));
#4026=SURFACE_SIDE_STYLE('',(#4030));
#4027=SURFACE_SIDE_STYLE('',(#4031));
#4028=SURFACE_STYLE_FILL_AREA(#4032);
#4029=SURFACE_STYLE_FILL_AREA(#4033);
#4030=SURFACE_STYLE_FILL_AREA(#4034);
#4031=SURFACE_STYLE_FILL_AREA(#4035);
#4032=FILL_AREA_STYLE('Steel - Satin',(#4036));
#4033=FILL_AREA_STYLE('Verrtical Beams',(#4037));
#4034=FILL_AREA_STYLE('Radial Beams',(#4038));
#4035=FILL_AREA_STYLE('Panels',(#4039));
#4036=FILL_AREA_STYLE_COLOUR('Steel - Satin',#4040);
#4037=FILL_AREA_STYLE_COLOUR('Verrtical Beams',#4041);
#4038=FILL_AREA_STYLE_COLOUR('Radial Beams',#4042);
#4039=FILL_AREA_STYLE_COLOUR('Panels',#4043);
#4040=COLOUR_RGB('Steel - Satin',0.627450980392157,0.627450980392157,0.627450980392157);
#4041=COLOUR_RGB('Verrtical Beams',0.643137254901961,0.141176470588235,
0.768627450980392);
#4042=COLOUR_RGB('Radial Beams',0.337254901960784,0.768627450980392,0.149019607843137);
#4043=COLOUR_RGB('Panels',0.768627450980392,0.207843137254902,0.152941176470588);
ENDSEC;
END-ISO-10303-21;
